<?xml version="1.0" encoding="utf-8"?><interfacedef loc="38:/opt/tinyos-release-tinyos-2_1_2//tos/interfaces/ActiveMessageAddress.nc" nicename="ActiveMessageAddress" qname="ActiveMessageAddress">
      <documentation loc="34:/opt/tinyos-release-tinyos-2_1_2//tos/interfaces/ActiveMessageAddress.nc">
        <short>
 </short>
        <long>
 @author Phil Levis
 @author David Moss
</long>
      </documentation>
      <function command="" loc="50:/opt/tinyos-release-tinyos-2_1_2//tos/interfaces/ActiveMessageAddress.nc" name="amAddress" provided="0" ref="0x2b61064df0e0">
        <documentation loc="47:/opt/tinyos-release-tinyos-2_1_2//tos/interfaces/ActiveMessageAddress.nc">
          <short>
 </short>
          <long>
 @return the active message address of this node
</long>
        </documentation>
        <interfacedef-ref nicename="ActiveMessageAddress" qname="ActiveMessageAddress"/>
        <type-function alignment="I:1" size="I:1">
          <type-int alignment="I:2" cname="unsigned int" size="I:2" unsigned="">
            <typename><typedef-ref name="am_addr_t" ref="0x2b6105d485b0"/></typename>
          </type-int>
          <function-parameters>
          </function-parameters>
        </type-function>
        <parameters>
        </parameters>
      </function>
      <function event="" loc="60:/opt/tinyos-release-tinyos-2_1_2//tos/interfaces/ActiveMessageAddress.nc" name="changed" provided="0" ref="0x2b61064dd070">
        <documentation loc="57:/opt/tinyos-release-tinyos-2_1_2//tos/interfaces/ActiveMessageAddress.nc">
          <short>
 Notification that the address or group settings changed.</short>
          <long>
 Notification that the address or group settings changed.
</long>
        </documentation>
        <interfacedef-ref nicename="ActiveMessageAddress" qname="ActiveMessageAddress"/>
        <type-function alignment="I:1" size="I:1">
          <type-void alignment="I:1" size="I:1"/>
          <function-parameters>
          </function-parameters>
        </type-function>
        <parameters>
        </parameters>
      </function>
      <function command="" loc="55:/opt/tinyos-release-tinyos-2_1_2//tos/interfaces/ActiveMessageAddress.nc" name="amGroup" provided="0" ref="0x2b61064df8c0">
        <documentation loc="52:/opt/tinyos-release-tinyos-2_1_2//tos/interfaces/ActiveMessageAddress.nc">
          <short>
 </short>
          <long>
 @return the group address of this node
</long>
        </documentation>
        <interfacedef-ref nicename="ActiveMessageAddress" qname="ActiveMessageAddress"/>
        <type-function alignment="I:1" size="I:1">
          <type-int alignment="I:1" cname="unsigned char" size="I:1" unsigned="">
            <typename><typedef-ref name="am_group_t" ref="0x2b6105d481d0"/></typename>
          </type-int>
          <function-parameters>
          </function-parameters>
        </type-function>
        <parameters>
        </parameters>
      </function>
      <function command="" loc="45:/opt/tinyos-release-tinyos-2_1_2//tos/interfaces/ActiveMessageAddress.nc" name="setAddress" provided="0" ref="0x2b61064e0860">
        <documentation loc="40:/opt/tinyos-release-tinyos-2_1_2//tos/interfaces/ActiveMessageAddress.nc">
          <short>
 Set the active message address of this node
 </short>
          <long>
 Set the active message address of this node
 @param group The node's group ID
 @param addr The node's active message address
</long>
        </documentation>
        <interfacedef-ref nicename="ActiveMessageAddress" qname="ActiveMessageAddress"/>
        <type-function alignment="I:1" size="I:1">
          <type-void alignment="I:1" size="I:1"/>
          <function-parameters>
            <type-int alignment="I:1" cname="unsigned char" size="I:1" unsigned="">
              <typename><typedef-ref name="am_group_t" ref="0x2b6105d481d0"/></typename>
            </type-int>
            <type-int alignment="I:2" cname="unsigned int" size="I:2" unsigned="">
              <typename><typedef-ref name="am_addr_t" ref="0x2b6105d485b0"/></typename>
            </type-int>
          </function-parameters>
        </type-function>
        <parameters>
          <variable loc="45:/opt/tinyos-release-tinyos-2_1_2//tos/interfaces/ActiveMessageAddress.nc" name="group" ref="0x2b61064e0280">
            <type-int alignment="I:1" cname="unsigned char" size="I:1" unsigned="">
              <typename><typedef-ref name="am_group_t" ref="0x2b6105d481d0"/></typename>
            </type-int>
          </variable>
          <variable loc="45:/opt/tinyos-release-tinyos-2_1_2//tos/interfaces/ActiveMessageAddress.nc" name="addr" ref="0x2b61064e05d0">
            <type-int alignment="I:2" cname="unsigned int" size="I:2" unsigned="">
              <typename><typedef-ref name="am_addr_t" ref="0x2b6105d485b0"/></typename>
            </type-int>
          </variable>
        </parameters>
      </function>
    </interfacedef>