<?xml version="1.0" encoding="utf-8"?><interfacedef loc="37:/opt/tinyos-release-tinyos-2_1_2//tos/chips/cc2420/interfaces/CC2420PacketBody.nc" nicename="CC2420PacketBody" qname="CC2420PacketBody">
      <documentation loc="32:/opt/tinyos-release-tinyos-2_1_2//tos/chips/cc2420/interfaces/CC2420PacketBody.nc">
        <short>
 Internal interface for the CC2420 to get portions of a packet.</short>
        <long>
 Internal interface for the CC2420 to get portions of a packet.
 @author David Moss
</long>
      </documentation>
      <function command="" loc="49:/opt/tinyos-release-tinyos-2_1_2//tos/chips/cc2420/interfaces/CC2420PacketBody.nc" name="getPayload" provided="0" ref="0x2b6106437020">
        <documentation loc="45:/opt/tinyos-release-tinyos-2_1_2//tos/chips/cc2420/interfaces/CC2420PacketBody.nc">
          <short>
 </short>
          <long>
 @return pointer to the payload region of the message, after any headers
    works with extended addressing mode
</long>
        </documentation>
        <interfacedef-ref nicename="CC2420PacketBody" qname="CC2420PacketBody"/>
        <type-function alignment="I:1" size="I:1">
          <type-pointer alignment="I:2" size="I:2">
            <type-int alignment="I:1" cname="unsigned char" size="I:1" unsigned="">
              <typename><typedef-ref name="uint8_t" ref="0x2b6104f08160"/></typename>
            </type-int>
          </type-pointer>
          <function-parameters>
            <type-pointer alignment="I:2" size="I:2">
              <type-tag alignment="I:1" size="I:152"><nx_struct-ref name="message_t" ref="0x2b6105d580c0"/>
                <typename><typedef-ref name="message_t" ref="0x2b6105d576f0"/></typename>
              </type-tag>
            </type-pointer>
          </function-parameters>
        </type-function>
        <parameters>
          <variable loc="49:/opt/tinyos-release-tinyos-2_1_2//tos/chips/cc2420/interfaces/CC2420PacketBody.nc" name="msg" ref="0x2b6106439c90">
            <type-pointer alignment="I:2" size="I:2">
              <type-tag alignment="I:1" size="I:152"><nx_struct-ref name="message_t" ref="0x2b6105d580c0"/>
                <typename><typedef-ref name="message_t" ref="0x2b6105d576f0"/></typename>
              </type-tag>
            </type-pointer>
          </variable>
        </parameters>
      </function>
      <function command="" loc="42:/opt/tinyos-release-tinyos-2_1_2//tos/chips/cc2420/interfaces/CC2420PacketBody.nc" name="getHeader" provided="0" ref="0x2b6106439490">
        <documentation loc="39:/opt/tinyos-release-tinyos-2_1_2//tos/chips/cc2420/interfaces/CC2420PacketBody.nc">
          <short>
 </short>
          <long>
 @return pointer to the cc2420_header_t of the given message
</long>
        </documentation>
        <interfacedef-ref nicename="CC2420PacketBody" qname="CC2420PacketBody"/>
        <type-function alignment="I:1" size="I:1">
          <type-pointer alignment="I:2" size="I:2">
            <type-tag alignment="I:1" size="I:12"><nx_struct-ref name="cc2420_header_t" ref="0x2b6105cfbec0"/>
              <typename><typedef-ref name="cc2420_header_t" ref="0x2b6105cf9c70"/></typename>
            </type-tag>
          </type-pointer>
          <function-parameters>
            <type-pointer alignment="I:2" size="I:2">
              <type-tag alignment="I:1" size="I:152"><nx_struct-ref name="message_t" ref="0x2b6105d580c0"/>
                <typename><typedef-ref name="message_t" ref="0x2b6105d576f0"/></typename>
              </type-tag>
            </type-pointer>
          </function-parameters>
        </type-function>
        <parameters>
          <variable loc="42:/opt/tinyos-release-tinyos-2_1_2//tos/chips/cc2420/interfaces/CC2420PacketBody.nc" name="msg" ref="0x2b6106439190">
            <type-pointer alignment="I:2" size="I:2">
              <type-tag alignment="I:1" size="I:152"><nx_struct-ref name="message_t" ref="0x2b6105d580c0"/>
                <typename><typedef-ref name="message_t" ref="0x2b6105d576f0"/></typename>
              </type-tag>
            </type-pointer>
          </variable>
        </parameters>
      </function>
      <function command="" loc="53:/opt/tinyos-release-tinyos-2_1_2//tos/chips/cc2420/interfaces/CC2420PacketBody.nc" name="getMetadata" provided="0" ref="0x2b6106436360">
        <documentation loc="50:/opt/tinyos-release-tinyos-2_1_2//tos/chips/cc2420/interfaces/CC2420PacketBody.nc">
          <short>
 </short>
          <long>
 @return pointer to the cc2420_metadata_t of the given message
</long>
        </documentation>
        <interfacedef-ref nicename="CC2420PacketBody" qname="CC2420PacketBody"/>
        <type-function alignment="I:1" size="I:1">
          <type-pointer alignment="I:2" size="I:2">
            <type-tag alignment="I:1" size="I:12"><nx_struct-ref name="cc2420_metadata_t" ref="0x2b6105cf77c0"/>
              <typename><typedef-ref name="cc2420_metadata_t" ref="0x2b6105cf50d0"/></typename>
            </type-tag>
          </type-pointer>
          <function-parameters>
            <type-pointer alignment="I:2" size="I:2">
              <type-tag alignment="I:1" size="I:152"><nx_struct-ref name="message_t" ref="0x2b6105d580c0"/>
                <typename><typedef-ref name="message_t" ref="0x2b6105d576f0"/></typename>
              </type-tag>
            </type-pointer>
          </function-parameters>
        </type-function>
        <parameters>
          <variable loc="53:/opt/tinyos-release-tinyos-2_1_2//tos/chips/cc2420/interfaces/CC2420PacketBody.nc" name="msg" ref="0x2b6106436060">
            <type-pointer alignment="I:2" size="I:2">
              <type-tag alignment="I:1" size="I:152"><nx_struct-ref name="message_t" ref="0x2b6105d580c0"/>
                <typename><typedef-ref name="message_t" ref="0x2b6105d576f0"/></typename>
              </type-tag>
            </type-pointer>
          </variable>
        </parameters>
      </function>
    </interfacedef>