<?xml version="1.0" encoding="utf-8"?><interfacedef loc="42:/opt/tinyos-release-tinyos-2_1_2//tos/chips/cc2420/interfaces/CC2420Transmit.nc" nicename="CC2420Transmit" qname="CC2420Transmit">
      <documentation loc="32:/opt/tinyos-release-tinyos-2_1_2//tos/chips/cc2420/interfaces/CC2420Transmit.nc">
        <short>
 Low-level abstraction for the transmit path implementaiton of the
 ChipCon CC2420 radio.</short>
        <long>
 Low-level abstraction for the transmit path implementaiton of the
 ChipCon CC2420 radio.

 @author Jonathan Hui &lt;jhui@archrock.com&gt;
 @version $Revision: 1.2 $ $Date: 2008-06-03 04:43:03 $
</long>
      </documentation>
      <function command="" loc="51:/opt/tinyos-release-tinyos-2_1_2//tos/chips/cc2420/interfaces/CC2420Transmit.nc" name="send" provided="0" ref="0x2b6106447ca0">
        <documentation loc="44:/opt/tinyos-release-tinyos-2_1_2//tos/chips/cc2420/interfaces/CC2420Transmit.nc">
          <short>
 Send a message

 </short>
          <long>
 Send a message

 @param p_msg message to send.
 @param useCca TRUE if this Tx should use clear channel assessments
 @return SUCCESS if the request was accepted, FAIL otherwise.
</long>
        </documentation>
        <interfacedef-ref nicename="CC2420Transmit" qname="CC2420Transmit"/>
        <type-function alignment="I:1" size="I:1">
          <type-int alignment="I:1" cname="unsigned char" size="I:1" unsigned="">
            <typename><typedef-ref name="error_t" ref="0x2b610586f980"/></typename>
          </type-int>
          <function-parameters>
            <type-pointer alignment="I:2" size="I:2">
              <type-tag alignment="I:1" size="I:152"><nx_struct-ref name="message_t" ref="0x2b6105d580c0"/>
                <typename><typedef-ref name="message_t" ref="0x2b6105d576f0"/></typename>
              </type-tag>
            </type-pointer>
            <type-int alignment="I:1" cname="unsigned char" size="I:1" unsigned="">
              <typename><typedef-ref name="bool" ref="0x2b610586b090"/></typename>
            </type-int>
          </function-parameters>
        </type-function>
        <parameters>
          <variable loc="51:/opt/tinyos-release-tinyos-2_1_2//tos/chips/cc2420/interfaces/CC2420Transmit.nc" name="p_msg" ref="0x2b61064476e0">
            <type-pointer alignment="I:2" size="I:2">
              <type-tag alignment="I:1" size="I:152"><nx_struct-ref name="message_t" ref="0x2b6105d580c0"/>
                <typename><typedef-ref name="message_t" ref="0x2b6105d576f0"/></typename>
              </type-tag>
            </type-pointer>
          </variable>
          <variable loc="51:/opt/tinyos-release-tinyos-2_1_2//tos/chips/cc2420/interfaces/CC2420Transmit.nc" name="useCca" ref="0x2b6106447a10">
            <type-int alignment="I:1" cname="unsigned char" size="I:1" unsigned="">
              <typename><typedef-ref name="bool" ref="0x2b610586b090"/></typename>
            </type-int>
          </variable>
        </parameters>
      </function>
      <function command="" loc="65:/opt/tinyos-release-tinyos-2_1_2//tos/chips/cc2420/interfaces/CC2420Transmit.nc" name="cancel" provided="0" ref="0x2b6106444020">
        <documentation loc="60:/opt/tinyos-release-tinyos-2_1_2//tos/chips/cc2420/interfaces/CC2420Transmit.nc">
          <short>
 Cancel sending of the message.</short>
          <long>
 Cancel sending of the message.

 @return SUCCESS if the request was accepted, FAIL otherwise.
</long>
        </documentation>
        <interfacedef-ref nicename="CC2420Transmit" qname="CC2420Transmit"/>
        <type-function alignment="I:1" size="I:1">
          <type-int alignment="I:1" cname="unsigned char" size="I:1" unsigned="">
            <typename><typedef-ref name="error_t" ref="0x2b610586f980"/></typename>
          </type-int>
          <function-parameters>
          </function-parameters>
        </type-function>
        <parameters>
        </parameters>
      </function>
      <function command="" loc="84:/opt/tinyos-release-tinyos-2_1_2//tos/chips/cc2420/interfaces/CC2420Transmit.nc" name="modify" provided="0" ref="0x2b6106442930">
        <documentation loc="75:/opt/tinyos-release-tinyos-2_1_2//tos/chips/cc2420/interfaces/CC2420Transmit.nc">
          <short>
 Modify the contents of a packet.</short>
          <long>
 Modify the contents of a packet. This command can only be used
 when an SFD capture event for the sending packet is signalled.

 @param offset in the message to start modifying.
 @param buf to data to write
 @param len of bytes to write
 @return SUCCESS if the request was accepted, FAIL otherwise.
</long>
        </documentation>
        <interfacedef-ref nicename="CC2420Transmit" qname="CC2420Transmit"/>
        <type-function alignment="I:1" size="I:1">
          <type-int alignment="I:1" cname="unsigned char" size="I:1" unsigned="">
            <typename><typedef-ref name="error_t" ref="0x2b610586f980"/></typename>
          </type-int>
          <function-parameters>
            <type-int alignment="I:1" cname="unsigned char" size="I:1" unsigned="">
              <typename><typedef-ref name="uint8_t" ref="0x2b6104f08160"/></typename>
            </type-int>
            <type-pointer alignment="I:2" size="I:2">
              <type-int alignment="I:1" cname="unsigned char" size="I:1" unsigned="">
                <typename><typedef-ref name="uint8_t" ref="0x2b6104f08160"/></typename>
              </type-int>
            </type-pointer>
            <type-int alignment="I:1" cname="unsigned char" size="I:1" unsigned="">
              <typename><typedef-ref name="uint8_t" ref="0x2b6104f08160"/></typename>
            </type-int>
          </function-parameters>
        </type-function>
        <parameters>
          <variable loc="84:/opt/tinyos-release-tinyos-2_1_2//tos/chips/cc2420/interfaces/CC2420Transmit.nc" name="offset" ref="0x2b6106443ab0">
            <type-int alignment="I:1" cname="unsigned char" size="I:1" unsigned="">
              <typename><typedef-ref name="uint8_t" ref="0x2b6104f08160"/></typename>
            </type-int>
          </variable>
          <variable loc="84:/opt/tinyos-release-tinyos-2_1_2//tos/chips/cc2420/interfaces/CC2420Transmit.nc" name="buf" ref="0x2b6106442360">
            <type-pointer alignment="I:2" size="I:2">
              <type-int alignment="I:1" cname="unsigned char" size="I:1" unsigned="">
                <typename><typedef-ref name="uint8_t" ref="0x2b6104f08160"/></typename>
              </type-int>
            </type-pointer>
          </variable>
          <variable loc="84:/opt/tinyos-release-tinyos-2_1_2//tos/chips/cc2420/interfaces/CC2420Transmit.nc" name="len" ref="0x2b6106442690">
            <type-int alignment="I:1" cname="unsigned char" size="I:1" unsigned="">
              <typename><typedef-ref name="uint8_t" ref="0x2b6104f08160"/></typename>
            </type-int>
          </variable>
        </parameters>
      </function>
      <function event="" loc="73:/opt/tinyos-release-tinyos-2_1_2//tos/chips/cc2420/interfaces/CC2420Transmit.nc" name="sendDone" provided="0" ref="0x2b61064432b0">
        <documentation loc="67:/opt/tinyos-release-tinyos-2_1_2//tos/chips/cc2420/interfaces/CC2420Transmit.nc">
          <short>
 Signal that a message has been sent

 </short>
          <long>
 Signal that a message has been sent

 @param p_msg message to send.
 @param error notifaction of how the operation went.
</long>
        </documentation>
        <interfacedef-ref nicename="CC2420Transmit" qname="CC2420Transmit"/>
        <type-function alignment="I:1" size="I:1">
          <type-void alignment="I:1" size="I:1"/>
          <function-parameters>
            <type-pointer alignment="I:2" size="I:2">
              <type-tag alignment="I:1" size="I:152"><nx_struct-ref name="message_t" ref="0x2b6105d580c0"/>
                <typename><typedef-ref name="message_t" ref="0x2b6105d576f0"/></typename>
              </type-tag>
            </type-pointer>
            <type-int alignment="I:1" cname="unsigned char" size="I:1" unsigned="">
              <typename><typedef-ref name="error_t" ref="0x2b610586f980"/></typename>
            </type-int>
          </function-parameters>
        </type-function>
        <parameters>
          <variable loc="73:/opt/tinyos-release-tinyos-2_1_2//tos/chips/cc2420/interfaces/CC2420Transmit.nc" name="p_msg" ref="0x2b6106444bb0">
            <type-pointer alignment="I:2" size="I:2">
              <type-tag alignment="I:1" size="I:152"><nx_struct-ref name="message_t" ref="0x2b6105d580c0"/>
                <typename><typedef-ref name="message_t" ref="0x2b6105d576f0"/></typename>
              </type-tag>
            </type-pointer>
          </variable>
          <variable loc="73:/opt/tinyos-release-tinyos-2_1_2//tos/chips/cc2420/interfaces/CC2420Transmit.nc" name="error" ref="0x2b6106443020">
            <type-int alignment="I:1" cname="unsigned char" size="I:1" unsigned="">
              <typename><typedef-ref name="error_t" ref="0x2b610586f980"/></typename>
            </type-int>
          </variable>
        </parameters>
      </function>
      <function command="" loc="58:/opt/tinyos-release-tinyos-2_1_2//tos/chips/cc2420/interfaces/CC2420Transmit.nc" name="resend" provided="0" ref="0x2b6106445780">
        <documentation loc="53:/opt/tinyos-release-tinyos-2_1_2//tos/chips/cc2420/interfaces/CC2420Transmit.nc">
          <short>
 Send the previous message again
 </short>
          <long>
 Send the previous message again
 @param useCca TRUE if this re-Tx should use clear channel assessments
 @return SUCCESS if the request was accepted, FAIL otherwise.
</long>
        </documentation>
        <interfacedef-ref nicename="CC2420Transmit" qname="CC2420Transmit"/>
        <type-function alignment="I:1" size="I:1">
          <type-int alignment="I:1" cname="unsigned char" size="I:1" unsigned="">
            <typename><typedef-ref name="error_t" ref="0x2b610586f980"/></typename>
          </type-int>
          <function-parameters>
            <type-int alignment="I:1" cname="unsigned char" size="I:1" unsigned="">
              <typename><typedef-ref name="bool" ref="0x2b610586b090"/></typename>
            </type-int>
          </function-parameters>
        </type-function>
        <parameters>
          <variable loc="58:/opt/tinyos-release-tinyos-2_1_2//tos/chips/cc2420/interfaces/CC2420Transmit.nc" name="useCca" ref="0x2b6106445500">
            <type-int alignment="I:1" cname="unsigned char" size="I:1" unsigned="">
              <typename><typedef-ref name="bool" ref="0x2b610586b090"/></typename>
            </type-int>
          </variable>
        </parameters>
      </function>
    </interfacedef>