<?xml version="1.0" encoding="utf-8"?><interfacedef loc="42:/opt/tinyos-release-tinyos-2_1_2//tos/lib/net/CollectionPacket.nc" nicename="CollectionPacket" qname="CollectionPacket">
      <function command="" loc="50:/opt/tinyos-release-tinyos-2_1_2//tos/lib/net/CollectionPacket.nc" name="setSequenceNumber" provided="0" ref="0x2b6107a16a20">
        <interfacedef-ref nicename="CollectionPacket" qname="CollectionPacket"/>
        <type-function alignment="I:1" size="I:1">
          <type-void alignment="I:1" size="I:1"/>
          <function-parameters>
            <type-pointer alignment="I:2" size="I:2">
              <type-tag alignment="I:1" size="I:152"><nx_struct-ref name="message_t" ref="0x2b6105d580c0"/>
                <typename><typedef-ref name="message_t" ref="0x2b6105d576f0"/></typename>
              </type-tag>
            </type-pointer>
            <type-int alignment="I:1" cname="unsigned char" size="I:1" unsigned="">
              <typename><typedef-ref name="uint8_t" ref="0x2b6104f08160"/></typename>
            </type-int>
          </function-parameters>
        </type-function>
        <parameters>
          <variable loc="50:/opt/tinyos-release-tinyos-2_1_2//tos/lib/net/CollectionPacket.nc" name="msg" ref="0x2b6107a16440">
            <type-pointer alignment="I:2" size="I:2">
              <type-tag alignment="I:1" size="I:152"><nx_struct-ref name="message_t" ref="0x2b6105d580c0"/>
                <typename><typedef-ref name="message_t" ref="0x2b6105d576f0"/></typename>
              </type-tag>
            </type-pointer>
          </variable>
          <variable loc="50:/opt/tinyos-release-tinyos-2_1_2//tos/lib/net/CollectionPacket.nc" name="seqno" ref="0x2b6107a16790">
            <type-int alignment="I:1" cname="unsigned char" size="I:1" unsigned="">
              <typename><typedef-ref name="uint8_t" ref="0x2b6104f08160"/></typename>
            </type-int>
          </variable>
        </parameters>
      </function>
      <function command="" loc="44:/opt/tinyos-release-tinyos-2_1_2//tos/lib/net/CollectionPacket.nc" name="setOrigin" provided="0" ref="0x2b6107a1ab00">
        <interfacedef-ref nicename="CollectionPacket" qname="CollectionPacket"/>
        <type-function alignment="I:1" size="I:1">
          <type-void alignment="I:1" size="I:1"/>
          <function-parameters>
            <type-pointer alignment="I:2" size="I:2">
              <type-tag alignment="I:1" size="I:152"><nx_struct-ref name="message_t" ref="0x2b6105d580c0"/>
                <typename><typedef-ref name="message_t" ref="0x2b6105d576f0"/></typename>
              </type-tag>
            </type-pointer>
            <type-int alignment="I:2" cname="unsigned int" size="I:2" unsigned="">
              <typename><typedef-ref name="am_addr_t" ref="0x2b6105d485b0"/></typename>
            </type-int>
          </function-parameters>
        </type-function>
        <parameters>
          <variable loc="44:/opt/tinyos-release-tinyos-2_1_2//tos/lib/net/CollectionPacket.nc" name="msg" ref="0x2b6107a1a520">
            <type-pointer alignment="I:2" size="I:2">
              <type-tag alignment="I:1" size="I:152"><nx_struct-ref name="message_t" ref="0x2b6105d580c0"/>
                <typename><typedef-ref name="message_t" ref="0x2b6105d576f0"/></typename>
              </type-tag>
            </type-pointer>
          </variable>
          <variable loc="44:/opt/tinyos-release-tinyos-2_1_2//tos/lib/net/CollectionPacket.nc" name="addr" ref="0x2b6107a1a870">
            <type-int alignment="I:2" cname="unsigned int" size="I:2" unsigned="">
              <typename><typedef-ref name="am_addr_t" ref="0x2b6105d485b0"/></typename>
            </type-int>
          </variable>
        </parameters>
      </function>
      <function command="" loc="47:/opt/tinyos-release-tinyos-2_1_2//tos/lib/net/CollectionPacket.nc" name="setType" provided="0" ref="0x2b6107a172b0">
        <interfacedef-ref nicename="CollectionPacket" qname="CollectionPacket"/>
        <type-function alignment="I:1" size="I:1">
          <type-void alignment="I:1" size="I:1"/>
          <function-parameters>
            <type-pointer alignment="I:2" size="I:2">
              <type-tag alignment="I:1" size="I:152"><nx_struct-ref name="message_t" ref="0x2b6105d580c0"/>
                <typename><typedef-ref name="message_t" ref="0x2b6105d576f0"/></typename>
              </type-tag>
            </type-pointer>
            <type-int alignment="I:1" cname="unsigned char" size="I:1" unsigned="">
              <typename><typedef-ref name="collection_id_t" ref="0x2b61074d67f0"/></typename>
            </type-int>
          </function-parameters>
        </type-function>
        <parameters>
          <variable loc="47:/opt/tinyos-release-tinyos-2_1_2//tos/lib/net/CollectionPacket.nc" name="msg" ref="0x2b6107a18c30">
            <type-pointer alignment="I:2" size="I:2">
              <type-tag alignment="I:1" size="I:152"><nx_struct-ref name="message_t" ref="0x2b6105d580c0"/>
                <typename><typedef-ref name="message_t" ref="0x2b6105d576f0"/></typename>
              </type-tag>
            </type-pointer>
          </variable>
          <variable loc="47:/opt/tinyos-release-tinyos-2_1_2//tos/lib/net/CollectionPacket.nc" name="id" ref="0x2b6107a17020">
            <type-int alignment="I:1" cname="unsigned char" size="I:1" unsigned="">
              <typename><typedef-ref name="collection_id_t" ref="0x2b61074d67f0"/></typename>
            </type-int>
          </variable>
        </parameters>
      </function>
      <function command="" loc="43:/opt/tinyos-release-tinyos-2_1_2//tos/lib/net/CollectionPacket.nc" name="getOrigin" provided="0" ref="0x2b6107a1dde0">
        <interfacedef-ref nicename="CollectionPacket" qname="CollectionPacket"/>
        <type-function alignment="I:1" size="I:1">
          <type-int alignment="I:2" cname="unsigned int" size="I:2" unsigned="">
            <typename><typedef-ref name="am_addr_t" ref="0x2b6105d485b0"/></typename>
          </type-int>
          <function-parameters>
            <type-pointer alignment="I:2" size="I:2">
              <type-tag alignment="I:1" size="I:152"><nx_struct-ref name="message_t" ref="0x2b6105d580c0"/>
                <typename><typedef-ref name="message_t" ref="0x2b6105d576f0"/></typename>
              </type-tag>
            </type-pointer>
          </function-parameters>
        </type-function>
        <parameters>
          <variable loc="43:/opt/tinyos-release-tinyos-2_1_2//tos/lib/net/CollectionPacket.nc" name="msg" ref="0x2b6107a1db60">
            <type-pointer alignment="I:2" size="I:2">
              <type-tag alignment="I:1" size="I:152"><nx_struct-ref name="message_t" ref="0x2b6105d580c0"/>
                <typename><typedef-ref name="message_t" ref="0x2b6105d576f0"/></typename>
              </type-tag>
            </type-pointer>
          </variable>
        </parameters>
      </function>
      <function command="" loc="49:/opt/tinyos-release-tinyos-2_1_2//tos/lib/net/CollectionPacket.nc" name="getSequenceNumber" provided="0" ref="0x2b6107a17cc0">
        <interfacedef-ref nicename="CollectionPacket" qname="CollectionPacket"/>
        <type-function alignment="I:1" size="I:1">
          <type-int alignment="I:1" cname="unsigned char" size="I:1" unsigned="">
            <typename><typedef-ref name="uint8_t" ref="0x2b6104f08160"/></typename>
          </type-int>
          <function-parameters>
            <type-pointer alignment="I:2" size="I:2">
              <type-tag alignment="I:1" size="I:152"><nx_struct-ref name="message_t" ref="0x2b6105d580c0"/>
                <typename><typedef-ref name="message_t" ref="0x2b6105d576f0"/></typename>
              </type-tag>
            </type-pointer>
          </function-parameters>
        </type-function>
        <parameters>
          <variable loc="49:/opt/tinyos-release-tinyos-2_1_2//tos/lib/net/CollectionPacket.nc" name="msg" ref="0x2b6107a17a40">
            <type-pointer alignment="I:2" size="I:2">
              <type-tag alignment="I:1" size="I:152"><nx_struct-ref name="message_t" ref="0x2b6105d580c0"/>
                <typename><typedef-ref name="message_t" ref="0x2b6105d576f0"/></typename>
              </type-tag>
            </type-pointer>
          </variable>
        </parameters>
      </function>
      <function command="" loc="46:/opt/tinyos-release-tinyos-2_1_2//tos/lib/net/CollectionPacket.nc" name="getType" provided="0" ref="0x2b6107a18550">
        <interfacedef-ref nicename="CollectionPacket" qname="CollectionPacket"/>
        <type-function alignment="I:1" size="I:1">
          <type-int alignment="I:1" cname="unsigned char" size="I:1" unsigned="">
            <typename><typedef-ref name="collection_id_t" ref="0x2b61074d67f0"/></typename>
          </type-int>
          <function-parameters>
            <type-pointer alignment="I:2" size="I:2">
              <type-tag alignment="I:1" size="I:152"><nx_struct-ref name="message_t" ref="0x2b6105d580c0"/>
                <typename><typedef-ref name="message_t" ref="0x2b6105d576f0"/></typename>
              </type-tag>
            </type-pointer>
          </function-parameters>
        </type-function>
        <parameters>
          <variable loc="46:/opt/tinyos-release-tinyos-2_1_2//tos/lib/net/CollectionPacket.nc" name="msg" ref="0x2b6107a182d0">
            <type-pointer alignment="I:2" size="I:2">
              <type-tag alignment="I:1" size="I:152"><nx_struct-ref name="message_t" ref="0x2b6105d580c0"/>
                <typename><typedef-ref name="message_t" ref="0x2b6105d576f0"/></typename>
              </type-tag>
            </type-pointer>
          </variable>
        </parameters>
      </function>
    </interfacedef>