<?xml version="1.0" encoding="utf-8"?><interfacedef loc="45:/opt/tinyos-release-tinyos-2_1_2//tos/lib/net/CollectionId.nc" nicename="CollectionId" qname="CollectionId">
      <function command="" loc="46:/opt/tinyos-release-tinyos-2_1_2//tos/lib/net/CollectionId.nc" name="fetch" provided="0" ref="0x2b61074d55a0">
        <interfacedef-ref nicename="CollectionId" qname="CollectionId"/>
        <type-function alignment="I:1" size="I:1">
          <type-int alignment="I:1" cname="unsigned char" size="I:1" unsigned="">
            <typename><typedef-ref name="collection_id_t" ref="0x2b61074d67f0"/></typename>
          </type-int>
          <function-parameters>
          </function-parameters>
        </type-function>
        <parameters>
        </parameters>
      </function>
    </interfacedef>