<?xml version="1.0" encoding="utf-8"?><interfacedef loc="47:/opt/tinyos-release-tinyos-2_1_2//tos/lib/net/TinySDN/CompareBit.nc" nicename="CompareBit" qname="CompareBit">
      <documentation loc="35:/opt/tinyos-release-tinyos-2_1_2//tos/lib/net/TinySDN/CompareBit.nc">
        <short> Link estimator asks the routing engine if this entry
 should be inserted into the neighbor table if the
 white bit on a link is set but there is no room for the link
 on the link table.</short>
        <long> Link estimator asks the routing engine if this entry
 should be inserted into the neighbor table if the
 white bit on a link is set but there is no room for the link
 on the link table. The return value is the &quot;pin bit&quot; - if true
 insert into the neighbor table. In the reference implementation
 the router will return true if the path through the source
 will be better than a path through at least one current neighbor.
@ author Omprakash Gnawali
@ Created: September 16, 2006
@date   $Date: 2010-06-29 22:07:49 $
</long>
      </documentation>
      <function event="" loc="51:/opt/tinyos-release-tinyos-2_1_2//tos/lib/net/TinySDN/CompareBit.nc" name="shouldInsert" provided="0" ref="0x2b61077c4e10">
        <interfacedef-ref nicename="CompareBit" qname="CompareBit"/>
        <type-function alignment="I:1" size="I:1">
          <type-int alignment="I:1" cname="unsigned char" size="I:1" unsigned="">
            <typename><typedef-ref name="bool" ref="0x2b610586b090"/></typename>
          </type-int>
          <function-parameters>
            <type-pointer alignment="I:2" size="I:2">
              <type-tag alignment="I:1" size="I:152"><nx_struct-ref name="message_t" ref="0x2b6105d580c0"/>
                <typename><typedef-ref name="message_t" ref="0x2b6105d576f0"/></typename>
              </type-tag>
            </type-pointer>
            <type-pointer alignment="I:2" size="I:2">
              <type-void alignment="I:1" size="I:1"/>
            </type-pointer>
            <type-int alignment="I:1" cname="unsigned char" size="I:1" unsigned="">
              <typename><typedef-ref name="uint8_t" ref="0x2b6104f08160"/></typename>
            </type-int>
          </function-parameters>
        </type-function>
        <parameters>
          <variable loc="51:/opt/tinyos-release-tinyos-2_1_2//tos/lib/net/TinySDN/CompareBit.nc" name="msg" ref="0x2b61077c4020">
            <type-pointer alignment="I:2" size="I:2">
              <type-tag alignment="I:1" size="I:152"><nx_struct-ref name="message_t" ref="0x2b6105d580c0"/>
                <typename><typedef-ref name="message_t" ref="0x2b6105d576f0"/></typename>
              </type-tag>
            </type-pointer>
          </variable>
          <variable loc="51:/opt/tinyos-release-tinyos-2_1_2//tos/lib/net/TinySDN/CompareBit.nc" name="payload" ref="0x2b61077c4840">
            <type-pointer alignment="I:2" size="I:2">
              <type-void alignment="I:1" size="I:1"/>
            </type-pointer>
          </variable>
          <variable loc="51:/opt/tinyos-release-tinyos-2_1_2//tos/lib/net/TinySDN/CompareBit.nc" name="len" ref="0x2b61077c4b70">
            <type-int alignment="I:1" cname="unsigned char" size="I:1" unsigned="">
              <typename><typedef-ref name="uint8_t" ref="0x2b6104f08160"/></typename>
            </type-int>
          </variable>
        </parameters>
      </function>
    </interfacedef>