<?xml version="1.0" encoding="utf-8"?><interfacedef loc="44:/opt/tinyos-release-tinyos-2_1_2//tos/lib/net/TinySDN/CtpInfo.nc" nicename="CtpInfo" qname="CtpInfo">
      <function command="" loc="96:/opt/tinyos-release-tinyos-2_1_2//tos/lib/net/TinySDN/CtpInfo.nc" name="getNeighborLinkQuality" provided="0" ref="0x2b610790b740">
        <interfacedef-ref nicename="CtpInfo" qname="CtpInfo"/>
        <type-function alignment="I:1" size="I:1">
          <type-int alignment="I:2" cname="unsigned int" size="I:2" unsigned="">
            <typename><typedef-ref name="uint16_t" ref="0x2b6104f08520"/></typename>
          </type-int>
          <function-parameters>
            <type-int alignment="I:1" cname="unsigned char" size="I:1" unsigned="">
              <typename><typedef-ref name="uint8_t" ref="0x2b6104f08160"/></typename>
            </type-int>
          </function-parameters>
        </type-function>
        <parameters>
          <variable loc="96:/opt/tinyos-release-tinyos-2_1_2//tos/lib/net/TinySDN/CtpInfo.nc" name="n" ref="0x2b610790b4c0">
            <type-int alignment="I:1" cname="unsigned char" size="I:1" unsigned="">
              <typename><typedef-ref name="uint8_t" ref="0x2b6104f08160"/></typename>
            </type-int>
          </variable>
        </parameters>
      </function>
      <function command="" loc="83:/opt/tinyos-release-tinyos-2_1_2//tos/lib/net/TinySDN/CtpInfo.nc" name="recomputeRoutes" provided="0" ref="0x2b610790ed80">
        <documentation loc="80:/opt/tinyos-release-tinyos-2_1_2//tos/lib/net/TinySDN/CtpInfo.nc">
          <short> 
 Tell the routing engine it might want to recompute its routes.</short>
          <long> 
 Tell the routing engine it might want to recompute its routes.
</long>
        </documentation>
        <interfacedef-ref nicename="CtpInfo" qname="CtpInfo"/>
        <type-function alignment="I:1" size="I:1">
          <type-void alignment="I:1" size="I:1"/>
          <function-parameters>
          </function-parameters>
        </type-function>
        <parameters>
        </parameters>
      </function>
      <function command="" loc="95:/opt/tinyos-release-tinyos-2_1_2//tos/lib/net/TinySDN/CtpInfo.nc" name="numNeighbors" provided="0" ref="0x2b610790cd30">
        <interfacedef-ref nicename="CtpInfo" qname="CtpInfo"/>
        <type-function alignment="I:1" size="I:1">
          <type-int alignment="I:1" cname="unsigned char" size="I:1" unsigned="">
            <typename><typedef-ref name="uint8_t" ref="0x2b6104f08160"/></typename>
          </type-int>
          <function-parameters>
          </function-parameters>
        </type-function>
        <parameters>
        </parameters>
      </function>
      <function command="" loc="71:/opt/tinyos-release-tinyos-2_1_2//tos/lib/net/TinySDN/CtpInfo.nc" name="triggerRouteUpdate" provided="0" ref="0x2b6107910c40">
        <documentation loc="66:/opt/tinyos-release-tinyos-2_1_2//tos/lib/net/TinySDN/CtpInfo.nc">
          <short>
 This informs the routing engine that sending a beacon soon is
 advisable, e.g., in response to a pull bit.</short>
          <long>
 This informs the routing engine that sending a beacon soon is
 advisable, e.g., in response to a pull bit.
</long>
        </documentation>
        <interfacedef-ref nicename="CtpInfo" qname="CtpInfo"/>
        <type-function alignment="I:1" size="I:1">
          <type-void alignment="I:1" size="I:1"/>
          <function-parameters>
          </function-parameters>
        </type-function>
        <parameters>
        </parameters>
      </function>
      <function command="" loc="64:/opt/tinyos-release-tinyos-2_1_2//tos/lib/net/TinySDN/CtpInfo.nc" name="getEtx" provided="0" ref="0x2b6107910350">
        <documentation loc="55:/opt/tinyos-release-tinyos-2_1_2//tos/lib/net/TinySDN/CtpInfo.nc">
          <short>
 Get the ETX for the current path to the root through the current
 parent.</short>
          <long>
 Get the ETX for the current path to the root through the current
 parent. Sets etx argument to ETX*10.  The pointer is allocated by
 the caller.  If the parent is invalid, return FAIL (no info).
 The caller MUST NOT use the value in parent if the return is not
 SUCCESS. Calling getEtx at the root will set the etx argument to
 0.
</long>
        </documentation>
        <interfacedef-ref nicename="CtpInfo" qname="CtpInfo"/>
        <type-function alignment="I:1" size="I:1">
          <type-int alignment="I:1" cname="unsigned char" size="I:1" unsigned="">
            <typename><typedef-ref name="error_t" ref="0x2b610586f980"/></typename>
          </type-int>
          <function-parameters>
            <type-pointer alignment="I:2" size="I:2">
              <type-int alignment="I:2" cname="unsigned int" size="I:2" unsigned="">
                <typename><typedef-ref name="uint16_t" ref="0x2b6104f08520"/></typename>
              </type-int>
            </type-pointer>
          </function-parameters>
        </type-function>
        <parameters>
          <variable loc="64:/opt/tinyos-release-tinyos-2_1_2//tos/lib/net/TinySDN/CtpInfo.nc" name="etx" ref="0x2b61079100d0">
            <type-pointer alignment="I:2" size="I:2">
              <type-int alignment="I:2" cname="unsigned int" size="I:2" unsigned="">
                <typename><typedef-ref name="uint16_t" ref="0x2b6104f08520"/></typename>
              </type-int>
            </type-pointer>
          </variable>
        </parameters>
      </function>
      <function command="" loc="78:/opt/tinyos-release-tinyos-2_1_2//tos/lib/net/TinySDN/CtpInfo.nc" name="triggerImmediateRouteUpdate" provided="0" ref="0x2b610790e530">
        <documentation loc="73:/opt/tinyos-release-tinyos-2_1_2//tos/lib/net/TinySDN/CtpInfo.nc">
          <short>
 This informs the routing engine that sending a beacon as soon
 as possible is advisable, e.g., due to queue overflow or
 a detected loop.</short>
          <long>
 This informs the routing engine that sending a beacon as soon
 as possible is advisable, e.g., due to queue overflow or
 a detected loop.
</long>
        </documentation>
        <interfacedef-ref nicename="CtpInfo" qname="CtpInfo"/>
        <type-function alignment="I:1" size="I:1">
          <type-void alignment="I:1" size="I:1"/>
          <function-parameters>
          </function-parameters>
        </type-function>
        <parameters>
        </parameters>
      </function>
      <function command="" loc="88:/opt/tinyos-release-tinyos-2_1_2//tos/lib/net/TinySDN/CtpInfo.nc" name="setNeighborCongested" provided="0" ref="0x2b610790db60">
        <documentation loc="85:/opt/tinyos-release-tinyos-2_1_2//tos/lib/net/TinySDN/CtpInfo.nc">
          <short>
 Informs the routing engine that a neighbor is congested
</short>
        </documentation>
        <interfacedef-ref nicename="CtpInfo" qname="CtpInfo"/>
        <type-function alignment="I:1" size="I:1">
          <type-void alignment="I:1" size="I:1"/>
          <function-parameters>
            <type-int alignment="I:2" cname="unsigned int" size="I:2" unsigned="">
              <typename><typedef-ref name="am_addr_t" ref="0x2b6105d485b0"/></typename>
            </type-int>
            <type-int alignment="I:1" cname="unsigned char" size="I:1" unsigned="">
              <typename><typedef-ref name="bool" ref="0x2b610586b090"/></typename>
            </type-int>
          </function-parameters>
        </type-function>
        <parameters>
          <variable loc="88:/opt/tinyos-release-tinyos-2_1_2//tos/lib/net/TinySDN/CtpInfo.nc" name="n" ref="0x2b610790d580">
            <type-int alignment="I:2" cname="unsigned int" size="I:2" unsigned="">
              <typename><typedef-ref name="am_addr_t" ref="0x2b6105d485b0"/></typename>
            </type-int>
          </variable>
          <variable loc="88:/opt/tinyos-release-tinyos-2_1_2//tos/lib/net/TinySDN/CtpInfo.nc" name="congested" ref="0x2b610790d8d0">
            <type-int alignment="I:1" cname="unsigned char" size="I:1" unsigned="">
              <typename><typedef-ref name="bool" ref="0x2b610586b090"/></typename>
            </type-int>
          </variable>
        </parameters>
      </function>
      <function command="" loc="98:/opt/tinyos-release-tinyos-2_1_2//tos/lib/net/TinySDN/CtpInfo.nc" name="getNeighborAddr" provided="0" ref="0x2b6107909c50">
        <interfacedef-ref nicename="CtpInfo" qname="CtpInfo"/>
        <type-function alignment="I:1" size="I:1">
          <type-int alignment="I:2" cname="unsigned int" size="I:2" unsigned="">
            <typename><typedef-ref name="am_addr_t" ref="0x2b6105d485b0"/></typename>
          </type-int>
          <function-parameters>
            <type-int alignment="I:1" cname="unsigned char" size="I:1" unsigned="">
              <typename><typedef-ref name="uint8_t" ref="0x2b6104f08160"/></typename>
            </type-int>
          </function-parameters>
        </type-function>
        <parameters>
          <variable loc="98:/opt/tinyos-release-tinyos-2_1_2//tos/lib/net/TinySDN/CtpInfo.nc" name="n" ref="0x2b61079099d0">
            <type-int alignment="I:1" cname="unsigned char" size="I:1" unsigned="">
              <typename><typedef-ref name="uint8_t" ref="0x2b6104f08160"/></typename>
            </type-int>
          </variable>
        </parameters>
      </function>
      <function command="" loc="53:/opt/tinyos-release-tinyos-2_1_2//tos/lib/net/TinySDN/CtpInfo.nc" name="getParent" provided="0" ref="0x2b6107911830">
        <documentation loc="46:/opt/tinyos-release-tinyos-2_1_2//tos/lib/net/TinySDN/CtpInfo.nc">
          <short>
 Get the parent of the node in the tree.</short>
          <long>
 Get the parent of the node in the tree.  The pointer is allocated
 by the caller.  If the parent is invalid, return FAIL.  The
 caller MUST NOT use the value in parent if the return is not
 SUCCESS.
</long>
        </documentation>
        <interfacedef-ref nicename="CtpInfo" qname="CtpInfo"/>
        <type-function alignment="I:1" size="I:1">
          <type-int alignment="I:1" cname="unsigned char" size="I:1" unsigned="">
            <typename><typedef-ref name="error_t" ref="0x2b610586f980"/></typename>
          </type-int>
          <function-parameters>
            <type-pointer alignment="I:2" size="I:2">
              <type-int alignment="I:2" cname="unsigned int" size="I:2" unsigned="">
                <typename><typedef-ref name="am_addr_t" ref="0x2b6105d485b0"/></typename>
              </type-int>
            </type-pointer>
          </function-parameters>
        </type-function>
        <parameters>
          <variable loc="53:/opt/tinyos-release-tinyos-2_1_2//tos/lib/net/TinySDN/CtpInfo.nc" name="parent" ref="0x2b61079115b0">
            <type-pointer alignment="I:2" size="I:2">
              <type-int alignment="I:2" cname="unsigned int" size="I:2" unsigned="">
                <typename><typedef-ref name="am_addr_t" ref="0x2b6105d485b0"/></typename>
              </type-int>
            </type-pointer>
          </variable>
        </parameters>
      </function>
      <function command="" loc="97:/opt/tinyos-release-tinyos-2_1_2//tos/lib/net/TinySDN/CtpInfo.nc" name="getNeighborRouteQuality" provided="0" ref="0x2b61079092a0">
        <interfacedef-ref nicename="CtpInfo" qname="CtpInfo"/>
        <type-function alignment="I:1" size="I:1">
          <type-int alignment="I:2" cname="unsigned int" size="I:2" unsigned="">
            <typename><typedef-ref name="uint16_t" ref="0x2b6104f08520"/></typename>
          </type-int>
          <function-parameters>
            <type-int alignment="I:1" cname="unsigned char" size="I:1" unsigned="">
              <typename><typedef-ref name="uint8_t" ref="0x2b6104f08160"/></typename>
            </type-int>
          </function-parameters>
        </type-function>
        <parameters>
          <variable loc="97:/opt/tinyos-release-tinyos-2_1_2//tos/lib/net/TinySDN/CtpInfo.nc" name="n" ref="0x2b6107909020">
            <type-int alignment="I:1" cname="unsigned char" size="I:1" unsigned="">
              <typename><typedef-ref name="uint8_t" ref="0x2b6104f08160"/></typename>
            </type-int>
          </variable>
        </parameters>
      </function>
      <function command="" loc="93:/opt/tinyos-release-tinyos-2_1_2//tos/lib/net/TinySDN/CtpInfo.nc" name="isNeighborCongested" provided="0" ref="0x2b610790c5a0">
        <documentation loc="90:/opt/tinyos-release-tinyos-2_1_2//tos/lib/net/TinySDN/CtpInfo.nc">
          <short>
  Returns the currently known state about a neighbor's congestion state
</short>
        </documentation>
        <interfacedef-ref nicename="CtpInfo" qname="CtpInfo"/>
        <type-function alignment="I:1" size="I:1">
          <type-int alignment="I:1" cname="unsigned char" size="I:1" unsigned="">
            <typename><typedef-ref name="bool" ref="0x2b610586b090"/></typename>
          </type-int>
          <function-parameters>
            <type-int alignment="I:2" cname="unsigned int" size="I:2" unsigned="">
              <typename><typedef-ref name="am_addr_t" ref="0x2b6105d485b0"/></typename>
            </type-int>
          </function-parameters>
        </type-function>
        <parameters>
          <variable loc="93:/opt/tinyos-release-tinyos-2_1_2//tos/lib/net/TinySDN/CtpInfo.nc" name="n" ref="0x2b610790c320">
            <type-int alignment="I:2" cname="unsigned int" size="I:2" unsigned="">
              <typename><typedef-ref name="am_addr_t" ref="0x2b6105d485b0"/></typename>
            </type-int>
          </variable>
        </parameters>
      </function>
    </interfacedef>