<?xml version="1.0" encoding="utf-8"?><interfacedef loc="38:/opt/tinyos-release-tinyos-2_1_2//tos/interfaces/GeneralIO.nc" nicename="GeneralIO" qname="GeneralIO">
      <documentation loc="34:/opt/tinyos-release-tinyos-2_1_2//tos/interfaces/GeneralIO.nc">
        <short>
 </short>
        <long>
 @author Joe Polastre
</long>
      </documentation>
      <function command="" loc="44:/opt/tinyos-release-tinyos-2_1_2//tos/interfaces/GeneralIO.nc" name="makeInput" provided="0" ref="0x2b6105fafe30">
        <interfacedef-ref nicename="GeneralIO" qname="GeneralIO"/>
        <type-function alignment="I:1" size="I:1">
          <type-void alignment="I:1" size="I:1"/>
          <function-parameters>
          </function-parameters>
        </type-function>
        <parameters>
        </parameters>
      </function>
      <function command="" loc="45:/opt/tinyos-release-tinyos-2_1_2//tos/interfaces/GeneralIO.nc" name="isInput" provided="0" ref="0x2b6105fae5c0">
        <interfacedef-ref nicename="GeneralIO" qname="GeneralIO"/>
        <type-function alignment="I:1" size="I:1">
          <type-int alignment="I:1" cname="unsigned char" size="I:1" unsigned="">
            <typename><typedef-ref name="bool" ref="0x2b610586b090"/></typename>
          </type-int>
          <function-parameters>
          </function-parameters>
        </type-function>
        <parameters>
        </parameters>
      </function>
      <function command="" loc="42:/opt/tinyos-release-tinyos-2_1_2//tos/interfaces/GeneralIO.nc" name="toggle" provided="0" ref="0x2b6105faf020">
        <interfacedef-ref nicename="GeneralIO" qname="GeneralIO"/>
        <type-function alignment="I:1" size="I:1">
          <type-void alignment="I:1" size="I:1"/>
          <function-parameters>
          </function-parameters>
        </type-function>
        <parameters>
        </parameters>
      </function>
      <function command="" loc="47:/opt/tinyos-release-tinyos-2_1_2//tos/interfaces/GeneralIO.nc" name="isOutput" provided="0" ref="0x2b6105fad480">
        <interfacedef-ref nicename="GeneralIO" qname="GeneralIO"/>
        <type-function alignment="I:1" size="I:1">
          <type-int alignment="I:1" cname="unsigned char" size="I:1" unsigned="">
            <typename><typedef-ref name="bool" ref="0x2b610586b090"/></typename>
          </type-int>
          <function-parameters>
          </function-parameters>
        </type-function>
        <parameters>
        </parameters>
      </function>
      <function command="" loc="43:/opt/tinyos-release-tinyos-2_1_2//tos/interfaces/GeneralIO.nc" name="get" provided="0" ref="0x2b6105faf720">
        <interfacedef-ref nicename="GeneralIO" qname="GeneralIO"/>
        <type-function alignment="I:1" size="I:1">
          <type-int alignment="I:1" cname="unsigned char" size="I:1" unsigned="">
            <typename><typedef-ref name="bool" ref="0x2b610586b090"/></typename>
          </type-int>
          <function-parameters>
          </function-parameters>
        </type-function>
        <parameters>
        </parameters>
      </function>
      <function command="" loc="46:/opt/tinyos-release-tinyos-2_1_2//tos/interfaces/GeneralIO.nc" name="makeOutput" provided="0" ref="0x2b6105faece0">
        <interfacedef-ref nicename="GeneralIO" qname="GeneralIO"/>
        <type-function alignment="I:1" size="I:1">
          <type-void alignment="I:1" size="I:1"/>
          <function-parameters>
          </function-parameters>
        </type-function>
        <parameters>
        </parameters>
      </function>
      <function command="" loc="40:/opt/tinyos-release-tinyos-2_1_2//tos/interfaces/GeneralIO.nc" name="set" provided="0" ref="0x2b6105f89120">
        <interfacedef-ref nicename="GeneralIO" qname="GeneralIO"/>
        <type-function alignment="I:1" size="I:1">
          <type-void alignment="I:1" size="I:1"/>
          <function-parameters>
          </function-parameters>
        </type-function>
        <parameters>
        </parameters>
      </function>
      <function command="" loc="41:/opt/tinyos-release-tinyos-2_1_2//tos/interfaces/GeneralIO.nc" name="clr" provided="0" ref="0x2b6105f897f0">
        <interfacedef-ref nicename="GeneralIO" qname="GeneralIO"/>
        <type-function alignment="I:1" size="I:1">
          <type-void alignment="I:1" size="I:1"/>
          <function-parameters>
          </function-parameters>
        </type-function>
        <parameters>
        </parameters>
      </function>
    </interfacedef>