<?xml version="1.0" encoding="utf-8"?><interfacedef loc="4:/opt/tinyos-release-tinyos-2_1_2//tos/chips/msp430/usart/HplMsp430I2C.nc" nicename="HplMsp430I2C" qname="HplMsp430I2C">
      <documentation loc="31:/opt/tinyos-release-tinyos-2_1_2//tos/chips/msp430/usart/msp430usart.h">
        <short>
 </short>
        <long>
 @author Vlado Handziski &lt;handzisk@tkn.tu-berlin.de&gt;
 @author Philipp Huppertz &lt;huppertz@tkn.tu-berlin.de&gt;
</long>
      </documentation>
      <function command="" loc="80:/opt/tinyos-release-tinyos-2_1_2//tos/chips/msp430/usart/HplMsp430I2C.nc" name="disableOwnAddress" provided="0" ref="0x2b610690a070">
        <interfacedef-ref nicename="HplMsp430I2C" qname="HplMsp430I2C"/>
        <type-function alignment="I:1" size="I:1">
          <type-void alignment="I:1" size="I:1"/>
          <function-parameters>
          </function-parameters>
        </type-function>
        <parameters>
        </parameters>
      </function>
      <function command="" loc="31:/opt/tinyos-release-tinyos-2_1_2//tos/chips/msp430/usart/HplMsp430I2C.nc" name="getStartByte" provided="0" ref="0x2b610691db10">
        <interfacedef-ref nicename="HplMsp430I2C" qname="HplMsp430I2C"/>
        <type-function alignment="I:1" size="I:1">
          <type-int alignment="I:1" cname="unsigned char" size="I:1" unsigned="">
            <typename><typedef-ref name="bool" ref="0x2b610586b090"/></typename>
          </type-int>
          <function-parameters>
          </function-parameters>
        </type-function>
        <parameters>
        </parameters>
      </function>
      <function command="" loc="62:/opt/tinyos-release-tinyos-2_1_2//tos/chips/msp430/usart/HplMsp430I2C.nc" name="setSlaveAddress" provided="0" ref="0x2b6106911d50">
        <interfacedef-ref nicename="HplMsp430I2C" qname="HplMsp430I2C"/>
        <type-function alignment="I:1" size="I:1">
          <type-void alignment="I:1" size="I:1"/>
          <function-parameters>
            <type-int alignment="I:2" cname="unsigned int" size="I:2" unsigned="">
              <typename><typedef-ref name="uint16_t" ref="0x2b6104f08520"/></typename>
            </type-int>
          </function-parameters>
        </type-function>
        <parameters>
          <variable loc="62:/opt/tinyos-release-tinyos-2_1_2//tos/chips/msp430/usart/HplMsp430I2C.nc" name="addr" ref="0x2b6106911ad0">
            <type-int alignment="I:2" cname="unsigned int" size="I:2" unsigned="">
              <typename><typedef-ref name="uint16_t" ref="0x2b6104f08520"/></typename>
            </type-int>
          </variable>
        </parameters>
      </function>
      <function command="" loc="11:/opt/tinyos-release-tinyos-2_1_2//tos/chips/msp430/usart/HplMsp430I2C.nc" name="setMasterMode" provided="0" ref="0x2b61068d6270">
        <interfacedef-ref nicename="HplMsp430I2C" qname="HplMsp430I2C"/>
        <type-function alignment="I:1" size="I:1">
          <type-void alignment="I:1" size="I:1"/>
          <function-parameters>
          </function-parameters>
        </type-function>
        <parameters>
        </parameters>
      </function>
      <function command="" loc="71:/opt/tinyos-release-tinyos-2_1_2//tos/chips/msp430/usart/HplMsp430I2C.nc" name="disableTransmitReady" provided="0" ref="0x2b610690d350">
        <interfacedef-ref nicename="HplMsp430I2C" qname="HplMsp430I2C"/>
        <type-function alignment="I:1" size="I:1">
          <type-void alignment="I:1" size="I:1"/>
          <function-parameters>
          </function-parameters>
        </type-function>
        <parameters>
        </parameters>
      </function>
      <function command="" loc="49:/opt/tinyos-release-tinyos-2_1_2//tos/chips/msp430/usart/HplMsp430I2C.nc" name="getClockPrescaler" provided="0" ref="0x2b6106916cf0">
        <interfacedef-ref nicename="HplMsp430I2C" qname="HplMsp430I2C"/>
        <type-function alignment="I:1" size="I:1">
          <type-int alignment="I:1" cname="unsigned char" size="I:1" unsigned="">
            <typename><typedef-ref name="uint8_t" ref="0x2b6104f08160"/></typename>
          </type-int>
          <function-parameters>
          </function-parameters>
        </type-function>
        <parameters>
        </parameters>
      </function>
      <function command="" loc="28:/opt/tinyos-release-tinyos-2_1_2//tos/chips/msp430/usart/HplMsp430I2C.nc" name="setTransmitMode" provided="0" ref="0x2b61068d0c50">
        <interfacedef-ref nicename="HplMsp430I2C" qname="HplMsp430I2C"/>
        <type-function alignment="I:1" size="I:1">
          <type-void alignment="I:1" size="I:1"/>
          <function-parameters>
          </function-parameters>
        </type-function>
        <parameters>
        </parameters>
      </function>
      <function command="" loc="34:/opt/tinyos-release-tinyos-2_1_2//tos/chips/msp430/usart/HplMsp430I2C.nc" name="getStopBit" provided="0" ref="0x2b610691b9c0">
        <interfacedef-ref nicename="HplMsp430I2C" qname="HplMsp430I2C"/>
        <type-function alignment="I:1" size="I:1">
          <type-int alignment="I:1" cname="unsigned char" size="I:1" unsigned="">
            <typename><typedef-ref name="bool" ref="0x2b610586b090"/></typename>
          </type-int>
          <function-parameters>
          </function-parameters>
        </type-function>
        <parameters>
        </parameters>
      </function>
      <function command="" loc="25:/opt/tinyos-release-tinyos-2_1_2//tos/chips/msp430/usart/HplMsp430I2C.nc" name="setClockSource" provided="0" ref="0x2b61068d1c00">
        <interfacedef-ref nicename="HplMsp430I2C" qname="HplMsp430I2C"/>
        <type-function alignment="I:1" size="I:1">
          <type-void alignment="I:1" size="I:1"/>
          <function-parameters>
            <type-int alignment="I:1" cname="unsigned char" size="I:1" unsigned="">
              <typename><typedef-ref name="uint8_t" ref="0x2b6104f08160"/></typename>
            </type-int>
          </function-parameters>
        </type-function>
        <parameters>
          <variable loc="25:/opt/tinyos-release-tinyos-2_1_2//tos/chips/msp430/usart/HplMsp430I2C.nc" name="src" ref="0x2b61068d1980">
            <type-int alignment="I:1" cname="unsigned char" size="I:1" unsigned="">
              <typename><typedef-ref name="uint8_t" ref="0x2b6104f08160"/></typename>
            </type-int>
          </variable>
        </parameters>
      </function>
      <function command="" loc="21:/opt/tinyos-release-tinyos-2_1_2//tos/chips/msp430/usart/HplMsp430I2C.nc" name="getRepeatMode" provided="0" ref="0x2b61068d3120">
        <interfacedef-ref nicename="HplMsp430I2C" qname="HplMsp430I2C"/>
        <type-function alignment="I:1" size="I:1">
          <type-int alignment="I:1" cname="unsigned char" size="I:1" unsigned="">
            <typename><typedef-ref name="bool" ref="0x2b610586b090"/></typename>
          </type-int>
          <function-parameters>
          </function-parameters>
        </type-function>
        <parameters>
        </parameters>
      </function>
      <function command="" loc="41:/opt/tinyos-release-tinyos-2_1_2//tos/chips/msp430/usart/HplMsp430I2C.nc" name="getData" provided="0" ref="0x2b6106919790">
        <interfacedef-ref nicename="HplMsp430I2C" qname="HplMsp430I2C"/>
        <type-function alignment="I:1" size="I:1">
          <type-int alignment="I:1" cname="unsigned char" size="I:1" unsigned="">
            <typename><typedef-ref name="uint8_t" ref="0x2b6104f08160"/></typename>
          </type-int>
          <function-parameters>
          </function-parameters>
        </type-function>
        <parameters>
        </parameters>
      </function>
      <function command="" loc="66:/opt/tinyos-release-tinyos-2_1_2//tos/chips/msp430/usart/HplMsp430I2C.nc" name="enableStartDetect" provided="0" ref="0x2b6106910c80">
        <interfacedef-ref nicename="HplMsp430I2C" qname="HplMsp430I2C"/>
        <type-function alignment="I:1" size="I:1">
          <type-void alignment="I:1" size="I:1"/>
          <function-parameters>
          </function-parameters>
        </type-function>
        <parameters>
        </parameters>
      </function>
      <function command="" loc="78:/opt/tinyos-release-tinyos-2_1_2//tos/chips/msp430/usart/HplMsp430I2C.nc" name="enableAccessReady" provided="0" ref="0x2b610690b8f0">
        <interfacedef-ref nicename="HplMsp430I2C" qname="HplMsp430I2C"/>
        <type-function alignment="I:1" size="I:1">
          <type-void alignment="I:1" size="I:1"/>
          <function-parameters>
          </function-parameters>
        </type-function>
        <parameters>
        </parameters>
      </function>
      <function command="" loc="61:/opt/tinyos-release-tinyos-2_1_2//tos/chips/msp430/usart/HplMsp430I2C.nc" name="getSlaveAddress" provided="0" ref="0x2b6106911390">
        <interfacedef-ref nicename="HplMsp430I2C" qname="HplMsp430I2C"/>
        <type-function alignment="I:1" size="I:1">
          <type-int alignment="I:2" cname="unsigned int" size="I:2" unsigned="">
            <typename><typedef-ref name="uint16_t" ref="0x2b6104f08520"/></typename>
          </type-int>
          <function-parameters>
          </function-parameters>
        </type-function>
        <parameters>
        </parameters>
      </function>
      <function command="" loc="91:/opt/tinyos-release-tinyos-2_1_2//tos/chips/msp430/usart/HplMsp430I2C.nc" name="isGeneralCallPending" provided="0" ref="0x2b6106906b60">
        <interfacedef-ref nicename="HplMsp430I2C" qname="HplMsp430I2C"/>
        <type-function alignment="I:1" size="I:1">
          <type-int alignment="I:1" cname="unsigned char" size="I:1" unsigned="">
            <typename><typedef-ref name="bool" ref="0x2b610586b090"/></typename>
          </type-int>
          <function-parameters>
          </function-parameters>
        </type-function>
        <parameters>
        </parameters>
      </function>
      <function command="" loc="100:/opt/tinyos-release-tinyos-2_1_2//tos/chips/msp430/usart/HplMsp430I2C.nc" name="getIV" provided="0" ref="0x2b6106901270">
        <interfacedef-ref nicename="HplMsp430I2C" qname="HplMsp430I2C"/>
        <type-function alignment="I:1" size="I:1">
          <type-int alignment="I:1" cname="unsigned char" size="I:1" unsigned="">
            <typename><typedef-ref name="uint8_t" ref="0x2b6104f08160"/></typename>
          </type-int>
          <function-parameters>
          </function-parameters>
        </type-function>
        <parameters>
        </parameters>
      </function>
      <function command="" loc="14:/opt/tinyos-release-tinyos-2_1_2//tos/chips/msp430/usart/HplMsp430I2C.nc" name="enableI2C" provided="0" ref="0x2b61068d50e0">
        <interfacedef-ref nicename="HplMsp430I2C" qname="HplMsp430I2C"/>
        <type-function alignment="I:1" size="I:1">
          <type-void alignment="I:1" size="I:1"/>
          <function-parameters>
          </function-parameters>
        </type-function>
        <parameters>
        </parameters>
      </function>
      <function command="" loc="38:/opt/tinyos-release-tinyos-2_1_2//tos/chips/msp430/usart/HplMsp430I2C.nc" name="setStartBit" provided="0" ref="0x2b6106919020">
        <interfacedef-ref nicename="HplMsp430I2C" qname="HplMsp430I2C"/>
        <type-function alignment="I:1" size="I:1">
          <type-void alignment="I:1" size="I:1"/>
          <function-parameters>
          </function-parameters>
        </type-function>
        <parameters>
        </parameters>
      </function>
      <function command="" loc="45:/opt/tinyos-release-tinyos-2_1_2//tos/chips/msp430/usart/HplMsp430I2C.nc" name="getTransferByteCount" provided="0" ref="0x2b6106918910">
        <interfacedef-ref nicename="HplMsp430I2C" qname="HplMsp430I2C"/>
        <type-function alignment="I:1" size="I:1">
          <type-int alignment="I:1" cname="unsigned char" size="I:1" unsigned="">
            <typename><typedef-ref name="uint8_t" ref="0x2b6104f08160"/></typename>
          </type-int>
          <function-parameters>
          </function-parameters>
        </type-function>
        <parameters>
        </parameters>
      </function>
      <function command="" loc="27:/opt/tinyos-release-tinyos-2_1_2//tos/chips/msp430/usart/HplMsp430I2C.nc" name="getTransmitReceiveMode" provided="0" ref="0x2b61068d0500">
        <interfacedef-ref nicename="HplMsp430I2C" qname="HplMsp430I2C"/>
        <type-function alignment="I:1" size="I:1">
          <type-int alignment="I:1" cname="unsigned char" size="I:1" unsigned="">
            <typename><typedef-ref name="bool" ref="0x2b610586b090"/></typename>
          </type-int>
          <function-parameters>
          </function-parameters>
        </type-function>
        <parameters>
        </parameters>
      </function>
      <function command="" loc="7:/opt/tinyos-release-tinyos-2_1_2//tos/chips/msp430/usart/HplMsp430I2C.nc" name="clearModeI2C" provided="0" ref="0x2b61068d8020">
        <interfacedef-ref nicename="HplMsp430I2C" qname="HplMsp430I2C"/>
        <type-function alignment="I:1" size="I:1">
          <type-void alignment="I:1" size="I:1"/>
          <function-parameters>
          </function-parameters>
        </type-function>
        <parameters>
        </parameters>
      </function>
      <function command="" loc="58:/opt/tinyos-release-tinyos-2_1_2//tos/chips/msp430/usart/HplMsp430I2C.nc" name="setOwnAddress" provided="0" ref="0x2b6106913ba0">
        <interfacedef-ref nicename="HplMsp430I2C" qname="HplMsp430I2C"/>
        <type-function alignment="I:1" size="I:1">
          <type-void alignment="I:1" size="I:1"/>
          <function-parameters>
            <type-int alignment="I:2" cname="unsigned int" size="I:2" unsigned="">
              <typename><typedef-ref name="uint16_t" ref="0x2b6104f08520"/></typename>
            </type-int>
          </function-parameters>
        </type-function>
        <parameters>
          <variable loc="58:/opt/tinyos-release-tinyos-2_1_2//tos/chips/msp430/usart/HplMsp430I2C.nc" name="addr" ref="0x2b6106913920">
            <type-int alignment="I:2" cname="unsigned int" size="I:2" unsigned="">
              <typename><typedef-ref name="uint16_t" ref="0x2b6104f08520"/></typename>
            </type-int>
          </variable>
        </parameters>
      </function>
      <function command="" loc="6:/opt/tinyos-release-tinyos-2_1_2//tos/chips/msp430/usart/HplMsp430I2C.nc" name="isI2C" provided="0" ref="0x2b61068db7f0">
        <interfacedef-ref nicename="HplMsp430I2C" qname="HplMsp430I2C"/>
        <type-function alignment="I:1" size="I:1">
          <type-int alignment="I:1" cname="unsigned char" size="I:1" unsigned="">
            <typename><typedef-ref name="bool" ref="0x2b610586b090"/></typename>
          </type-int>
          <function-parameters>
          </function-parameters>
        </type-function>
        <parameters>
        </parameters>
      </function>
      <function command="" loc="69:/opt/tinyos-release-tinyos-2_1_2//tos/chips/msp430/usart/HplMsp430I2C.nc" name="enableGeneralCall" provided="0" ref="0x2b610690fb80">
        <interfacedef-ref nicename="HplMsp430I2C" qname="HplMsp430I2C"/>
        <type-function alignment="I:1" size="I:1">
          <type-void alignment="I:1" size="I:1"/>
          <function-parameters>
          </function-parameters>
        </type-function>
        <parameters>
        </parameters>
      </function>
      <function command="" loc="81:/opt/tinyos-release-tinyos-2_1_2//tos/chips/msp430/usart/HplMsp430I2C.nc" name="enableOwnAddress" provided="0" ref="0x2b610690a7d0">
        <interfacedef-ref nicename="HplMsp430I2C" qname="HplMsp430I2C"/>
        <type-function alignment="I:1" size="I:1">
          <type-void alignment="I:1" size="I:1"/>
          <function-parameters>
          </function-parameters>
        </type-function>
        <parameters>
        </parameters>
      </function>
      <function command="" loc="94:/opt/tinyos-release-tinyos-2_1_2//tos/chips/msp430/usart/HplMsp430I2C.nc" name="isAccessReadyPending" provided="0" ref="0x2b6106903350">
        <interfacedef-ref nicename="HplMsp430I2C" qname="HplMsp430I2C"/>
        <type-function alignment="I:1" size="I:1">
          <type-int alignment="I:1" cname="unsigned char" size="I:1" unsigned="">
            <typename><typedef-ref name="bool" ref="0x2b610586b090"/></typename>
          </type-int>
          <function-parameters>
          </function-parameters>
        </type-function>
        <parameters>
        </parameters>
      </function>
      <function command="" loc="97:/opt/tinyos-release-tinyos-2_1_2//tos/chips/msp430/usart/HplMsp430I2C.nc" name="isArbitrationLostPending" provided="0" ref="0x2b6106902a90">
        <interfacedef-ref nicename="HplMsp430I2C" qname="HplMsp430I2C"/>
        <type-function alignment="I:1" size="I:1">
          <type-int alignment="I:1" cname="unsigned char" size="I:1" unsigned="">
            <typename><typedef-ref name="bool" ref="0x2b610586b090"/></typename>
          </type-int>
          <function-parameters>
          </function-parameters>
        </type-function>
        <parameters>
        </parameters>
      </function>
      <function command="" loc="74:/opt/tinyos-release-tinyos-2_1_2//tos/chips/msp430/usart/HplMsp430I2C.nc" name="disableReceiveReady" provided="0" ref="0x2b610690c270">
        <interfacedef-ref nicename="HplMsp430I2C" qname="HplMsp430I2C"/>
        <type-function alignment="I:1" size="I:1">
          <type-void alignment="I:1" size="I:1"/>
          <function-parameters>
          </function-parameters>
        </type-function>
        <parameters>
        </parameters>
      </function>
      <function command="" loc="83:/opt/tinyos-release-tinyos-2_1_2//tos/chips/msp430/usart/HplMsp430I2C.nc" name="disableNoAck" provided="0" ref="0x2b6106908020">
        <interfacedef-ref nicename="HplMsp430I2C" qname="HplMsp430I2C"/>
        <type-function alignment="I:1" size="I:1">
          <type-void alignment="I:1" size="I:1"/>
          <function-parameters>
          </function-parameters>
        </type-function>
        <parameters>
        </parameters>
      </function>
      <function command="" loc="65:/opt/tinyos-release-tinyos-2_1_2//tos/chips/msp430/usart/HplMsp430I2C.nc" name="disableStartDetect" provided="0" ref="0x2b6106910520">
        <interfacedef-ref nicename="HplMsp430I2C" qname="HplMsp430I2C"/>
        <type-function alignment="I:1" size="I:1">
          <type-void alignment="I:1" size="I:1"/>
          <function-parameters>
          </function-parameters>
        </type-function>
        <parameters>
        </parameters>
      </function>
      <function command="" loc="87:/opt/tinyos-release-tinyos-2_1_2//tos/chips/msp430/usart/HplMsp430I2C.nc" name="enableArbitrationLost" provided="0" ref="0x2b6106907bb0">
        <interfacedef-ref nicename="HplMsp430I2C" qname="HplMsp430I2C"/>
        <type-function alignment="I:1" size="I:1">
          <type-void alignment="I:1" size="I:1"/>
          <function-parameters>
          </function-parameters>
        </type-function>
        <parameters>
        </parameters>
      </function>
      <function command="" loc="15:/opt/tinyos-release-tinyos-2_1_2//tos/chips/msp430/usart/HplMsp430I2C.nc" name="disableI2C" provided="0" ref="0x2b61068d5800">
        <interfacedef-ref nicename="HplMsp430I2C" qname="HplMsp430I2C"/>
        <type-function alignment="I:1" size="I:1">
          <type-void alignment="I:1" size="I:1"/>
          <function-parameters>
          </function-parameters>
        </type-function>
        <parameters>
        </parameters>
      </function>
      <function command="" loc="53:/opt/tinyos-release-tinyos-2_1_2//tos/chips/msp430/usart/HplMsp430I2C.nc" name="getShiftClock" provided="0" ref="0x2b6106914020">
        <interfacedef-ref nicename="HplMsp430I2C" qname="HplMsp430I2C"/>
        <type-function alignment="I:1" size="I:1">
          <type-int alignment="I:2" cname="unsigned int" size="I:2" unsigned="">
            <typename><typedef-ref name="uint16_t" ref="0x2b6104f08520"/></typename>
          </type-int>
          <function-parameters>
          </function-parameters>
        </type-function>
        <parameters>
        </parameters>
      </function>
      <function command="" loc="86:/opt/tinyos-release-tinyos-2_1_2//tos/chips/msp430/usart/HplMsp430I2C.nc" name="disableArbitrationLost" provided="0" ref="0x2b6106907020">
        <interfacedef-ref nicename="HplMsp430I2C" qname="HplMsp430I2C"/>
        <type-function alignment="I:1" size="I:1">
          <type-void alignment="I:1" size="I:1"/>
          <function-parameters>
          </function-parameters>
        </type-function>
        <parameters>
        </parameters>
      </function>
      <function command="" loc="77:/opt/tinyos-release-tinyos-2_1_2//tos/chips/msp430/usart/HplMsp430I2C.nc" name="disableAccessReady" provided="0" ref="0x2b610690b190">
        <interfacedef-ref nicename="HplMsp430I2C" qname="HplMsp430I2C"/>
        <type-function alignment="I:1" size="I:1">
          <type-void alignment="I:1" size="I:1"/>
          <function-parameters>
          </function-parameters>
        </type-function>
        <parameters>
        </parameters>
      </function>
      <function command="" loc="46:/opt/tinyos-release-tinyos-2_1_2//tos/chips/msp430/usart/HplMsp430I2C.nc" name="setTransferByteCount" provided="0" ref="0x2b6106916520">
        <interfacedef-ref nicename="HplMsp430I2C" qname="HplMsp430I2C"/>
        <type-function alignment="I:1" size="I:1">
          <type-void alignment="I:1" size="I:1"/>
          <function-parameters>
            <type-int alignment="I:1" cname="unsigned char" size="I:1" unsigned="">
              <typename><typedef-ref name="uint8_t" ref="0x2b6104f08160"/></typename>
            </type-int>
          </function-parameters>
        </type-function>
        <parameters>
          <variable loc="46:/opt/tinyos-release-tinyos-2_1_2//tos/chips/msp430/usart/HplMsp430I2C.nc" name="count" ref="0x2b61069162a0">
            <type-int alignment="I:1" cname="unsigned char" size="I:1" unsigned="">
              <typename><typedef-ref name="uint8_t" ref="0x2b6104f08160"/></typename>
            </type-int>
          </variable>
        </parameters>
      </function>
      <function command="" loc="95:/opt/tinyos-release-tinyos-2_1_2//tos/chips/msp430/usart/HplMsp430I2C.nc" name="isOwnAddressPending" provided="0" ref="0x2b6106903af0">
        <interfacedef-ref nicename="HplMsp430I2C" qname="HplMsp430I2C"/>
        <type-function alignment="I:1" size="I:1">
          <type-int alignment="I:1" cname="unsigned char" size="I:1" unsigned="">
            <typename><typedef-ref name="bool" ref="0x2b610586b090"/></typename>
          </type-int>
          <function-parameters>
          </function-parameters>
        </type-function>
        <parameters>
        </parameters>
      </function>
      <function command="" loc="57:/opt/tinyos-release-tinyos-2_1_2//tos/chips/msp430/usart/HplMsp430I2C.nc" name="getOwnAddress" provided="0" ref="0x2b61069131f0">
        <interfacedef-ref nicename="HplMsp430I2C" qname="HplMsp430I2C"/>
        <type-function alignment="I:1" size="I:1">
          <type-int alignment="I:2" cname="unsigned int" size="I:2" unsigned="">
            <typename><typedef-ref name="uint16_t" ref="0x2b6104f08520"/></typename>
          </type-int>
          <function-parameters>
          </function-parameters>
        </type-function>
        <parameters>
        </parameters>
      </function>
      <function command="" loc="72:/opt/tinyos-release-tinyos-2_1_2//tos/chips/msp430/usart/HplMsp430I2C.nc" name="enableTransmitReady" provided="0" ref="0x2b610690dac0">
        <interfacedef-ref nicename="HplMsp430I2C" qname="HplMsp430I2C"/>
        <type-function alignment="I:1" size="I:1">
          <type-void alignment="I:1" size="I:1"/>
          <function-parameters>
          </function-parameters>
        </type-function>
        <parameters>
        </parameters>
      </function>
      <function command="" loc="8:/opt/tinyos-release-tinyos-2_1_2//tos/chips/msp430/usart/HplMsp430I2C.nc" name="setModeI2C" provided="0" ref="0x2b61068d8aa0">
        <interfacedef-ref nicename="HplMsp430I2C" qname="HplMsp430I2C"/>
        <type-function alignment="I:1" size="I:1">
          <type-void alignment="I:1" size="I:1"/>
          <function-parameters>
            <type-pointer alignment="I:2" size="I:2">
              <type-tag alignment="I:2" size="I:8"><union-ref ref="0x2b6106818b90"/>
                <typename><typedef-ref name="msp430_i2c_union_config_t" ref="0x2b6106816020"/></typename>
              </type-tag>
            </type-pointer>
          </function-parameters>
        </type-function>
        <parameters>
          <variable loc="8:/opt/tinyos-release-tinyos-2_1_2//tos/chips/msp430/usart/HplMsp430I2C.nc" name="config" ref="0x2b61068d8820">
            <type-pointer alignment="I:2" size="I:2">
              <type-tag alignment="I:2" size="I:8"><union-ref ref="0x2b6106818b90"/>
                <typename><typedef-ref name="msp430_i2c_union_config_t" ref="0x2b6106816020"/></typename>
              </type-tag>
            </type-pointer>
          </variable>
        </parameters>
      </function>
      <function command="" loc="37:/opt/tinyos-release-tinyos-2_1_2//tos/chips/msp430/usart/HplMsp430I2C.nc" name="getStartBit" provided="0" ref="0x2b610691a870">
        <interfacedef-ref nicename="HplMsp430I2C" qname="HplMsp430I2C"/>
        <type-function alignment="I:1" size="I:1">
          <type-int alignment="I:1" cname="unsigned char" size="I:1" unsigned="">
            <typename><typedef-ref name="bool" ref="0x2b610586b090"/></typename>
          </type-int>
          <function-parameters>
          </function-parameters>
        </type-function>
        <parameters>
        </parameters>
      </function>
      <function command="" loc="19:/opt/tinyos-release-tinyos-2_1_2//tos/chips/msp430/usart/HplMsp430I2C.nc" name="setWordMode" provided="0" ref="0x2b61068d4980">
        <interfacedef-ref nicename="HplMsp430I2C" qname="HplMsp430I2C"/>
        <type-function alignment="I:1" size="I:1">
          <type-void alignment="I:1" size="I:1"/>
          <function-parameters>
            <type-int alignment="I:1" cname="unsigned char" size="I:1" unsigned="">
              <typename><typedef-ref name="bool" ref="0x2b610586b090"/></typename>
            </type-int>
          </function-parameters>
        </type-function>
        <parameters>
          <variable loc="19:/opt/tinyos-release-tinyos-2_1_2//tos/chips/msp430/usart/HplMsp430I2C.nc" name="mode" ref="0x2b61068d4700">
            <type-int alignment="I:1" cname="unsigned char" size="I:1" unsigned="">
              <typename><typedef-ref name="bool" ref="0x2b610586b090"/></typename>
            </type-int>
          </variable>
        </parameters>
      </function>
      <function command="" loc="42:/opt/tinyos-release-tinyos-2_1_2//tos/chips/msp430/usart/HplMsp430I2C.nc" name="setData" provided="0" ref="0x2b6106918120">
        <interfacedef-ref nicename="HplMsp430I2C" qname="HplMsp430I2C"/>
        <type-function alignment="I:1" size="I:1">
          <type-void alignment="I:1" size="I:1"/>
          <function-parameters>
            <type-int alignment="I:1" cname="unsigned char" size="I:1" unsigned="">
              <typename><typedef-ref name="uint8_t" ref="0x2b6104f08160"/></typename>
            </type-int>
          </function-parameters>
        </type-function>
        <parameters>
          <variable loc="42:/opt/tinyos-release-tinyos-2_1_2//tos/chips/msp430/usart/HplMsp430I2C.nc" name="data" ref="0x2b6106919e70">
            <type-int alignment="I:1" cname="unsigned char" size="I:1" unsigned="">
              <typename><typedef-ref name="uint8_t" ref="0x2b6104f08160"/></typename>
            </type-int>
          </variable>
        </parameters>
      </function>
      <function command="" loc="90:/opt/tinyos-release-tinyos-2_1_2//tos/chips/msp430/usart/HplMsp430I2C.nc" name="isStartDetectPending" provided="0" ref="0x2b61069063b0">
        <interfacedef-ref nicename="HplMsp430I2C" qname="HplMsp430I2C"/>
        <type-function alignment="I:1" size="I:1">
          <type-int alignment="I:1" cname="unsigned char" size="I:1" unsigned="">
            <typename><typedef-ref name="bool" ref="0x2b610586b090"/></typename>
          </type-int>
          <function-parameters>
          </function-parameters>
        </type-function>
        <parameters>
        </parameters>
      </function>
      <function command="" loc="24:/opt/tinyos-release-tinyos-2_1_2//tos/chips/msp430/usart/HplMsp430I2C.nc" name="getClockSource" provided="0" ref="0x2b61068d1270">
        <interfacedef-ref nicename="HplMsp430I2C" qname="HplMsp430I2C"/>
        <type-function alignment="I:1" size="I:1">
          <type-int alignment="I:1" cname="unsigned char" size="I:1" unsigned="">
            <typename><typedef-ref name="uint8_t" ref="0x2b6104f08160"/></typename>
          </type-int>
          <function-parameters>
          </function-parameters>
        </type-function>
        <parameters>
        </parameters>
      </function>
      <function command="" loc="18:/opt/tinyos-release-tinyos-2_1_2//tos/chips/msp430/usart/HplMsp430I2C.nc" name="getWordMode" provided="0" ref="0x2b61068d4020">
        <interfacedef-ref nicename="HplMsp430I2C" qname="HplMsp430I2C"/>
        <type-function alignment="I:1" size="I:1">
          <type-int alignment="I:1" cname="unsigned char" size="I:1" unsigned="">
            <typename><typedef-ref name="bool" ref="0x2b610586b090"/></typename>
          </type-int>
          <function-parameters>
          </function-parameters>
        </type-function>
        <parameters>
        </parameters>
      </function>
      <function command="" loc="54:/opt/tinyos-release-tinyos-2_1_2//tos/chips/msp430/usart/HplMsp430I2C.nc" name="setShiftClock" provided="0" ref="0x2b61069149e0">
        <interfacedef-ref nicename="HplMsp430I2C" qname="HplMsp430I2C"/>
        <type-function alignment="I:1" size="I:1">
          <type-void alignment="I:1" size="I:1"/>
          <function-parameters>
            <type-int alignment="I:2" cname="unsigned int" size="I:2" unsigned="">
              <typename><typedef-ref name="uint16_t" ref="0x2b6104f08520"/></typename>
            </type-int>
          </function-parameters>
        </type-function>
        <parameters>
          <variable loc="54:/opt/tinyos-release-tinyos-2_1_2//tos/chips/msp430/usart/HplMsp430I2C.nc" name="shift" ref="0x2b6106914760">
            <type-int alignment="I:2" cname="unsigned int" size="I:2" unsigned="">
              <typename><typedef-ref name="uint16_t" ref="0x2b6104f08520"/></typename>
            </type-int>
          </variable>
        </parameters>
      </function>
      <function command="" loc="12:/opt/tinyos-release-tinyos-2_1_2//tos/chips/msp430/usart/HplMsp430I2C.nc" name="setSlaveMode" provided="0" ref="0x2b61068d69a0">
        <interfacedef-ref nicename="HplMsp430I2C" qname="HplMsp430I2C"/>
        <type-function alignment="I:1" size="I:1">
          <type-void alignment="I:1" size="I:1"/>
          <function-parameters>
          </function-parameters>
        </type-function>
        <parameters>
        </parameters>
      </function>
      <function command="" loc="84:/opt/tinyos-release-tinyos-2_1_2//tos/chips/msp430/usart/HplMsp430I2C.nc" name="enableNoAck" provided="0" ref="0x2b6106908740">
        <interfacedef-ref nicename="HplMsp430I2C" qname="HplMsp430I2C"/>
        <type-function alignment="I:1" size="I:1">
          <type-void alignment="I:1" size="I:1"/>
          <function-parameters>
          </function-parameters>
        </type-function>
        <parameters>
        </parameters>
      </function>
      <function command="" loc="75:/opt/tinyos-release-tinyos-2_1_2//tos/chips/msp430/usart/HplMsp430I2C.nc" name="enableReceiveReady" provided="0" ref="0x2b610690c9e0">
        <interfacedef-ref nicename="HplMsp430I2C" qname="HplMsp430I2C"/>
        <type-function alignment="I:1" size="I:1">
          <type-void alignment="I:1" size="I:1"/>
          <function-parameters>
          </function-parameters>
        </type-function>
        <parameters>
        </parameters>
      </function>
      <function command="" loc="68:/opt/tinyos-release-tinyos-2_1_2//tos/chips/msp430/usart/HplMsp430I2C.nc" name="disableGeneralCall" provided="0" ref="0x2b610690f420">
        <interfacedef-ref nicename="HplMsp430I2C" qname="HplMsp430I2C"/>
        <type-function alignment="I:1" size="I:1">
          <type-void alignment="I:1" size="I:1"/>
          <function-parameters>
          </function-parameters>
        </type-function>
        <parameters>
        </parameters>
      </function>
      <function command="" loc="50:/opt/tinyos-release-tinyos-2_1_2//tos/chips/msp430/usart/HplMsp430I2C.nc" name="setClockPrescaler" provided="0" ref="0x2b6106915740">
        <interfacedef-ref nicename="HplMsp430I2C" qname="HplMsp430I2C"/>
        <type-function alignment="I:1" size="I:1">
          <type-void alignment="I:1" size="I:1"/>
          <function-parameters>
            <type-int alignment="I:1" cname="unsigned char" size="I:1" unsigned="">
              <typename><typedef-ref name="uint8_t" ref="0x2b6104f08160"/></typename>
            </type-int>
          </function-parameters>
        </type-function>
        <parameters>
          <variable loc="50:/opt/tinyos-release-tinyos-2_1_2//tos/chips/msp430/usart/HplMsp430I2C.nc" name="scaler" ref="0x2b61069154c0">
            <type-int alignment="I:1" cname="unsigned char" size="I:1" unsigned="">
              <typename><typedef-ref name="uint8_t" ref="0x2b6104f08160"/></typename>
            </type-int>
          </variable>
        </parameters>
      </function>
      <function command="" loc="35:/opt/tinyos-release-tinyos-2_1_2//tos/chips/msp430/usart/HplMsp430I2C.nc" name="setStopBit" provided="0" ref="0x2b610691a120">
        <interfacedef-ref nicename="HplMsp430I2C" qname="HplMsp430I2C"/>
        <type-function alignment="I:1" size="I:1">
          <type-void alignment="I:1" size="I:1"/>
          <function-parameters>
          </function-parameters>
        </type-function>
        <parameters>
        </parameters>
      </function>
      <function command="" loc="29:/opt/tinyos-release-tinyos-2_1_2//tos/chips/msp430/usart/HplMsp430I2C.nc" name="setReceiveMode" provided="0" ref="0x2b610691d3b0">
        <interfacedef-ref nicename="HplMsp430I2C" qname="HplMsp430I2C"/>
        <type-function alignment="I:1" size="I:1">
          <type-void alignment="I:1" size="I:1"/>
          <function-parameters>
          </function-parameters>
        </type-function>
        <parameters>
        </parameters>
      </function>
      <function command="" loc="96:/opt/tinyos-release-tinyos-2_1_2//tos/chips/msp430/usart/HplMsp430I2C.nc" name="isNoAckPending" provided="0" ref="0x2b61069022b0">
        <interfacedef-ref nicename="HplMsp430I2C" qname="HplMsp430I2C"/>
        <type-function alignment="I:1" size="I:1">
          <type-int alignment="I:1" cname="unsigned char" size="I:1" unsigned="">
            <typename><typedef-ref name="bool" ref="0x2b610586b090"/></typename>
          </type-int>
          <function-parameters>
          </function-parameters>
        </type-function>
        <parameters>
        </parameters>
      </function>
      <function command="" loc="22:/opt/tinyos-release-tinyos-2_1_2//tos/chips/msp430/usart/HplMsp430I2C.nc" name="setRepeatMode" provided="0" ref="0x2b61068d3aa0">
        <interfacedef-ref nicename="HplMsp430I2C" qname="HplMsp430I2C"/>
        <type-function alignment="I:1" size="I:1">
          <type-void alignment="I:1" size="I:1"/>
          <function-parameters>
            <type-int alignment="I:1" cname="unsigned char" size="I:1" unsigned="">
              <typename><typedef-ref name="bool" ref="0x2b610586b090"/></typename>
            </type-int>
          </function-parameters>
        </type-function>
        <parameters>
          <variable loc="22:/opt/tinyos-release-tinyos-2_1_2//tos/chips/msp430/usart/HplMsp430I2C.nc" name="mode" ref="0x2b61068d3820">
            <type-int alignment="I:1" cname="unsigned char" size="I:1" unsigned="">
              <typename><typedef-ref name="bool" ref="0x2b610586b090"/></typename>
            </type-int>
          </variable>
        </parameters>
      </function>
      <function command="" loc="92:/opt/tinyos-release-tinyos-2_1_2//tos/chips/msp430/usart/HplMsp430I2C.nc" name="isTransmitReadyPending" provided="0" ref="0x2b6106905350">
        <interfacedef-ref nicename="HplMsp430I2C" qname="HplMsp430I2C"/>
        <type-function alignment="I:1" size="I:1">
          <type-int alignment="I:1" cname="unsigned char" size="I:1" unsigned="">
            <typename><typedef-ref name="bool" ref="0x2b610586b090"/></typename>
          </type-int>
          <function-parameters>
          </function-parameters>
        </type-function>
        <parameters>
        </parameters>
      </function>
      <function command="" loc="32:/opt/tinyos-release-tinyos-2_1_2//tos/chips/msp430/usart/HplMsp430I2C.nc" name="setStartByte" provided="0" ref="0x2b610691b270">
        <interfacedef-ref nicename="HplMsp430I2C" qname="HplMsp430I2C"/>
        <type-function alignment="I:1" size="I:1">
          <type-void alignment="I:1" size="I:1"/>
          <function-parameters>
          </function-parameters>
        </type-function>
        <parameters>
        </parameters>
      </function>
      <function command="" loc="93:/opt/tinyos-release-tinyos-2_1_2//tos/chips/msp430/usart/HplMsp430I2C.nc" name="isReceiveReadyPending" provided="0" ref="0x2b6106905b10">
        <interfacedef-ref nicename="HplMsp430I2C" qname="HplMsp430I2C"/>
        <type-function alignment="I:1" size="I:1">
          <type-int alignment="I:1" cname="unsigned char" size="I:1" unsigned="">
            <typename><typedef-ref name="bool" ref="0x2b610586b090"/></typename>
          </type-int>
          <function-parameters>
          </function-parameters>
        </type-function>
        <parameters>
        </parameters>
      </function>
    </interfacedef>