<?xml version="1.0" encoding="utf-8"?><interfacedef loc="43:/opt/tinyos-release-tinyos-2_1_2//tos/chips/msp430/usart/HplMsp430UsartInterrupts.nc" nicename="HplMsp430UsartInterrupts" qname="HplMsp430UsartInterrupts">
      <documentation loc="31:/opt/tinyos-release-tinyos-2_1_2//tos/chips/msp430/usart/msp430usart.h">
        <short>
 </short>
        <long>
 @author Vlado Handziski &lt;handzisk@tkn.tu-berlin.de&gt;
 @author Philipp Huppertz &lt;huppertz@tkn.tu-berlin.de&gt;
</long>
      </documentation>
      <function event="" loc="54:/opt/tinyos-release-tinyos-2_1_2//tos/chips/msp430/usart/HplMsp430UsartInterrupts.nc" name="rxDone" provided="0" ref="0x2b610683e2a0">
        <documentation loc="51:/opt/tinyos-release-tinyos-2_1_2//tos/chips/msp430/usart/HplMsp430UsartInterrupts.nc">
          <short>
 A byte of data has been received.</short>
          <long>
 A byte of data has been received.
</long>
        </documentation>
        <interfacedef-ref nicename="HplMsp430UsartInterrupts" qname="HplMsp430UsartInterrupts"/>
        <type-function alignment="I:1" size="I:1">
          <type-void alignment="I:1" size="I:1"/>
          <function-parameters>
            <type-int alignment="I:1" cname="unsigned char" size="I:1" unsigned="">
              <typename><typedef-ref name="uint8_t" ref="0x2b6104f08160"/></typename>
            </type-int>
          </function-parameters>
        </type-function>
        <parameters>
          <variable loc="54:/opt/tinyos-release-tinyos-2_1_2//tos/chips/msp430/usart/HplMsp430UsartInterrupts.nc" name="data" ref="0x2b610683e020">
            <type-int alignment="I:1" cname="unsigned char" size="I:1" unsigned="">
              <typename><typedef-ref name="uint8_t" ref="0x2b6104f08160"/></typename>
            </type-int>
          </variable>
        </parameters>
      </function>
      <function event="" loc="49:/opt/tinyos-release-tinyos-2_1_2//tos/chips/msp430/usart/HplMsp430UsartInterrupts.nc" name="txDone" provided="0" ref="0x2b610683f7a0">
        <documentation loc="45:/opt/tinyos-release-tinyos-2_1_2//tos/chips/msp430/usart/HplMsp430UsartInterrupts.nc">
          <short>
 A byte of data is about to be transmitted, ie.</short>
          <long>
 A byte of data is about to be transmitted, ie. the TXBuffer is
 empty and ready to accept next byte.
</long>
        </documentation>
        <interfacedef-ref nicename="HplMsp430UsartInterrupts" qname="HplMsp430UsartInterrupts"/>
        <type-function alignment="I:1" size="I:1">
          <type-void alignment="I:1" size="I:1"/>
          <function-parameters>
          </function-parameters>
        </type-function>
        <parameters>
        </parameters>
      </function>
    </interfacedef>