<?xml version="1.0" encoding="utf-8"?><interfacedef loc="37:/opt/tinyos-release-tinyos-2_1_2//tos/chips/msp430/pins/HplMsp430Interrupt.nc" nicename="HplMsp430Interrupt" qname="HplMsp430Interrupt">
      <documentation loc="33:/opt/tinyos-release-tinyos-2_1_2//tos/chips/msp430/pins/HplMsp430Interrupt.nc">
        <short>
 </short>
        <long>
 @author Joe Polastre
</long>
      </documentation>
      <function command="" loc="52:/opt/tinyos-release-tinyos-2_1_2//tos/chips/msp430/pins/HplMsp430Interrupt.nc" name="clear" provided="0" ref="0x2b6106621ae0">
        <documentation loc="49:/opt/tinyos-release-tinyos-2_1_2//tos/chips/msp430/pins/HplMsp430Interrupt.nc">
          <short> 
 Clears the MSP430 Interrupt Pending Flag for a particular port.</short>
          <long> 
 Clears the MSP430 Interrupt Pending Flag for a particular port.
</long>
        </documentation>
        <interfacedef-ref nicename="HplMsp430Interrupt" qname="HplMsp430Interrupt"/>
        <type-function alignment="I:1" size="I:1">
          <type-void alignment="I:1" size="I:1"/>
          <function-parameters>
          </function-parameters>
        </type-function>
        <parameters>
        </parameters>
      </function>
      <function event="" loc="72:/opt/tinyos-release-tinyos-2_1_2//tos/chips/msp430/pins/HplMsp430Interrupt.nc" name="fired" provided="0" ref="0x2b610661e670">
        <documentation loc="69:/opt/tinyos-release-tinyos-2_1_2//tos/chips/msp430/pins/HplMsp430Interrupt.nc">
          <short>
 Signalled when an interrupt occurs on a port.</short>
          <long>
 Signalled when an interrupt occurs on a port.
</long>
        </documentation>
        <interfacedef-ref nicename="HplMsp430Interrupt" qname="HplMsp430Interrupt"/>
        <type-function alignment="I:1" size="I:1">
          <type-void alignment="I:1" size="I:1"/>
          <function-parameters>
          </function-parameters>
        </type-function>
        <parameters>
        </parameters>
      </function>
      <function command="" loc="47:/opt/tinyos-release-tinyos-2_1_2//tos/chips/msp430/pins/HplMsp430Interrupt.nc" name="disable" provided="0" ref="0x2b6106621350">
        <documentation loc="44:/opt/tinyos-release-tinyos-2_1_2//tos/chips/msp430/pins/HplMsp430Interrupt.nc">
          <short> 
 Disables MSP430 hardware interrupt on a particular port.</short>
          <long> 
 Disables MSP430 hardware interrupt on a particular port.
</long>
        </documentation>
        <interfacedef-ref nicename="HplMsp430Interrupt" qname="HplMsp430Interrupt"/>
        <type-function alignment="I:1" size="I:1">
          <type-void alignment="I:1" size="I:1"/>
          <function-parameters>
          </function-parameters>
        </type-function>
        <parameters>
        </parameters>
      </function>
      <function command="" loc="67:/opt/tinyos-release-tinyos-2_1_2//tos/chips/msp430/pins/HplMsp430Interrupt.nc" name="edge" provided="0" ref="0x2b610661fd90">
        <documentation loc="61:/opt/tinyos-release-tinyos-2_1_2//tos/chips/msp430/pins/HplMsp430Interrupt.nc">
          <short> 
 Sets whether the edge should be high to low or low to high.</short>
          <long> 
 Sets whether the edge should be high to low or low to high.

 @param TRUE if the interrupt should be triggered on a low to high
        edge transition, false for interrupts on a high to low transition.
</long>
        </documentation>
        <interfacedef-ref nicename="HplMsp430Interrupt" qname="HplMsp430Interrupt"/>
        <type-function alignment="I:1" size="I:1">
          <type-void alignment="I:1" size="I:1"/>
          <function-parameters>
            <type-int alignment="I:1" cname="unsigned char" size="I:1" unsigned="">
              <typename><typedef-ref name="bool" ref="0x2b610586b090"/></typename>
            </type-int>
          </function-parameters>
        </type-function>
        <parameters>
          <variable loc="67:/opt/tinyos-release-tinyos-2_1_2//tos/chips/msp430/pins/HplMsp430Interrupt.nc" name="low_to_high" ref="0x2b610661fb10">
            <type-int alignment="I:1" cname="unsigned char" size="I:1" unsigned="">
              <typename><typedef-ref name="bool" ref="0x2b610586b090"/></typename>
            </type-int>
          </variable>
        </parameters>
      </function>
      <function command="" loc="42:/opt/tinyos-release-tinyos-2_1_2//tos/chips/msp430/pins/HplMsp430Interrupt.nc" name="enable" provided="0" ref="0x2b6106624b10">
        <documentation loc="39:/opt/tinyos-release-tinyos-2_1_2//tos/chips/msp430/pins/HplMsp430Interrupt.nc">
          <short> 
 Enables MSP430 hardware interrupt on a particular port.</short>
          <long> 
 Enables MSP430 hardware interrupt on a particular port.
</long>
        </documentation>
        <interfacedef-ref nicename="HplMsp430Interrupt" qname="HplMsp430Interrupt"/>
        <type-function alignment="I:1" size="I:1">
          <type-void alignment="I:1" size="I:1"/>
          <function-parameters>
          </function-parameters>
        </type-function>
        <parameters>
        </parameters>
      </function>
      <function command="" loc="59:/opt/tinyos-release-tinyos-2_1_2//tos/chips/msp430/pins/HplMsp430Interrupt.nc" name="getValue" provided="0" ref="0x2b610661f350">
        <documentation loc="54:/opt/tinyos-release-tinyos-2_1_2//tos/chips/msp430/pins/HplMsp430Interrupt.nc">
          <short> 
 Gets the current value of the input voltage of a port.</short>
          <long> 
 Gets the current value of the input voltage of a port.

 @return TRUE if the pin is set high, FALSE if it is set low.
</long>
        </documentation>
        <interfacedef-ref nicename="HplMsp430Interrupt" qname="HplMsp430Interrupt"/>
        <type-function alignment="I:1" size="I:1">
          <type-int alignment="I:1" cname="unsigned char" size="I:1" unsigned="">
            <typename><typedef-ref name="bool" ref="0x2b610586b090"/></typename>
          </type-int>
          <function-parameters>
          </function-parameters>
        </type-function>
        <parameters>
        </parameters>
      </function>
    </interfacedef>