<?xml version="1.0" encoding="utf-8"?><interfacedef loc="15:/opt/tinyos-release-tinyos-2_1_2//tos/interfaces/Intercept.nc" nicename="Intercept" qname="Intercept">
      <documentation loc="34:/opt/tinyos-release-tinyos-2_1_2//tos/types/TinyError.h">
        <short>
 </short>
        <long>
 @author Phil Levis
 @author David Gay
 Revision:  $Revision: 1.12 $

 Defines global error codes for error_t in TinyOS.
</long>
      </documentation>
      <function event="" loc="31:/opt/tinyos-release-tinyos-2_1_2//tos/interfaces/Intercept.nc" name="forward" provided="0" ref="0x2b61074f2940">
        <documentation loc="16:/opt/tinyos-release-tinyos-2_1_2//tos/interfaces/Intercept.nc">
          <short>
 Signals that a message has been received, which is supposed to be
 forwarded to another destination.</short>
          <long>
 Signals that a message has been received, which is supposed to be
 forwarded to another destination. 

 @param 'message_t* ONE msg' The complete message received.

 @param 'void* COUNT(len) payload' The payload portion of the packet for this
 protocol layer.

 @param len The length of the payload buffer.

 @return TRUE indicates the packet should be forwarded, FALSE
 indicates that it should not be forwarded.

</long>
        </documentation>
        <interfacedef-ref nicename="Intercept" qname="Intercept"/>
        <type-function alignment="I:1" size="I:1">
          <type-int alignment="I:1" cname="unsigned char" size="I:1" unsigned="">
            <typename><typedef-ref name="bool" ref="0x2b610586b090"/></typename>
          </type-int>
          <function-parameters>
            <type-pointer alignment="I:2" size="I:2">
              <type-tag alignment="I:1" size="I:152"><nx_struct-ref name="message_t" ref="0x2b6105d580c0"/>
                <typename><typedef-ref name="message_t" ref="0x2b6105d576f0"/></typename>
              </type-tag>
            </type-pointer>
            <type-pointer alignment="I:2" size="I:2">
              <type-void alignment="I:1" size="I:1"/>
            </type-pointer>
            <type-int alignment="I:1" cname="unsigned char" size="I:1" unsigned="">
              <typename><typedef-ref name="uint8_t" ref="0x2b6104f08160"/></typename>
            </type-int>
          </function-parameters>
        </type-function>
        <parameters>
          <variable loc="31:/opt/tinyos-release-tinyos-2_1_2//tos/interfaces/Intercept.nc" name="msg" ref="0x2b61074f2020">
            <type-pointer alignment="I:2" size="I:2">
              <type-tag alignment="I:1" size="I:152"><nx_struct-ref name="message_t" ref="0x2b6105d580c0"/>
                <typename><typedef-ref name="message_t" ref="0x2b6105d576f0"/></typename>
              </type-tag>
            </type-pointer>
          </variable>
          <variable loc="31:/opt/tinyos-release-tinyos-2_1_2//tos/interfaces/Intercept.nc" name="payload" ref="0x2b61074f2370">
            <type-pointer alignment="I:2" size="I:2">
              <type-void alignment="I:1" size="I:1"/>
            </type-pointer>
          </variable>
          <variable loc="31:/opt/tinyos-release-tinyos-2_1_2//tos/interfaces/Intercept.nc" name="len" ref="0x2b61074f26a0">
            <type-int alignment="I:1" cname="unsigned char" size="I:1" unsigned="">
              <typename><typedef-ref name="uint8_t" ref="0x2b6104f08160"/></typename>
            </type-int>
          </variable>
        </parameters>
      </function>
    </interfacedef>