<?xml version="1.0" encoding="utf-8"?><interfacedef loc="37:/opt/tinyos-release-tinyos-2_1_2//tos/interfaces/LinkPacketMetadata.nc" nicename="LinkPacketMetadata" qname="LinkPacketMetadata">
      <documentation loc="32:/opt/tinyos-release-tinyos-2_1_2//tos/interfaces/LinkPacketMetadata.nc">
        <short>
 This interface provides metadata associated with a link layer packet.</short>
        <long>
 This interface provides metadata associated with a link layer packet.
 @author Philip Levis
</long>
      </documentation>
      <function command="" loc="47:/opt/tinyos-release-tinyos-2_1_2//tos/interfaces/LinkPacketMetadata.nc" name="highChannelQuality" provided="0" ref="0x2b61063e37c0">
        <documentation loc="39:/opt/tinyos-release-tinyos-2_1_2//tos/interfaces/LinkPacketMetadata.nc">
          <short>
 Return true if the channel during this packet had high quality (few bit errors).</short>
          <long>
 Return true if the channel during this packet had high quality (few bit errors).
 A good rule of thumb for &quot;high quality&quot; is that the channel quality
 would enable MTU packets to have a reception rate of 90% or greater.

 @param 'message_t* ONE msg' A received packet during which the channel was measured.
 @return Whether the channel had high quality.
</long>
        </documentation>
        <interfacedef-ref nicename="LinkPacketMetadata" qname="LinkPacketMetadata"/>
        <type-function alignment="I:1" size="I:1">
          <type-int alignment="I:1" cname="unsigned char" size="I:1" unsigned="">
            <typename><typedef-ref name="bool" ref="0x2b610586b090"/></typename>
          </type-int>
          <function-parameters>
            <type-pointer alignment="I:2" size="I:2">
              <type-tag alignment="I:1" size="I:152"><nx_struct-ref name="message_t" ref="0x2b6105d580c0"/>
                <typename><typedef-ref name="message_t" ref="0x2b6105d576f0"/></typename>
              </type-tag>
            </type-pointer>
          </function-parameters>
        </type-function>
        <parameters>
          <variable loc="47:/opt/tinyos-release-tinyos-2_1_2//tos/interfaces/LinkPacketMetadata.nc" name="msg" ref="0x2b61063e3540">
            <type-pointer alignment="I:2" size="I:2">
              <type-tag alignment="I:1" size="I:152"><nx_struct-ref name="message_t" ref="0x2b6105d580c0"/>
                <typename><typedef-ref name="message_t" ref="0x2b6105d576f0"/></typename>
              </type-tag>
            </type-pointer>
          </variable>
        </parameters>
      </function>
    </interfacedef>