<?xml version="1.0" encoding="utf-8"?><interfacedef loc="38:/opt/tinyos-release-tinyos-2_1_2//tos/chips/msp430/usart/Msp430SpiConfigure.nc" nicename="Msp430SpiConfigure" qname="Msp430SpiConfigure">
      <documentation loc="31:/opt/tinyos-release-tinyos-2_1_2//tos/chips/msp430/usart/msp430usart.h">
        <short>
 </short>
        <long>
 @author Vlado Handziski &lt;handzisk@tkn.tu-berlin.de&gt;
 @author Philipp Huppertz &lt;huppertz@tkn.tu-berlin.de&gt;
</long>
      </documentation>
      <function command="" loc="39:/opt/tinyos-release-tinyos-2_1_2//tos/chips/msp430/usart/Msp430SpiConfigure.nc" name="getConfig" provided="0" ref="0x2b610684e710">
        <interfacedef-ref nicename="Msp430SpiConfigure" qname="Msp430SpiConfigure"/>
        <type-function alignment="I:1" size="I:1">
          <type-pointer alignment="I:2" size="I:2">
            <type-tag alignment="I:2" size="I:4"><union-ref ref="0x2b61067f4020"/>
              <typename><typedef-ref name="msp430_spi_union_config_t" ref="0x2b61067f4440"/></typename>
            </type-tag>
          </type-pointer>
          <function-parameters>
          </function-parameters>
        </type-function>
        <parameters>
        </parameters>
      </function>
    </interfacedef>