<?xml version="1.0" encoding="utf-8"?><interfacedef loc="38:/opt/tinyos-release-tinyos-2_1_2//tos/chips/msp430/timer/Msp430ClockInit.nc" nicename="Msp430ClockInit" qname="Msp430ClockInit">
      <documentation loc="33:/opt/tinyos-release-tinyos-2_1_2//tos/chips/msp430/timer/Msp430ClockInit.nc">
        <short>
 </short>
        <long>
 @author Cory Sharp &lt;cssharp@eecs.berkeley.edu&gt;
 @author Vlado Handziski &lt;handzisk@tkn.tu-berlin.de&gt;
</long>
      </documentation>
      <function command="" loc="48:/opt/tinyos-release-tinyos-2_1_2//tos/chips/msp430/timer/Msp430ClockInit.nc" name="defaultInitTimerB" provided="0" ref="0x2b6105d99b40">
        <interfacedef-ref nicename="Msp430ClockInit" qname="Msp430ClockInit"/>
        <type-function alignment="I:1" size="I:1">
          <type-void alignment="I:1" size="I:1"/>
          <function-parameters>
          </function-parameters>
        </type-function>
        <parameters>
        </parameters>
      </function>
      <function event="" loc="43:/opt/tinyos-release-tinyos-2_1_2//tos/chips/msp430/timer/Msp430ClockInit.nc" name="initTimerB" provided="0" ref="0x2b6105d9bde0">
        <interfacedef-ref nicename="Msp430ClockInit" qname="Msp430ClockInit"/>
        <type-function alignment="I:1" size="I:1">
          <type-void alignment="I:1" size="I:1"/>
          <function-parameters>
          </function-parameters>
        </type-function>
        <parameters>
        </parameters>
      </function>
      <function command="" loc="47:/opt/tinyos-release-tinyos-2_1_2//tos/chips/msp430/timer/Msp430ClockInit.nc" name="defaultInitTimerA" provided="0" ref="0x2b6105d99420">
        <interfacedef-ref nicename="Msp430ClockInit" qname="Msp430ClockInit"/>
        <type-function alignment="I:1" size="I:1">
          <type-void alignment="I:1" size="I:1"/>
          <function-parameters>
          </function-parameters>
        </type-function>
        <parameters>
        </parameters>
      </function>
      <function event="" loc="42:/opt/tinyos-release-tinyos-2_1_2//tos/chips/msp430/timer/Msp430ClockInit.nc" name="initTimerA" provided="0" ref="0x2b6105d9b700">
        <interfacedef-ref nicename="Msp430ClockInit" qname="Msp430ClockInit"/>
        <type-function alignment="I:1" size="I:1">
          <type-void alignment="I:1" size="I:1"/>
          <function-parameters>
          </function-parameters>
        </type-function>
        <parameters>
        </parameters>
      </function>
      <function command="" loc="45:/opt/tinyos-release-tinyos-2_1_2//tos/chips/msp430/timer/Msp430ClockInit.nc" name="defaultSetupDcoCalibrate" provided="0" ref="0x2b6105d9a5a0">
        <interfacedef-ref nicename="Msp430ClockInit" qname="Msp430ClockInit"/>
        <type-function alignment="I:1" size="I:1">
          <type-void alignment="I:1" size="I:1"/>
          <function-parameters>
          </function-parameters>
        </type-function>
        <parameters>
        </parameters>
      </function>
      <function event="" loc="40:/opt/tinyos-release-tinyos-2_1_2//tos/chips/msp430/timer/Msp430ClockInit.nc" name="setupDcoCalibrate" provided="0" ref="0x2b6105d7e910">
        <interfacedef-ref nicename="Msp430ClockInit" qname="Msp430ClockInit"/>
        <type-function alignment="I:1" size="I:1">
          <type-void alignment="I:1" size="I:1"/>
          <function-parameters>
          </function-parameters>
        </type-function>
        <parameters>
        </parameters>
      </function>
      <function event="" loc="41:/opt/tinyos-release-tinyos-2_1_2//tos/chips/msp430/timer/Msp430ClockInit.nc" name="initClocks" provided="0" ref="0x2b6105d9b020">
        <interfacedef-ref nicename="Msp430ClockInit" qname="Msp430ClockInit"/>
        <type-function alignment="I:1" size="I:1">
          <type-void alignment="I:1" size="I:1"/>
          <function-parameters>
          </function-parameters>
        </type-function>
        <parameters>
        </parameters>
      </function>
      <function command="" loc="46:/opt/tinyos-release-tinyos-2_1_2//tos/chips/msp430/timer/Msp430ClockInit.nc" name="defaultInitClocks" provided="0" ref="0x2b6105d9acc0">
        <interfacedef-ref nicename="Msp430ClockInit" qname="Msp430ClockInit"/>
        <type-function alignment="I:1" size="I:1">
          <type-void alignment="I:1" size="I:1"/>
          <function-parameters>
          </function-parameters>
        </type-function>
        <parameters>
        </parameters>
      </function>
    </interfacedef>