<?xml version="1.0" encoding="utf-8"?><interfacedef loc="37:/opt/tinyos-release-tinyos-2_1_2//tos/chips/msp430/timer/Msp430TimerEvent.nc" nicename="Msp430TimerEvent" qname="Msp430TimerEvent">
      <documentation loc="33:/opt/tinyos-release-tinyos-2_1_2//tos/chips/msp430/timer/Msp430TimerEvent.nc">
        <short>
 </short>
        <long>
 @author Cory Sharp &lt;cssharp@eecs.berkeley.edu&gt;
</long>
      </documentation>
      <function event="" loc="39:/opt/tinyos-release-tinyos-2_1_2//tos/chips/msp430/timer/Msp430TimerEvent.nc" name="fired" provided="0" ref="0x2b6105e1a1f0">
        <interfacedef-ref nicename="Msp430TimerEvent" qname="Msp430TimerEvent"/>
        <type-function alignment="I:1" size="I:1">
          <type-void alignment="I:1" size="I:1"/>
          <function-parameters>
          </function-parameters>
        </type-function>
        <parameters>
        </parameters>
      </function>
    </interfacedef>