<?xml version="1.0" encoding="utf-8"?><interfacedef loc="9:/opt/tinyos-release-tinyos-2_1_2//tos/platforms/epic/chips/ds2411/OneWireStream.nc" nicename="OneWireStream" qname="OneWireStream">
      <documentation loc="5:/opt/tinyos-release-tinyos-2_1_2//tos/platforms/epic/chips/ds2411/OneWireStream.nc">
        <short>
 </short>
        <long>
 @author: Andreas Koepke (koepke@tkn.tu-berlin.de)
</long>
      </documentation>
      <function command="" loc="10:/opt/tinyos-release-tinyos-2_1_2//tos/platforms/epic/chips/ds2411/OneWireStream.nc" name="read" provided="0" ref="0x2b6106bd46a0">
        <interfacedef-ref nicename="OneWireStream" qname="OneWireStream"/>
        <type-function alignment="I:1" size="I:1">
          <type-int alignment="I:1" cname="unsigned char" size="I:1" unsigned="">
            <typename><typedef-ref name="error_t" ref="0x2b610586f980"/></typename>
          </type-int>
          <function-parameters>
            <type-int alignment="I:1" cname="unsigned char" size="I:1" unsigned="">
              <typename><typedef-ref name="uint8_t" ref="0x2b6104f08160"/></typename>
            </type-int>
            <type-pointer alignment="I:2" size="I:2">
              <type-int alignment="I:1" cname="unsigned char" size="I:1" unsigned="">
                <typename><typedef-ref name="uint8_t" ref="0x2b6104f08160"/></typename>
              </type-int>
            </type-pointer>
            <type-int alignment="I:1" cname="unsigned char" size="I:1" unsigned="">
              <typename><typedef-ref name="uint8_t" ref="0x2b6104f08160"/></typename>
            </type-int>
          </function-parameters>
        </type-function>
        <parameters>
          <variable loc="10:/opt/tinyos-release-tinyos-2_1_2//tos/platforms/epic/chips/ds2411/OneWireStream.nc" name="cmd" ref="0x2b6106bd7d40">
            <type-int alignment="I:1" cname="unsigned char" size="I:1" unsigned="">
              <typename><typedef-ref name="uint8_t" ref="0x2b6104f08160"/></typename>
            </type-int>
          </variable>
          <variable loc="10:/opt/tinyos-release-tinyos-2_1_2//tos/platforms/epic/chips/ds2411/OneWireStream.nc" name="buf" ref="0x2b6106bd40d0">
            <type-pointer alignment="I:2" size="I:2">
              <type-int alignment="I:1" cname="unsigned char" size="I:1" unsigned="">
                <typename><typedef-ref name="uint8_t" ref="0x2b6104f08160"/></typename>
              </type-int>
            </type-pointer>
          </variable>
          <variable loc="10:/opt/tinyos-release-tinyos-2_1_2//tos/platforms/epic/chips/ds2411/OneWireStream.nc" name="len" ref="0x2b6106bd4400">
            <type-int alignment="I:1" cname="unsigned char" size="I:1" unsigned="">
              <typename><typedef-ref name="uint8_t" ref="0x2b6104f08160"/></typename>
            </type-int>
          </variable>
        </parameters>
      </function>
      <function command="" loc="11:/opt/tinyos-release-tinyos-2_1_2//tos/platforms/epic/chips/ds2411/OneWireStream.nc" name="write" provided="0" ref="0x2b6106bd3400">
        <interfacedef-ref nicename="OneWireStream" qname="OneWireStream"/>
        <type-function alignment="I:1" size="I:1">
          <type-int alignment="I:1" cname="unsigned char" size="I:1" unsigned="">
            <typename><typedef-ref name="error_t" ref="0x2b610586f980"/></typename>
          </type-int>
          <function-parameters>
            <type-pointer alignment="I:2" size="I:2">
              <type-qualified const="">
                  <typename><typedef-ref name="uint8_t" ref="0x2b6104f08160"/></typename>
                <type-int alignment="I:1" cname="unsigned char" size="I:1" unsigned=""/>
              </type-qualified>
            </type-pointer>
            <type-int alignment="I:1" cname="unsigned char" size="I:1" unsigned="">
              <typename><typedef-ref name="uint8_t" ref="0x2b6104f08160"/></typename>
            </type-int>
          </function-parameters>
        </type-function>
        <parameters>
          <variable loc="11:/opt/tinyos-release-tinyos-2_1_2//tos/platforms/epic/chips/ds2411/OneWireStream.nc" name="buf" ref="0x2b6106bd4df0">
            <type-pointer alignment="I:2" size="I:2">
              <type-qualified const="">
                  <typename><typedef-ref name="uint8_t" ref="0x2b6104f08160"/></typename>
                <type-int alignment="I:1" cname="unsigned char" size="I:1" unsigned=""/>
              </type-qualified>
            </type-pointer>
          </variable>
          <variable loc="11:/opt/tinyos-release-tinyos-2_1_2//tos/platforms/epic/chips/ds2411/OneWireStream.nc" name="len" ref="0x2b6106bd3170">
            <type-int alignment="I:1" cname="unsigned char" size="I:1" unsigned="">
              <typename><typedef-ref name="uint8_t" ref="0x2b6104f08160"/></typename>
            </type-int>
          </variable>
        </parameters>
      </function>
    </interfacedef>