<?xml version="1.0" encoding="utf-8"?><interfacedef loc="43:/opt/tinyos-release-tinyos-2_1_2//tos/chips/cc2420/interfaces/PacketTimeSyncOffset.nc" nicename="PacketTimeSyncOffset" qname="PacketTimeSyncOffset">
      <function command="" loc="58:/opt/tinyos-release-tinyos-2_1_2//tos/chips/cc2420/interfaces/PacketTimeSyncOffset.nc" name="get" provided="0" ref="0x2b6106caa5f0">
        <documentation loc="52:/opt/tinyos-release-tinyos-2_1_2//tos/chips/cc2420/interfaces/PacketTimeSyncOffset.nc">
          <short>
 </short>
          <long>
 @param 'message_t *ONE msg' message to examine.

 Returns the offset of where the timesync timestamp is sotred in a
 CC2420 packet
</long>
        </documentation>
        <interfacedef-ref nicename="PacketTimeSyncOffset" qname="PacketTimeSyncOffset"/>
        <type-function alignment="I:1" size="I:1">
          <type-int alignment="I:1" cname="unsigned char" size="I:1" unsigned="">
            <typename><typedef-ref name="uint8_t" ref="0x2b6104f08160"/></typename>
          </type-int>
          <function-parameters>
            <type-pointer alignment="I:2" size="I:2">
              <type-tag alignment="I:1" size="I:152"><nx_struct-ref name="message_t" ref="0x2b6105d580c0"/>
                <typename><typedef-ref name="message_t" ref="0x2b6105d576f0"/></typename>
              </type-tag>
            </type-pointer>
          </function-parameters>
        </type-function>
        <parameters>
          <variable loc="58:/opt/tinyos-release-tinyos-2_1_2//tos/chips/cc2420/interfaces/PacketTimeSyncOffset.nc" name="msg" ref="0x2b6106caa370">
            <type-pointer alignment="I:2" size="I:2">
              <type-tag alignment="I:1" size="I:152"><nx_struct-ref name="message_t" ref="0x2b6105d580c0"/>
                <typename><typedef-ref name="message_t" ref="0x2b6105d576f0"/></typename>
              </type-tag>
            </type-pointer>
          </variable>
        </parameters>
      </function>
      <function command="" loc="50:/opt/tinyos-release-tinyos-2_1_2//tos/chips/cc2420/interfaces/PacketTimeSyncOffset.nc" name="isSet" provided="0" ref="0x2b6106cab5f0">
        <documentation loc="45:/opt/tinyos-release-tinyos-2_1_2//tos/chips/cc2420/interfaces/PacketTimeSyncOffset.nc">
          <short>
 </short>
          <long>
 @param 'message_t *ONE msg' message to examine.

 Returns TRUE if the current message should be timestamped.
</long>
        </documentation>
        <interfacedef-ref nicename="PacketTimeSyncOffset" qname="PacketTimeSyncOffset"/>
        <type-function alignment="I:1" size="I:1">
          <type-int alignment="I:1" cname="unsigned char" size="I:1" unsigned="">
            <typename><typedef-ref name="bool" ref="0x2b610586b090"/></typename>
          </type-int>
          <function-parameters>
            <type-pointer alignment="I:2" size="I:2">
              <type-tag alignment="I:1" size="I:152"><nx_struct-ref name="message_t" ref="0x2b6105d580c0"/>
                <typename><typedef-ref name="message_t" ref="0x2b6105d576f0"/></typename>
              </type-tag>
            </type-pointer>
          </function-parameters>
        </type-function>
        <parameters>
          <variable loc="50:/opt/tinyos-release-tinyos-2_1_2//tos/chips/cc2420/interfaces/PacketTimeSyncOffset.nc" name="msg" ref="0x2b6106cab370">
            <type-pointer alignment="I:2" size="I:2">
              <type-tag alignment="I:1" size="I:152"><nx_struct-ref name="message_t" ref="0x2b6105d580c0"/>
                <typename><typedef-ref name="message_t" ref="0x2b6105d576f0"/></typename>
              </type-tag>
            </type-pointer>
          </variable>
        </parameters>
      </function>
      <function command="" loc="72:/opt/tinyos-release-tinyos-2_1_2//tos/chips/cc2420/interfaces/PacketTimeSyncOffset.nc" name="cancel" provided="0" ref="0x2b6106ca75f0">
        <documentation loc="67:/opt/tinyos-release-tinyos-2_1_2//tos/chips/cc2420/interfaces/PacketTimeSyncOffset.nc">
          <short>
 </short>
          <long>
 @param 'message_t *ONE msg' message to modify.

 Cancels any pending requests to timestamp the message in MAC.
</long>
        </documentation>
        <interfacedef-ref nicename="PacketTimeSyncOffset" qname="PacketTimeSyncOffset"/>
        <type-function alignment="I:1" size="I:1">
          <type-void alignment="I:1" size="I:1"/>
          <function-parameters>
            <type-pointer alignment="I:2" size="I:2">
              <type-tag alignment="I:1" size="I:152"><nx_struct-ref name="message_t" ref="0x2b6105d580c0"/>
                <typename><typedef-ref name="message_t" ref="0x2b6105d576f0"/></typename>
              </type-tag>
            </type-pointer>
          </function-parameters>
        </type-function>
        <parameters>
          <variable loc="72:/opt/tinyos-release-tinyos-2_1_2//tos/chips/cc2420/interfaces/PacketTimeSyncOffset.nc" name="msg" ref="0x2b6106ca7370">
            <type-pointer alignment="I:2" size="I:2">
              <type-tag alignment="I:1" size="I:152"><nx_struct-ref name="message_t" ref="0x2b6105d580c0"/>
                <typename><typedef-ref name="message_t" ref="0x2b6105d576f0"/></typename>
              </type-tag>
            </type-pointer>
          </variable>
        </parameters>
      </function>
      <function command="" loc="65:/opt/tinyos-release-tinyos-2_1_2//tos/chips/cc2420/interfaces/PacketTimeSyncOffset.nc" name="set" provided="0" ref="0x2b6106ca85f0">
        <documentation loc="60:/opt/tinyos-release-tinyos-2_1_2//tos/chips/cc2420/interfaces/PacketTimeSyncOffset.nc">
          <short>
 </short>
          <long>
 @param 'message_t *ONE msg' message to modify.

  Sets the current message to be timestamped in the MAC layer.
</long>
        </documentation>
        <interfacedef-ref nicename="PacketTimeSyncOffset" qname="PacketTimeSyncOffset"/>
        <type-function alignment="I:1" size="I:1">
          <type-void alignment="I:1" size="I:1"/>
          <function-parameters>
            <type-pointer alignment="I:2" size="I:2">
              <type-tag alignment="I:1" size="I:152"><nx_struct-ref name="message_t" ref="0x2b6105d580c0"/>
                <typename><typedef-ref name="message_t" ref="0x2b6105d576f0"/></typename>
              </type-tag>
            </type-pointer>
          </function-parameters>
        </type-function>
        <parameters>
          <variable loc="65:/opt/tinyos-release-tinyos-2_1_2//tos/chips/cc2420/interfaces/PacketTimeSyncOffset.nc" name="msg" ref="0x2b6106ca8370">
            <type-pointer alignment="I:2" size="I:2">
              <type-tag alignment="I:1" size="I:152"><nx_struct-ref name="message_t" ref="0x2b6105d580c0"/>
                <typename><typedef-ref name="message_t" ref="0x2b6105d576f0"/></typename>
              </type-tag>
            </type-pointer>
          </variable>
        </parameters>
      </function>
    </interfacedef>