<?xml version="1.0" encoding="utf-8"?><interfacedef loc="53:/opt/tinyos-release-tinyos-2_1_2//tos/interfaces/ParameterInit.nc" nicename="ParameterInit" qname="ParameterInit">
      <documentation loc="34:/opt/tinyos-release-tinyos-2_1_2//tos/types/TinyError.h">
        <short>
 </short>
        <long>
 @author Phil Levis
 @author David Gay
 Revision:  $Revision: 1.12 $

 Defines global error codes for error_t in TinyOS.
</long>
      </documentation>
      <parameters>
        <typedef loc="53:/opt/tinyos-release-tinyos-2_1_2//tos/interfaces/ParameterInit.nc" name="parameter" ref="0x2b6106ebd610">
          <interfacedef-ref nicename="ParameterInit" qname="ParameterInit"/>
          <type-var alignment="U:" size="U:"><typedef-ref name="parameter" ref="0x2b6106ebd610" scoped=""/></type-var>
        </typedef>
      </parameters>
      <function command="" loc="64:/opt/tinyos-release-tinyos-2_1_2//tos/interfaces/ParameterInit.nc" name="init" provided="0" ref="0x2b6106eb82a0">
        <documentation loc="55:/opt/tinyos-release-tinyos-2_1_2//tos/interfaces/ParameterInit.nc">
          <short>
 Initialize this component.</short>
          <long>
 Initialize this component. Initialization should not assume that
 any component is running: init() cannot call any commands besides
 those that initialize other components. This command behaves
 identically to Init.init, except that it takes a parameter.

 @param   param   the initialization parameter
 @return          SUCCESS if initialized properly, FAIL otherwise.
</long>
        </documentation>
        <interfacedef-ref nicename="ParameterInit" qname="ParameterInit"/>
        <type-function alignment="I:1" size="I:1">
          <type-int alignment="I:1" cname="unsigned char" size="I:1" unsigned="">
            <typename><typedef-ref name="error_t" ref="0x2b610586f980"/></typename>
          </type-int>
          <function-parameters>
            <type-var alignment="U:" size="U:"><typedef-ref name="parameter" ref="0x2b6106ebd610" scoped=""/></type-var>
          </function-parameters>
        </type-function>
        <parameters>
          <variable loc="64:/opt/tinyos-release-tinyos-2_1_2//tos/interfaces/ParameterInit.nc" name="param" ref="0x2b6106eb8020">
            <type-var alignment="U:" size="U:"><typedef-ref name="parameter" ref="0x2b6106ebd610" scoped=""/></type-var>
          </variable>
        </parameters>
      </function>
    </interfacedef>