<?xml version="1.0" encoding="utf-8"?><interfacedef loc="44:/opt/tinyos-release-tinyos-2_1_2//tos/lib/printf/Putchar.nc" nicename="Putchar" qname="Putchar">
      <documentation loc="32:/opt/tinyos-release-tinyos-2_1_2//tos/lib/printf/Putchar.nc">
        <short> Interface to be implemented by any low-level component that
 provides character output for libc-based printf in TinyOS.</short>
        <long> Interface to be implemented by any low-level component that
 provides character output for libc-based printf in TinyOS.  The
 component providing this interface should be wired to PutcharC from
 $(TOSDIR)/lib/printf.

 @note On some platforms inclusion of &lt;stdio.h&gt; may define putchar
 as a macro.  Any need for this should be eliminated by the
 implementation in PutcharP.nc, so &quot;#undef putchar&quot; prior to your
 use of this identifier when implementing this interface.

 @author Peter A. Bigot &lt;pabigot@users.sourceforge.net&gt;
</long>
      </documentation>
      <function command="" loc="49:/opt/tinyos-release-tinyos-2_1_2//tos/lib/printf/Putchar.nc" name="putchar" provided="0" ref="0x2b61074472a0">
        <documentation loc="46:/opt/tinyos-release-tinyos-2_1_2//tos/lib/printf/Putchar.nc">
          <short> Send the unsigned char represented by c to the output.</short>
          <long> Send the unsigned char represented by c to the output.  Return
 -1 on error, and c if successful. *</long>
        </documentation>
        <interfacedef-ref nicename="Putchar" qname="Putchar"/>
        <type-function alignment="I:1" size="I:1">
          <type-int alignment="I:2" cname="int" size="I:2"/>
          <function-parameters>
            <type-int alignment="I:2" cname="int" size="I:2"/>
          </function-parameters>
        </type-function>
        <parameters>
          <variable loc="49:/opt/tinyos-release-tinyos-2_1_2//tos/lib/printf/Putchar.nc" name="c" ref="0x2b6107447020">
            <type-int alignment="I:2" cname="int" size="I:2"/>
          </variable>
        </parameters>
      </function>
    </interfacedef>