<?xml version="1.0" encoding="utf-8"?><interfacedef loc="49:/opt/tinyos-release-tinyos-2_1_2//tos/interfaces/Read.nc" nicename="Read" qname="Read">
      <documentation loc="33:/opt/tinyos-release-tinyos-2_1_2//tos/interfaces/Read.nc">
        <short>
 The Read interface is intended for split-phase low-rate or
 high-latency reading of small values.</short>
        <long>
 The Read interface is intended for split-phase low-rate or
 high-latency reading of small values. The type of the value is
 given as a template argument. Because this interface is
 split-phase, these values may be backed by hardware, or a
 long-running computation.

 &lt;p&gt;
 See TEP114 - SIDs: Source and Sink Independent Drivers for details.
 
 @param val_t the type of the object that will be returned

 @author Gilman Tolle &lt;gtolle@archrock.com&gt;
 @version $Revision: 1.4 $ $Date: 2006-12-12 18:23:14 $
</long>
      </documentation>
      <parameters>
        <typedef loc="49:/opt/tinyos-release-tinyos-2_1_2//tos/interfaces/Read.nc" name="val_t" ref="0x2b61064bf320">
          <interfacedef-ref nicename="Read" qname="Read"/>
          <type-var alignment="U:" size="U:"><typedef-ref name="val_t" ref="0x2b61064bf320" scoped=""/></type-var>
        </typedef>
      </parameters>
      <function command="" loc="55:/opt/tinyos-release-tinyos-2_1_2//tos/interfaces/Read.nc" name="read" provided="0" ref="0x2b61064bfbe0">
        <documentation loc="50:/opt/tinyos-release-tinyos-2_1_2//tos/interfaces/Read.nc">
          <short>
 Initiates a read of the value.</short>
          <long>
 Initiates a read of the value.
 
 @return SUCCESS if a readDone() event will eventually come back.
</long>
        </documentation>
        <interfacedef-ref nicename="Read" qname="Read"/>
        <type-function alignment="I:1" size="I:1">
          <type-int alignment="I:1" cname="unsigned char" size="I:1" unsigned="">
            <typename><typedef-ref name="error_t" ref="0x2b610586f980"/></typename>
          </type-int>
          <function-parameters>
          </function-parameters>
        </type-function>
        <parameters>
        </parameters>
      </function>
      <function event="" loc="63:/opt/tinyos-release-tinyos-2_1_2//tos/interfaces/Read.nc" name="readDone" provided="0" ref="0x2b61064be930">
        <documentation loc="57:/opt/tinyos-release-tinyos-2_1_2//tos/interfaces/Read.nc">
          <short>
 Signals the completion of the read().</short>
          <long>
 Signals the completion of the read().

 @param result SUCCESS if the read() was successful
 @param val the value that has been read
</long>
        </documentation>
        <interfacedef-ref nicename="Read" qname="Read"/>
        <type-function alignment="I:1" size="I:1">
          <type-void alignment="I:1" size="I:1"/>
          <function-parameters>
            <type-int alignment="I:1" cname="unsigned char" size="I:1" unsigned="">
              <typename><typedef-ref name="error_t" ref="0x2b610586f980"/></typename>
            </type-int>
            <type-var alignment="U:" size="U:"><typedef-ref name="val_t" ref="0x2b61064bf320" scoped=""/></type-var>
          </function-parameters>
        </type-function>
        <parameters>
          <variable loc="63:/opt/tinyos-release-tinyos-2_1_2//tos/interfaces/Read.nc" name="result" ref="0x2b61064be380">
            <type-int alignment="I:1" cname="unsigned char" size="I:1" unsigned="">
              <typename><typedef-ref name="error_t" ref="0x2b610586f980"/></typename>
            </type-int>
          </variable>
          <variable loc="63:/opt/tinyos-release-tinyos-2_1_2//tos/interfaces/Read.nc" name="val" ref="0x2b61064be6a0">
            <type-var alignment="U:" size="U:"><typedef-ref name="val_t" ref="0x2b61064bf320" scoped=""/></type-var>
          </variable>
        </parameters>
      </function>
    </interfacedef>