<?xml version="1.0" encoding="utf-8"?><interfacedef loc="37:/opt/tinyos-release-tinyos-2_1_2//tos/chips/cc2420/interfaces/ReceiveIndicator.nc" nicename="ReceiveIndicator" qname="ReceiveIndicator">
      <documentation loc="32:/opt/tinyos-release-tinyos-2_1_2//tos/chips/cc2420/interfaces/ReceiveIndicator.nc">
        <short>
 Interface to obtain energy, byte, and packet receive check readings
 </short>
        <long>
 Interface to obtain energy, byte, and packet receive check readings
 @author David Moss
</long>
      </documentation>
      <function command="" loc="43:/opt/tinyos-release-tinyos-2_1_2//tos/chips/cc2420/interfaces/ReceiveIndicator.nc" name="isReceiving" provided="0" ref="0x2b6106c6d5e0">
        <documentation loc="39:/opt/tinyos-release-tinyos-2_1_2//tos/chips/cc2420/interfaces/ReceiveIndicator.nc">
          <short>
 </short>
          <long>
 @return TRUE if the indicator is showing we are actively receiving at this
 level
</long>
        </documentation>
        <interfacedef-ref nicename="ReceiveIndicator" qname="ReceiveIndicator"/>
        <type-function alignment="I:1" size="I:1">
          <type-int alignment="I:1" cname="unsigned char" size="I:1" unsigned="">
            <typename><typedef-ref name="bool" ref="0x2b610586b090"/></typename>
          </type-int>
          <function-parameters>
          </function-parameters>
        </type-function>
        <parameters>
        </parameters>
      </function>
    </interfacedef>