<?xml version="1.0" encoding="utf-8"?><interfacedef loc="38:/opt/tinyos-release-tinyos-2_1_2//tos/interfaces/SpiByte.nc" nicename="SpiByte" qname="SpiByte">
      <documentation loc="34:/opt/tinyos-release-tinyos-2_1_2//tos/interfaces/SpiByte.nc">
        <short>
 </short>
        <long>
 @author Jonathan Hui
 @author Joe Polastre
</long>
      </documentation>
      <function command="" loc="45:/opt/tinyos-release-tinyos-2_1_2//tos/interfaces/SpiByte.nc" name="write" provided="0" ref="0x2b610673aca0">
        <documentation loc="40:/opt/tinyos-release-tinyos-2_1_2//tos/interfaces/SpiByte.nc">
          <short>
 Synchronous transmit and receive (can be in interrupt context)
 </short>
          <long>
 Synchronous transmit and receive (can be in interrupt context)
 @param tx Byte to transmit
 @param rx Received byte is stored here.
</long>
        </documentation>
        <interfacedef-ref nicename="SpiByte" qname="SpiByte"/>
        <type-function alignment="I:1" size="I:1">
          <type-int alignment="I:1" cname="unsigned char" size="I:1" unsigned="">
            <typename><typedef-ref name="uint8_t" ref="0x2b6104f08160"/></typename>
          </type-int>
          <function-parameters>
            <type-int alignment="I:1" cname="unsigned char" size="I:1" unsigned="">
              <typename><typedef-ref name="uint8_t" ref="0x2b6104f08160"/></typename>
            </type-int>
          </function-parameters>
        </type-function>
        <parameters>
          <variable loc="45:/opt/tinyos-release-tinyos-2_1_2//tos/interfaces/SpiByte.nc" name="tx" ref="0x2b610673aa20">
            <type-int alignment="I:1" cname="unsigned char" size="I:1" unsigned="">
              <typename><typedef-ref name="uint8_t" ref="0x2b6104f08160"/></typename>
            </type-int>
          </variable>
        </parameters>
      </function>
    </interfacedef>