<?xml version="1.0" encoding="utf-8"?><interfacedef loc="38:/opt/tinyos-release-tinyos-2_1_2//tos/interfaces/State.nc" nicename="State" qname="State">
      <documentation loc="33:/opt/tinyos-release-tinyos-2_1_2//tos/interfaces/State.nc">
        <short>
 State machine interface
 </short>
        <long>
 State machine interface
 @author David Moss - dmm@rincon.com
</long>
      </documentation>
      <function command="" loc="71:/opt/tinyos-release-tinyos-2_1_2//tos/interfaces/State.nc" name="getState" provided="0" ref="0x2b6106431a70">
        <documentation loc="68:/opt/tinyos-release-tinyos-2_1_2//tos/interfaces/State.nc">
          <short>
 Get the current state
</short>
        </documentation>
        <interfacedef-ref nicename="State" qname="State"/>
        <type-function alignment="I:1" size="I:1">
          <type-int alignment="I:1" cname="unsigned char" size="I:1" unsigned="">
            <typename><typedef-ref name="uint8_t" ref="0x2b6104f08160"/></typename>
          </type-int>
          <function-parameters>
          </function-parameters>
        </type-function>
        <parameters>
        </parameters>
      </function>
      <function command="" loc="56:/opt/tinyos-release-tinyos-2_1_2//tos/interfaces/State.nc" name="toIdle" provided="0" ref="0x2b6106432020">
        <documentation loc="53:/opt/tinyos-release-tinyos-2_1_2//tos/interfaces/State.nc">
          <short>
 Set the current state back to S_IDLE
</short>
        </documentation>
        <interfacedef-ref nicename="State" qname="State"/>
        <type-function alignment="I:1" size="I:1">
          <type-void alignment="I:1" size="I:1"/>
          <function-parameters>
          </function-parameters>
        </type-function>
        <parameters>
        </parameters>
      </function>
      <function command="" loc="66:/opt/tinyos-release-tinyos-2_1_2//tos/interfaces/State.nc" name="isState" provided="0" ref="0x2b61064312a0">
        <documentation loc="63:/opt/tinyos-release-tinyos-2_1_2//tos/interfaces/State.nc">
          <short>
 </short>
          <long>
 @return TRUE if the state machine is in the given state
</long>
        </documentation>
        <interfacedef-ref nicename="State" qname="State"/>
        <type-function alignment="I:1" size="I:1">
          <type-int alignment="I:1" cname="unsigned char" size="I:1" unsigned="">
            <typename><typedef-ref name="bool" ref="0x2b610586b090"/></typename>
          </type-int>
          <function-parameters>
            <type-int alignment="I:1" cname="unsigned char" size="I:1" unsigned="">
              <typename><typedef-ref name="uint8_t" ref="0x2b6104f08160"/></typename>
            </type-int>
          </function-parameters>
        </type-function>
        <parameters>
          <variable loc="66:/opt/tinyos-release-tinyos-2_1_2//tos/interfaces/State.nc" name="myState" ref="0x2b6106431020">
            <type-int alignment="I:1" cname="unsigned char" size="I:1" unsigned="">
              <typename><typedef-ref name="uint8_t" ref="0x2b6104f08160"/></typename>
            </type-int>
          </variable>
        </parameters>
      </function>
      <function command="" loc="61:/opt/tinyos-release-tinyos-2_1_2//tos/interfaces/State.nc" name="isIdle" provided="0" ref="0x2b6106432790">
        <documentation loc="58:/opt/tinyos-release-tinyos-2_1_2//tos/interfaces/State.nc">
          <short>
 </short>
          <long>
 @return TRUE if the state machine is in S_IDLE
</long>
        </documentation>
        <interfacedef-ref nicename="State" qname="State"/>
        <type-function alignment="I:1" size="I:1">
          <type-int alignment="I:1" cname="unsigned char" size="I:1" unsigned="">
            <typename><typedef-ref name="bool" ref="0x2b610586b090"/></typename>
          </type-int>
          <function-parameters>
          </function-parameters>
        </type-function>
        <parameters>
        </parameters>
      </function>
      <function command="" loc="45:/opt/tinyos-release-tinyos-2_1_2//tos/interfaces/State.nc" name="requestState" provided="0" ref="0x2b610643bcb0">
        <documentation loc="40:/opt/tinyos-release-tinyos-2_1_2//tos/interfaces/State.nc">
          <short>
 This will allow a state change so long as the current
 state is S_IDLE.</short>
          <long>
 This will allow a state change so long as the current
 state is S_IDLE.
 @return SUCCESS if the state is change, FAIL if it isn't
</long>
        </documentation>
        <interfacedef-ref nicename="State" qname="State"/>
        <type-function alignment="I:1" size="I:1">
          <type-int alignment="I:1" cname="unsigned char" size="I:1" unsigned="">
            <typename><typedef-ref name="error_t" ref="0x2b610586f980"/></typename>
          </type-int>
          <function-parameters>
            <type-int alignment="I:1" cname="unsigned char" size="I:1" unsigned="">
              <typename><typedef-ref name="uint8_t" ref="0x2b6104f08160"/></typename>
            </type-int>
          </function-parameters>
        </type-function>
        <parameters>
          <variable loc="45:/opt/tinyos-release-tinyos-2_1_2//tos/interfaces/State.nc" name="reqState" ref="0x2b610643ba30">
            <type-int alignment="I:1" cname="unsigned char" size="I:1" unsigned="">
              <typename><typedef-ref name="uint8_t" ref="0x2b6104f08160"/></typename>
            </type-int>
          </variable>
        </parameters>
      </function>
      <function command="" loc="51:/opt/tinyos-release-tinyos-2_1_2//tos/interfaces/State.nc" name="forceState" provided="0" ref="0x2b61064337a0">
        <documentation loc="47:/opt/tinyos-release-tinyos-2_1_2//tos/interfaces/State.nc">
          <short>
 Force the state machine to go into a certain state,
 regardless of the current state it's in.</short>
          <long>
 Force the state machine to go into a certain state,
 regardless of the current state it's in.
</long>
        </documentation>
        <interfacedef-ref nicename="State" qname="State"/>
        <type-function alignment="I:1" size="I:1">
          <type-void alignment="I:1" size="I:1"/>
          <function-parameters>
            <type-int alignment="I:1" cname="unsigned char" size="I:1" unsigned="">
              <typename><typedef-ref name="uint8_t" ref="0x2b6104f08160"/></typename>
            </type-int>
          </function-parameters>
        </type-function>
        <parameters>
          <variable loc="51:/opt/tinyos-release-tinyos-2_1_2//tos/interfaces/State.nc" name="reqState" ref="0x2b6106433520">
            <type-int alignment="I:1" cname="unsigned char" size="I:1" unsigned="">
              <typename><typedef-ref name="uint8_t" ref="0x2b6104f08160"/></typename>
            </type-int>
          </variable>
        </parameters>
      </function>
    </interfacedef>