<?xml version="1.0" encoding="utf-8"?><interfacedef loc="42:/opt/tinyos-release-tinyos-2_1_2//tos/lib/net/TinySDNSocketPacket.nc" nicename="TinySDNSocketPacket" qname="TinySDNSocketPacket">
      <function command="" loc="50:/opt/tinyos-release-tinyos-2_1_2//tos/lib/net/TinySDNSocketPacket.nc" name="setSequenceNumber" provided="0" ref="0x2b6105f53600">
        <interfacedef-ref nicename="TinySDNSocketPacket" qname="TinySDNSocketPacket"/>
        <type-function alignment="I:1" size="I:1">
          <type-void alignment="I:1" size="I:1"/>
          <function-parameters>
            <type-pointer alignment="I:2" size="I:2">
              <type-tag alignment="I:1" size="I:152"><nx_struct-ref name="message_t" ref="0x2b6105d580c0"/>
                <typename><typedef-ref name="message_t" ref="0x2b6105d576f0"/></typename>
              </type-tag>
            </type-pointer>
            <type-int alignment="I:1" cname="unsigned char" size="I:1" unsigned="">
              <typename><typedef-ref name="uint8_t" ref="0x2b6104f08160"/></typename>
            </type-int>
          </function-parameters>
        </type-function>
        <parameters>
          <variable loc="50:/opt/tinyos-release-tinyos-2_1_2//tos/lib/net/TinySDNSocketPacket.nc" name="msg" ref="0x2b6105f53020">
            <type-pointer alignment="I:2" size="I:2">
              <type-tag alignment="I:1" size="I:152"><nx_struct-ref name="message_t" ref="0x2b6105d580c0"/>
                <typename><typedef-ref name="message_t" ref="0x2b6105d576f0"/></typename>
              </type-tag>
            </type-pointer>
          </variable>
          <variable loc="50:/opt/tinyos-release-tinyos-2_1_2//tos/lib/net/TinySDNSocketPacket.nc" name="seqno" ref="0x2b6105f53370">
            <type-int alignment="I:1" cname="unsigned char" size="I:1" unsigned="">
              <typename><typedef-ref name="uint8_t" ref="0x2b6104f08160"/></typename>
            </type-int>
          </variable>
        </parameters>
      </function>
      <function command="" loc="47:/opt/tinyos-release-tinyos-2_1_2//tos/lib/net/TinySDNSocketPacket.nc" name="setSocketID" provided="0" ref="0x2b6105f56de0">
        <interfacedef-ref nicename="TinySDNSocketPacket" qname="TinySDNSocketPacket"/>
        <type-function alignment="I:1" size="I:1">
          <type-void alignment="I:1" size="I:1"/>
          <function-parameters>
            <type-pointer alignment="I:2" size="I:2">
              <type-tag alignment="I:1" size="I:152"><nx_struct-ref name="message_t" ref="0x2b6105d580c0"/>
                <typename><typedef-ref name="message_t" ref="0x2b6105d576f0"/></typename>
              </type-tag>
            </type-pointer>
            <type-int alignment="I:1" cname="unsigned char" size="I:1" unsigned="">
              <typename><typedef-ref name="tinysdnsocket_id_t" ref="0x2b6105f59830"/></typename>
            </type-int>
          </function-parameters>
        </type-function>
        <parameters>
          <variable loc="47:/opt/tinyos-release-tinyos-2_1_2//tos/lib/net/TinySDNSocketPacket.nc" name="msg" ref="0x2b6105f567b0">
            <type-pointer alignment="I:2" size="I:2">
              <type-tag alignment="I:1" size="I:152"><nx_struct-ref name="message_t" ref="0x2b6105d580c0"/>
                <typename><typedef-ref name="message_t" ref="0x2b6105d576f0"/></typename>
              </type-tag>
            </type-pointer>
          </variable>
          <variable loc="47:/opt/tinyos-release-tinyos-2_1_2//tos/lib/net/TinySDNSocketPacket.nc" name="id" ref="0x2b6105f56b50">
            <type-int alignment="I:1" cname="unsigned char" size="I:1" unsigned="">
              <typename><typedef-ref name="tinysdnsocket_id_t" ref="0x2b6105f59830"/></typename>
            </type-int>
          </variable>
        </parameters>
      </function>
      <function command="" loc="44:/opt/tinyos-release-tinyos-2_1_2//tos/lib/net/TinySDNSocketPacket.nc" name="setOrigin" provided="0" ref="0x2b6105f57600">
        <interfacedef-ref nicename="TinySDNSocketPacket" qname="TinySDNSocketPacket"/>
        <type-function alignment="I:1" size="I:1">
          <type-void alignment="I:1" size="I:1"/>
          <function-parameters>
            <type-pointer alignment="I:2" size="I:2">
              <type-tag alignment="I:1" size="I:152"><nx_struct-ref name="message_t" ref="0x2b6105d580c0"/>
                <typename><typedef-ref name="message_t" ref="0x2b6105d576f0"/></typename>
              </type-tag>
            </type-pointer>
            <type-int alignment="I:2" cname="unsigned int" size="I:2" unsigned="">
              <typename><typedef-ref name="am_addr_t" ref="0x2b6105d485b0"/></typename>
            </type-int>
          </function-parameters>
        </type-function>
        <parameters>
          <variable loc="44:/opt/tinyos-release-tinyos-2_1_2//tos/lib/net/TinySDNSocketPacket.nc" name="msg" ref="0x2b6105f57020">
            <type-pointer alignment="I:2" size="I:2">
              <type-tag alignment="I:1" size="I:152"><nx_struct-ref name="message_t" ref="0x2b6105d580c0"/>
                <typename><typedef-ref name="message_t" ref="0x2b6105d576f0"/></typename>
              </type-tag>
            </type-pointer>
          </variable>
          <variable loc="44:/opt/tinyos-release-tinyos-2_1_2//tos/lib/net/TinySDNSocketPacket.nc" name="addr" ref="0x2b6105f57370">
            <type-int alignment="I:2" cname="unsigned int" size="I:2" unsigned="">
              <typename><typedef-ref name="am_addr_t" ref="0x2b6105d485b0"/></typename>
            </type-int>
          </variable>
        </parameters>
      </function>
      <function command="" loc="46:/opt/tinyos-release-tinyos-2_1_2//tos/lib/net/TinySDNSocketPacket.nc" name="getSocketID" provided="0" ref="0x2b6105f560b0">
        <interfacedef-ref nicename="TinySDNSocketPacket" qname="TinySDNSocketPacket"/>
        <type-function alignment="I:1" size="I:1">
          <type-int alignment="I:1" cname="unsigned char" size="I:1" unsigned="">
            <typename><typedef-ref name="tinysdnsocket_id_t" ref="0x2b6105f59830"/></typename>
          </type-int>
          <function-parameters>
            <type-pointer alignment="I:2" size="I:2">
              <type-tag alignment="I:1" size="I:152"><nx_struct-ref name="message_t" ref="0x2b6105d580c0"/>
                <typename><typedef-ref name="message_t" ref="0x2b6105d576f0"/></typename>
              </type-tag>
            </type-pointer>
          </function-parameters>
        </type-function>
        <parameters>
          <variable loc="46:/opt/tinyos-release-tinyos-2_1_2//tos/lib/net/TinySDNSocketPacket.nc" name="msg" ref="0x2b6105f57dc0">
            <type-pointer alignment="I:2" size="I:2">
              <type-tag alignment="I:1" size="I:152"><nx_struct-ref name="message_t" ref="0x2b6105d580c0"/>
                <typename><typedef-ref name="message_t" ref="0x2b6105d576f0"/></typename>
              </type-tag>
            </type-pointer>
          </variable>
        </parameters>
      </function>
      <function command="" loc="43:/opt/tinyos-release-tinyos-2_1_2//tos/lib/net/TinySDNSocketPacket.nc" name="getOrigin" provided="0" ref="0x2b6105f587c0">
        <interfacedef-ref nicename="TinySDNSocketPacket" qname="TinySDNSocketPacket"/>
        <type-function alignment="I:1" size="I:1">
          <type-int alignment="I:2" cname="unsigned int" size="I:2" unsigned="">
            <typename><typedef-ref name="am_addr_t" ref="0x2b6105d485b0"/></typename>
          </type-int>
          <function-parameters>
            <type-pointer alignment="I:2" size="I:2">
              <type-tag alignment="I:1" size="I:152"><nx_struct-ref name="message_t" ref="0x2b6105d580c0"/>
                <typename><typedef-ref name="message_t" ref="0x2b6105d576f0"/></typename>
              </type-tag>
            </type-pointer>
          </function-parameters>
        </type-function>
        <parameters>
          <variable loc="43:/opt/tinyos-release-tinyos-2_1_2//tos/lib/net/TinySDNSocketPacket.nc" name="msg" ref="0x2b6105f58540">
            <type-pointer alignment="I:2" size="I:2">
              <type-tag alignment="I:1" size="I:152"><nx_struct-ref name="message_t" ref="0x2b6105d580c0"/>
                <typename><typedef-ref name="message_t" ref="0x2b6105d576f0"/></typename>
              </type-tag>
            </type-pointer>
          </variable>
        </parameters>
      </function>
      <function command="" loc="49:/opt/tinyos-release-tinyos-2_1_2//tos/lib/net/TinySDNSocketPacket.nc" name="getSequenceNumber" provided="0" ref="0x2b6105f54840">
        <interfacedef-ref nicename="TinySDNSocketPacket" qname="TinySDNSocketPacket"/>
        <type-function alignment="I:1" size="I:1">
          <type-int alignment="I:1" cname="unsigned char" size="I:1" unsigned="">
            <typename><typedef-ref name="uint8_t" ref="0x2b6104f08160"/></typename>
          </type-int>
          <function-parameters>
            <type-pointer alignment="I:2" size="I:2">
              <type-tag alignment="I:1" size="I:152"><nx_struct-ref name="message_t" ref="0x2b6105d580c0"/>
                <typename><typedef-ref name="message_t" ref="0x2b6105d576f0"/></typename>
              </type-tag>
            </type-pointer>
          </function-parameters>
        </type-function>
        <parameters>
          <variable loc="49:/opt/tinyos-release-tinyos-2_1_2//tos/lib/net/TinySDNSocketPacket.nc" name="msg" ref="0x2b6105f545c0">
            <type-pointer alignment="I:2" size="I:2">
              <type-tag alignment="I:1" size="I:152"><nx_struct-ref name="message_t" ref="0x2b6105d580c0"/>
                <typename><typedef-ref name="message_t" ref="0x2b6105d576f0"/></typename>
              </type-tag>
            </type-pointer>
          </variable>
        </parameters>
      </function>
    </interfacedef>