<?xml version="1.0" encoding="utf-8"?><interfacedef loc="44:/opt/tinyos-release-tinyos-2_1_2//tos/lib/net/TinySDN/TinySdnReportTopologyPacket.nc" nicename="TinySdnReportTopologyPacket" qname="TinySdnReportTopologyPacket">
      <function command="" loc="50:/opt/tinyos-release-tinyos-2_1_2//tos/lib/net/TinySDN/TinySdnReportTopologyPacket.nc" name="setPeriod" provided="0" ref="0x2b6107567020">
        <interfacedef-ref nicename="TinySdnReportTopologyPacket" qname="TinySdnReportTopologyPacket"/>
        <type-function alignment="I:1" size="I:1">
          <type-void alignment="I:1" size="I:1"/>
          <function-parameters>
            <type-int alignment="I:2" cname="unsigned int" size="I:2" unsigned="">
              <typename><typedef-ref name="uint16_t" ref="0x2b6104f08520"/></typename>
            </type-int>
          </function-parameters>
        </type-function>
        <parameters>
          <variable loc="50:/opt/tinyos-release-tinyos-2_1_2//tos/lib/net/TinySDN/TinySdnReportTopologyPacket.nc" name="period" ref="0x2b610756bd60">
            <type-int alignment="I:2" cname="unsigned int" size="I:2" unsigned="">
              <typename><typedef-ref name="uint16_t" ref="0x2b6104f08520"/></typename>
            </type-int>
          </variable>
        </parameters>
      </function>
      <function command="" loc="52:/opt/tinyos-release-tinyos-2_1_2//tos/lib/net/TinySDN/TinySdnReportTopologyPacket.nc" name="pushReportPacket" provided="0" ref="0x2b61075650c0">
        <interfacedef-ref nicename="TinySdnReportTopologyPacket" qname="TinySdnReportTopologyPacket"/>
        <type-function alignment="I:1" size="I:1">
          <type-void alignment="I:1" size="I:1"/>
          <function-parameters>
            <type-pointer alignment="I:2" size="I:2">
              <type-tag alignment="I:2" size="I:6"><struct-ref ref="0x2b610747e6e0"/>
                <typename><typedef-ref name="topology_report_neighbor_table_entry" ref="0x2b610747ebb0"/></typename>
              </type-tag>
            </type-pointer>
            <type-int alignment="I:1" cname="unsigned char" size="I:1" unsigned="">
              <typename><typedef-ref name="uint8_t" ref="0x2b6104f08160"/></typename>
            </type-int>
          </function-parameters>
        </type-function>
        <parameters>
          <variable loc="52:/opt/tinyos-release-tinyos-2_1_2//tos/lib/net/TinySDN/TinySdnReportTopologyPacket.nc" name="reportNeighborTable" ref="0x2b61075679f0">
            <type-pointer alignment="I:2" size="I:2">
              <type-tag alignment="I:2" size="I:6"><struct-ref ref="0x2b610747e6e0"/>
                <typename><typedef-ref name="topology_report_neighbor_table_entry" ref="0x2b610747ebb0"/></typename>
              </type-tag>
            </type-pointer>
          </variable>
          <variable loc="52:/opt/tinyos-release-tinyos-2_1_2//tos/lib/net/TinySDN/TinySdnReportTopologyPacket.nc" name="numberOfNeighbors" ref="0x2b6107567db0">
            <type-int alignment="I:1" cname="unsigned char" size="I:1" unsigned="">
              <typename><typedef-ref name="uint8_t" ref="0x2b6104f08160"/></typename>
            </type-int>
          </variable>
        </parameters>
      </function>
    </interfacedef>