<?xml version="1.0" encoding="utf-8"?><interfacedef loc="41:/opt/tinyos-release-tinyos-2_1_2//tos/lib/net/UnicastNameFreeRouting.nc" nicename="UnicastNameFreeRouting" qname="UnicastNameFreeRouting">
      <documentation loc="35:/opt/tinyos-release-tinyos-2_1_2//tos/lib/net/UnicastNameFreeRouting.nc">
        <short>
  Provides a single next hop on a name-free protocol.</short>
        <long>
  Provides a single next hop on a name-free protocol.

  @author Philip Levis
  @date   $Date: 2006-12-12 18:23:29 $
</long>
      </documentation>
      <function command="" loc="49:/opt/tinyos-release-tinyos-2_1_2//tos/lib/net/UnicastNameFreeRouting.nc" name="hasRoute" provided="0" ref="0x2b61075abcc0">
        <interfacedef-ref nicename="UnicastNameFreeRouting" qname="UnicastNameFreeRouting"/>
        <type-function alignment="I:1" size="I:1">
          <type-int alignment="I:1" cname="unsigned char" size="I:1" unsigned="">
            <typename><typedef-ref name="bool" ref="0x2b610586b090"/></typename>
          </type-int>
          <function-parameters>
          </function-parameters>
        </type-function>
        <parameters>
        </parameters>
      </function>
      <function event="" loc="51:/opt/tinyos-release-tinyos-2_1_2//tos/lib/net/UnicastNameFreeRouting.nc" name="routeFound" provided="0" ref="0x2b61075aa3e0">
        <interfacedef-ref nicename="UnicastNameFreeRouting" qname="UnicastNameFreeRouting"/>
        <type-function alignment="I:1" size="I:1">
          <type-void alignment="I:1" size="I:1"/>
          <function-parameters>
          </function-parameters>
        </type-function>
        <parameters>
        </parameters>
      </function>
      <function command="" loc="48:/opt/tinyos-release-tinyos-2_1_2//tos/lib/net/UnicastNameFreeRouting.nc" name="nextHop" provided="0" ref="0x2b61075ab4b0">
        <documentation loc="43:/opt/tinyos-release-tinyos-2_1_2//tos/lib/net/UnicastNameFreeRouting.nc">
          <short>
 Get the address of the best next hop set to the destination.</short>
          <long>
 Get the address of the best next hop set to the destination.
 If there is not best next hop, the address is the local address.
 @return : The next best hop, or the local address if there is no route.
</long>
        </documentation>
        <interfacedef-ref nicename="UnicastNameFreeRouting" qname="UnicastNameFreeRouting"/>
        <type-function alignment="I:1" size="I:1">
          <type-int alignment="I:2" cname="unsigned int" size="I:2" unsigned="">
            <typename><typedef-ref name="am_addr_t" ref="0x2b6105d485b0"/></typename>
          </type-int>
          <function-parameters>
          </function-parameters>
        </type-function>
        <parameters>
        </parameters>
      </function>
      <function event="" loc="52:/opt/tinyos-release-tinyos-2_1_2//tos/lib/net/UnicastNameFreeRouting.nc" name="noRoute" provided="0" ref="0x2b61075aaaa0">
        <interfacedef-ref nicename="UnicastNameFreeRouting" qname="UnicastNameFreeRouting"/>
        <type-function alignment="I:1" size="I:1">
          <type-void alignment="I:1" size="I:1"/>
          <function-parameters>
          </function-parameters>
        </type-function>
        <parameters>
        </parameters>
      </function>
    </interfacedef>