<?xml version="1.0" ?><component loc="52:/opt/tinyos-release-tinyos-2_1_2//tos/system/ActiveMessageAddressC.nc" nicename="ActiveMessageAddressC" qname="ActiveMessageAddressC" safe="">
      <documentation loc="45:/opt/tinyos-release-tinyos-2_1_2//tos/system/ActiveMessageAddressC.nc">
        <short>
 Component that stores the node's active message address and group ID.</short>
        <long>
 Component that stores the node's active message address and group ID.

 @author Philip Levis
 @author David Moss
</long>
      </documentation>
      <module/>
    <specification><interface loc="54:/opt/tinyos-release-tinyos-2_1_2//tos/system/ActiveMessageAddressC.nc" name="ActiveMessageAddress" provided="1" ref="0x2b6106ba2ba0">
      <component-ref nicename="ActiveMessageAddressC" qname="ActiveMessageAddressC"/>
      <type-interface alignment="I:2" size="I:2"><interface-ref name="ActiveMessageAddress" ref="0x2b6106ba2ba0" scoped=""/></type-interface>
      <instance>
        <interfacedef-ref nicename="ActiveMessageAddress" qname="ActiveMessageAddress"/>
      </instance>
      <interface-functions>
        <function-ref name="amAddress" ref="0x2b6106b9e020" scoped=""/>
        <function-ref name="changed" ref="0x2b6106b9e1b0" scoped=""/>
        <function-ref name="amGroup" ref="0x2b6106b9e340" scoped=""/>
        <function-ref name="setAddress" ref="0x2b6106b9e4d0" scoped=""/>
      </interface-functions>
    </interface><function command="" loc="106:/opt/tinyos-release-tinyos-2_1_2//tos/system/ActiveMessageAddressC.nc" name="amAddress" provided="1" ref="0x2b6106b9ec00" safe="">
      <documentation loc="101:/opt/tinyos-release-tinyos-2_1_2//tos/system/ActiveMessageAddressC.nc">
        <short>
 Get the node's default AM address.</short>
        <long>
 Get the node's default AM address.
 @return address
 @deprecated Use ActiveMessageAddress.amAddress() instead
</long>
      </documentation>
      <component-ref nicename="ActiveMessageAddressC" qname="ActiveMessageAddressC"/>
      <type-function alignment="I:1" size="I:1">
        <type-int alignment="I:2" cname="unsigned int" size="I:2" unsigned=""/>
        <function-parameters>
        </function-parameters>
      </type-function>
      <parameters>
      </parameters>
    </function><function command="" loc="118:/opt/tinyos-release-tinyos-2_1_2//tos/system/ActiveMessageAddressC.nc" name="setAmAddress" provided="1" ref="0x2b6106b9d5a0" safe="">
      <documentation loc="112:/opt/tinyos-release-tinyos-2_1_2//tos/system/ActiveMessageAddressC.nc">
        <short>
 Set the node's default AM address.</short>
        <long>
 Set the node's default AM address.

 @param a - the address.
 @deprecated Use ActiveMessageAddress.setAddress() instead
</long>
      </documentation>
      <component-ref nicename="ActiveMessageAddressC" qname="ActiveMessageAddressC"/>
      <type-function alignment="I:1" size="I:1">
        <type-void alignment="I:1" size="I:1"/>
        <function-parameters>
          <type-int alignment="I:2" cname="unsigned int" size="I:2" unsigned=""/>
        </function-parameters>
      </type-function>
      <parameters>
        <variable loc="56:/opt/tinyos-release-tinyos-2_1_2//tos/system/ActiveMessageAddressC.nc" name="a" ref="0x2b6106b9d320">
          <type-int alignment="I:2" cname="unsigned int" size="I:2" unsigned="">
            <typename><typedef-ref name="am_addr_t" ref="0x2b6105d485b0"/></typename>
          </type-int>
        </variable>
      </parameters>
    </function></specification><referenced/></component>