<?xml version="1.0" ?><component loc="43:/opt/tinyos-release-tinyos-2_1_2//tos/chips/cc2420/alarm/AlarmMultiplexC.nc" nicename="AlarmMultiplexC" qname="AlarmMultiplexC">
      <documentation loc="32:/opt/tinyos-release-tinyos-2_1_2//tos/chips/cc2420/alarm/AlarmMultiplexC.nc">
        <short>
 A component that multiplexes the use of an alarm.</short>
        <long>
 A component that multiplexes the use of an alarm. The assumption is
 that its use is mutually exclusive and users check whether the
 events are for them.

 @author Jonathan Hui &lt;jhui@archrock.com&gt;
 @version $Revision: 1.1 $ $Date: 2007-07-04 00:37:14 $
</long>
      </documentation>
      <configuration/>
      <wiring>
        <wire loc="54:/opt/tinyos-release-tinyos-2_1_2//tos/chips/cc2420/alarm/AlarmMultiplexC.nc">
          <from><interface-ref name="Init" ref="0x2b61065457f0" scoped=""/></from>
          <to><interface-ref name="Init" ref="0x2b610657b260" scoped=""/></to>
        </wire>
        <wire loc="55:/opt/tinyos-release-tinyos-2_1_2//tos/chips/cc2420/alarm/AlarmMultiplexC.nc">
          <from><interface-ref name="Alarm32khz32" ref="0x2b6106542220" scoped=""/></from>
          <to><interface-ref name="Alarm32khz32" ref="0x2b610657baf0" scoped=""/></to>
        </wire>
      </wiring>
    <specification><interface loc="45:/opt/tinyos-release-tinyos-2_1_2//tos/chips/cc2420/alarm/AlarmMultiplexC.nc" name="Init" provided="1" ref="0x2b61065457f0">
      <component-ref nicename="AlarmMultiplexC" qname="AlarmMultiplexC"/>
      <type-interface alignment="I:2" size="I:2"><interface-ref name="Init" ref="0x2b61065457f0" scoped=""/></type-interface>
      <instance>
        <interfacedef-ref nicename="Init" qname="Init"/>
      </instance>
      <interface-functions>
        <function-ref name="init" ref="0x2b6106545b70" scoped=""/>
      </interface-functions>
    </interface><interface loc="46:/opt/tinyos-release-tinyos-2_1_2//tos/chips/cc2420/alarm/AlarmMultiplexC.nc" name="Alarm32khz32" provided="1" ref="0x2b6106542220">
      <component-ref nicename="AlarmMultiplexC" qname="AlarmMultiplexC"/>
      <type-interface alignment="I:2" size="I:2"><interface-ref name="Alarm32khz32" ref="0x2b6106542220" scoped=""/></type-interface>
      <instance>
        <interfacedef-ref nicename="Alarm" qname="Alarm"/>
        <arguments>
          <type-tag alignment="I:2" size="I:2"><struct-ref ref="0x2b6105f51d70"/>
            <typename><typedef-ref name="T32khz" ref="0x2b6105f4f180"/></typename>
          </type-tag>
          <type-int alignment="I:2" cname="unsigned long" size="I:4" unsigned="">
            <typename><typedef-ref name="uint32_t" ref="0x2b6104f08920"/></typename>
          </type-int>
        </arguments>
      </instance>
      <interface-functions>
        <function-ref name="getNow" ref="0x2b610657fb30" scoped=""/>
        <function-ref name="fired" ref="0x2b6106581a60" scoped=""/>
        <function-ref name="startAt" ref="0x2b610657f4e0" scoped=""/>
        <function-ref name="isRunning" ref="0x2b610657f020" scoped=""/>
        <function-ref name="getAlarm" ref="0x2b610657e020" scoped=""/>
        <function-ref name="start" ref="0x2b6106581090" scoped=""/>
        <function-ref name="stop" ref="0x2b61065815a0" scoped=""/>
      </interface-functions>
    </interface></specification><referenced><interface loc="43:/opt/tinyos-release-tinyos-2_1_2//tos/platforms/telosa/chips/cc2420/HplCC2420AlarmC.nc" name="Alarm32khz32" provided="1" ref="0x2b610657baf0">
      <component-ref nicename="AlarmMultiplexC.Alarm" qname="AlarmMultiplexC.Alarm"/>
      <type-interface alignment="I:2" size="I:2"><interface-ref name="Alarm32khz32" ref="0x2b610657baf0" scoped=""/></type-interface>
      <instance>
        <interfacedef-ref nicename="Alarm" qname="Alarm"/>
        <arguments>
          <type-tag alignment="I:2" size="I:2"><struct-ref ref="0x2b6105f51d70"/>
            <typename><typedef-ref name="T32khz" ref="0x2b6105f4f180"/></typename>
          </type-tag>
          <type-int alignment="I:2" cname="unsigned long" size="I:4" unsigned="">
            <typename><typedef-ref name="uint32_t" ref="0x2b6104f08920"/></typename>
          </type-int>
        </arguments>
      </instance>
      <interface-functions>
        <function-ref name="getNow" ref="0x2b61065c0390" scoped=""/>
        <function-ref name="fired" ref="0x2b6106582360" scoped=""/>
        <function-ref name="startAt" ref="0x2b6106582ce0" scoped=""/>
        <function-ref name="isRunning" ref="0x2b6106582820" scoped=""/>
        <function-ref name="getAlarm" ref="0x2b61065c0850" scoped=""/>
        <function-ref name="start" ref="0x2b6106583970" scoped=""/>
        <function-ref name="stop" ref="0x2b6106583e80" scoped=""/>
      </interface-functions>
    </interface><interface loc="42:/opt/tinyos-release-tinyos-2_1_2//tos/platforms/telosa/chips/cc2420/HplCC2420AlarmC.nc" name="Init" provided="1" ref="0x2b610657b260">
      <component-ref nicename="AlarmMultiplexC.Alarm" qname="AlarmMultiplexC.Alarm"/>
      <type-interface alignment="I:2" size="I:2"><interface-ref name="Init" ref="0x2b610657b260" scoped=""/></type-interface>
      <instance>
        <interfacedef-ref nicename="Init" qname="Init"/>
      </instance>
      <interface-functions>
        <function-ref name="init" ref="0x2b610657b5e0" scoped=""/>
      </interface-functions>
    </interface><component loc="40(AlarmMultiplexC.Alarm):/opt/tinyos-release-tinyos-2_1_2//tos/platforms/telosa/chips/cc2420/HplCC2420AlarmC.nc" nicename="AlarmMultiplexC.Alarm" qname="AlarmMultiplexC.Alarm">
      <documentation loc="32:/opt/tinyos-release-tinyos-2_1_2//tos/platforms/telosa/chips/cc2420/HplCC2420AlarmC.nc">
        <short>
 HPL implementation of 32khz alarms for the ChipCon CC2420 radio
 connected to a TI MSP430 processor.</short>
        <long>
 HPL implementation of 32khz alarms for the ChipCon CC2420 radio
 connected to a TI MSP430 processor.

 @author Jonathan Hui &lt;jhui@archrock.com&gt;
 @version $Revision: 1.4 $ $Date: 2006-12-12 18:23:44 $
</long>
      </documentation>
      <instance number="0">
        <component-ref nicename="HplCC2420AlarmC" qname="HplCC2420AlarmC"/>
      </instance>
      <configuration/>
      <wiring>
        <wire loc="51:/opt/tinyos-release-tinyos-2_1_2//tos/platforms/telosa/chips/cc2420/HplCC2420AlarmC.nc">
          <from><interface-ref name="Init" ref="0x2b610657b260" scoped=""/></from>
          <to><interface-ref name="Init" ref="0x2b610819fa10" scoped=""/></to>
        </wire>
        <wire loc="52:/opt/tinyos-release-tinyos-2_1_2//tos/platforms/telosa/chips/cc2420/HplCC2420AlarmC.nc">
          <from><interface-ref name="Alarm32khz32" ref="0x2b610657baf0" scoped=""/></from>
          <to><interface-ref name="Alarm" ref="0x2b610819e2a0" scoped=""/></to>
        </wire>
      </wiring>
    </component></referenced></component>