<?xml version="1.0" ?><component abstract="" loc="41:/opt/tinyos-release-tinyos-2_1_2//tos/chips/msp430/timer/Alarm32khz16C.nc" nicename="Alarm32khz16C" qname="Alarm32khz16C">
      <documentation loc="33:/opt/tinyos-release-tinyos-2_1_2//tos/chips/msp430/timer/Alarm32khz16C.nc">
        <short>
 Alarm32khzC is the alarm for async 32khz alarms

 </short>
        <long>
 Alarm32khzC is the alarm for async 32khz alarms

 @author Cory Sharp &lt;cssharp@eecs.berkeley.edu&gt;
 @see  Please refer to TEP 102 for more information about this component and its
          intended use.
</long>
      </documentation>
      <parameters>
      </parameters>
      <configuration/>
      <wiring>
        <wire loc="52:/opt/tinyos-release-tinyos-2_1_2//tos/chips/msp430/timer/Alarm32khz16C.nc">
          <from><interface-ref name="Alarm" ref="0x2b610623c290" scoped=""/></from>
          <to><interface-ref name="Alarm" ref="0x2b610628b180" scoped=""/></to>
        </wire>
        <wire loc="51:/opt/tinyos-release-tinyos-2_1_2//tos/chips/msp430/timer/Alarm32khz16C.nc">
          <from><interface-ref name="Init" ref="0x2b610623f900" scoped=""/></from>
          <to><interface-ref name="Init" ref="0x2b61062768d0" scoped=""/></to>
        </wire>
        <wire loc="54:/opt/tinyos-release-tinyos-2_1_2//tos/chips/msp430/timer/Alarm32khz16C.nc">
          <from><interface-ref name="Msp430Timer" ref="0x2b6106288450" scoped=""/></from>
          <to><interface-ref name="Msp430Timer" ref="0x2b6106246020" scoped=""/></to>
        </wire>
        <wire loc="55:/opt/tinyos-release-tinyos-2_1_2//tos/chips/msp430/timer/Alarm32khz16C.nc">
          <from><interface-ref name="Msp430TimerControl" ref="0x2b6106286a80" scoped=""/></from>
          <to><interface-ref name="Msp430TimerControl" ref="0x2b6106245760" scoped=""/></to>
        </wire>
        <wire loc="56:/opt/tinyos-release-tinyos-2_1_2//tos/chips/msp430/timer/Alarm32khz16C.nc">
          <from><interface-ref name="Msp430Compare" ref="0x2b6106285da0" scoped=""/></from>
          <to><interface-ref name="Msp430Compare" ref="0x2b6106244a80" scoped=""/></to>
        </wire>
      </wiring>
    <specification><interface loc="44:/opt/tinyos-release-tinyos-2_1_2//tos/chips/msp430/timer/Alarm32khz16C.nc" name="Alarm" provided="1" ref="0x2b610623c290">
      <component-ref nicename="Alarm32khz16C" qname="Alarm32khz16C"/>
      <type-interface alignment="I:2" size="I:2"><interface-ref name="Alarm" ref="0x2b610623c290" scoped=""/></type-interface>
      <instance>
        <interfacedef-ref nicename="Alarm" qname="Alarm"/>
        <arguments>
          <type-tag alignment="I:2" size="I:2"><struct-ref ref="0x2b6105f51d70"/>
            <typename><typedef-ref name="T32khz" ref="0x2b6105f4f180"/></typename>
          </type-tag>
          <type-int alignment="I:2" cname="unsigned int" size="I:2" unsigned="">
            <typename><typedef-ref name="uint16_t" ref="0x2b6104f08520"/></typename>
          </type-int>
        </arguments>
      </instance>
      <interface-functions>
        <function-ref name="getNow" ref="0x2b6106239b30" scoped=""/>
        <function-ref name="fired" ref="0x2b610623aaa0" scoped=""/>
        <function-ref name="startAt" ref="0x2b61062394e0" scoped=""/>
        <function-ref name="isRunning" ref="0x2b6106239020" scoped=""/>
        <function-ref name="getAlarm" ref="0x2b6106238020" scoped=""/>
        <function-ref name="start" ref="0x2b610623a0d0" scoped=""/>
        <function-ref name="stop" ref="0x2b610623a5e0" scoped=""/>
      </interface-functions>
    </interface><interface loc="43:/opt/tinyos-release-tinyos-2_1_2//tos/chips/msp430/timer/Alarm32khz16C.nc" name="Init" provided="1" ref="0x2b610623f900">
      <component-ref nicename="Alarm32khz16C" qname="Alarm32khz16C"/>
      <type-interface alignment="I:2" size="I:2"><interface-ref name="Init" ref="0x2b610623f900" scoped=""/></type-interface>
      <instance>
        <interfacedef-ref nicename="Init" qname="Init"/>
      </instance>
      <interface-functions>
        <function-ref name="init" ref="0x2b610623fc80" scoped=""/>
      </interface-functions>
    </interface></specification><referenced><interface loc="46:/opt/tinyos-release-tinyos-2_1_2//tos/chips/msp430/timer/Msp430AlarmC.nc" name="Alarm" provided="1" ref="0x2b610628b180">
      <component-ref nicename="Alarm32khz16C.Msp430Alarm" qname="Alarm32khz16C.Msp430Alarm"/>
      <type-interface alignment="I:2" size="I:2"><interface-ref name="Alarm" ref="0x2b610628b180" scoped=""/></type-interface>
      <instance>
        <interfacedef-ref nicename="Alarm" qname="Alarm"/>
        <arguments>
          <type-tag alignment="I:2" size="I:2"><struct-ref ref="0x2b6105f51d70"/>
            <typename><typedef-ref name="T32khz" ref="0x2b6105f4f180"/></typename>
          </type-tag>
          <type-int alignment="I:2" cname="unsigned int" size="I:2" unsigned="">
            <typename><typedef-ref name="uint16_t" ref="0x2b6104f08520"/></typename>
          </type-int>
        </arguments>
      </instance>
      <interface-functions>
        <function-ref name="getNow" ref="0x2b6106289b30" scoped=""/>
        <function-ref name="fired" ref="0x2b610628a9f0" scoped=""/>
        <function-ref name="startAt" ref="0x2b61062894e0" scoped=""/>
        <function-ref name="isRunning" ref="0x2b6106289020" scoped=""/>
        <function-ref name="getAlarm" ref="0x2b6106288020" scoped=""/>
        <function-ref name="start" ref="0x2b610628a020" scoped=""/>
        <function-ref name="stop" ref="0x2b610628a530" scoped=""/>
      </interface-functions>
    </interface><interface loc="41:/opt/tinyos-release-tinyos-2_1_2//tos/chips/msp430/timer/Msp430Timer32khzC.nc" name="Msp430Compare" provided="1" ref="0x2b6106244a80">
      <component-ref nicename="Alarm32khz16C.Msp430Timer" qname="Alarm32khz16C.Msp430Timer"/>
      <type-interface alignment="I:2" size="I:2"><interface-ref name="Msp430Compare" ref="0x2b6106244a80" scoped=""/></type-interface>
      <instance>
        <interfacedef-ref nicename="Msp430Compare" qname="Msp430Compare"/>
      </instance>
      <interface-functions>
        <function-ref name="getEvent" ref="0x2b6106244e00" scoped=""/>
        <function-ref name="setEvent" ref="0x2b6106243020" scoped=""/>
        <function-ref name="setEventFromPrev" ref="0x2b61062431b0" scoped=""/>
        <function-ref name="setEventFromNow" ref="0x2b6106243340" scoped=""/>
        <function-ref name="fired" ref="0x2b61062434d0" scoped=""/>
      </interface-functions>
    </interface><interface loc="49:/opt/tinyos-release-tinyos-2_1_2//tos/chips/msp430/timer/Msp430AlarmC.nc" name="Msp430Compare" provided="0" ref="0x2b6106285da0">
      <component-ref nicename="Alarm32khz16C.Msp430Alarm" qname="Alarm32khz16C.Msp430Alarm"/>
      <type-interface alignment="I:2" size="I:2"><interface-ref name="Msp430Compare" ref="0x2b6106285da0" scoped=""/></type-interface>
      <instance>
        <interfacedef-ref nicename="Msp430Compare" qname="Msp430Compare"/>
      </instance>
      <interface-functions>
        <function-ref name="getEvent" ref="0x2b6106284180" scoped=""/>
        <function-ref name="setEvent" ref="0x2b6106284310" scoped=""/>
        <function-ref name="setEventFromPrev" ref="0x2b61062844a0" scoped=""/>
        <function-ref name="setEventFromNow" ref="0x2b6106284630" scoped=""/>
        <function-ref name="fired" ref="0x2b61062847c0" scoped=""/>
      </interface-functions>
    </interface><interface loc="39:/opt/tinyos-release-tinyos-2_1_2//tos/chips/msp430/timer/Msp430Timer32khzC.nc" name="Msp430Timer" provided="1" ref="0x2b6106246020">
      <component-ref nicename="Alarm32khz16C.Msp430Timer" qname="Alarm32khz16C.Msp430Timer"/>
      <type-interface alignment="I:2" size="I:2"><interface-ref name="Msp430Timer" ref="0x2b6106246020" scoped=""/></type-interface>
      <instance>
        <interfacedef-ref nicename="Msp430Timer" qname="Msp430Timer"/>
      </instance>
      <interface-functions>
        <function-ref name="clear" ref="0x2b61062463a0" scoped=""/>
        <function-ref name="setClockSource" ref="0x2b6106246530" scoped=""/>
        <function-ref name="enableEvents" ref="0x2b61062466c0" scoped=""/>
        <function-ref name="get" ref="0x2b6106246850" scoped=""/>
        <function-ref name="disableEvents" ref="0x2b61062469e0" scoped=""/>
        <function-ref name="clearOverflow" ref="0x2b6106246b70" scoped=""/>
        <function-ref name="getMode" ref="0x2b6106246d00" scoped=""/>
        <function-ref name="isOverflowPending" ref="0x2b6106245020" scoped=""/>
        <function-ref name="overflow" ref="0x2b61062451b0" scoped=""/>
        <function-ref name="setMode" ref="0x2b6106245340" scoped=""/>
        <function-ref name="setInputDivider" ref="0x2b61062454d0" scoped=""/>
      </interface-functions>
    </interface><interface loc="45:/opt/tinyos-release-tinyos-2_1_2//tos/chips/msp430/timer/Msp430AlarmC.nc" name="Init" provided="1" ref="0x2b61062768d0">
      <component-ref nicename="Alarm32khz16C.Msp430Alarm" qname="Alarm32khz16C.Msp430Alarm"/>
      <type-interface alignment="I:2" size="I:2"><interface-ref name="Init" ref="0x2b61062768d0" scoped=""/></type-interface>
      <instance>
        <interfacedef-ref nicename="Init" qname="Init"/>
      </instance>
      <interface-functions>
        <function-ref name="init" ref="0x2b6106276c50" scoped=""/>
      </interface-functions>
    </interface><interface loc="48:/opt/tinyos-release-tinyos-2_1_2//tos/chips/msp430/timer/Msp430AlarmC.nc" name="Msp430TimerControl" provided="0" ref="0x2b6106286a80">
      <component-ref nicename="Alarm32khz16C.Msp430Alarm" qname="Alarm32khz16C.Msp430Alarm"/>
      <type-interface alignment="I:2" size="I:2"><interface-ref name="Msp430TimerControl" ref="0x2b6106286a80" scoped=""/></type-interface>
      <instance>
        <interfacedef-ref nicename="Msp430TimerControl" qname="Msp430TimerControl"/>
      </instance>
      <interface-functions>
        <function-ref name="setControlAsCapture" ref="0x2b6106286e00" scoped=""/>
        <function-ref name="getControl" ref="0x2b6106285020" scoped=""/>
        <function-ref name="enableEvents" ref="0x2b61062851b0" scoped=""/>
        <function-ref name="areEventsEnabled" ref="0x2b6106285340" scoped=""/>
        <function-ref name="setControlAsCompare" ref="0x2b61062854d0" scoped=""/>
        <function-ref name="disableEvents" ref="0x2b6106285660" scoped=""/>
        <function-ref name="isInterruptPending" ref="0x2b61062857f0" scoped=""/>
        <function-ref name="clearPendingInterrupt" ref="0x2b6106285980" scoped=""/>
        <function-ref name="setControl" ref="0x2b6106285b10" scoped=""/>
      </interface-functions>
    </interface><interface loc="47:/opt/tinyos-release-tinyos-2_1_2//tos/chips/msp430/timer/Msp430AlarmC.nc" name="Msp430Timer" provided="0" ref="0x2b6106288450">
      <component-ref nicename="Alarm32khz16C.Msp430Alarm" qname="Alarm32khz16C.Msp430Alarm"/>
      <type-interface alignment="I:2" size="I:2"><interface-ref name="Msp430Timer" ref="0x2b6106288450" scoped=""/></type-interface>
      <instance>
        <interfacedef-ref nicename="Msp430Timer" qname="Msp430Timer"/>
      </instance>
      <interface-functions>
        <function-ref name="clear" ref="0x2b61062887d0" scoped=""/>
        <function-ref name="setClockSource" ref="0x2b6106288960" scoped=""/>
        <function-ref name="enableEvents" ref="0x2b6106288af0" scoped=""/>
        <function-ref name="get" ref="0x2b6106288c80" scoped=""/>
        <function-ref name="disableEvents" ref="0x2b6106288e10" scoped=""/>
        <function-ref name="clearOverflow" ref="0x2b6106286020" scoped=""/>
        <function-ref name="getMode" ref="0x2b61062861b0" scoped=""/>
        <function-ref name="isOverflowPending" ref="0x2b6106286340" scoped=""/>
        <function-ref name="overflow" ref="0x2b61062864d0" scoped=""/>
        <function-ref name="setMode" ref="0x2b6106286660" scoped=""/>
        <function-ref name="setInputDivider" ref="0x2b61062867f0" scoped=""/>
      </interface-functions>
    </interface><interface loc="40:/opt/tinyos-release-tinyos-2_1_2//tos/chips/msp430/timer/Msp430Timer32khzC.nc" name="Msp430TimerControl" provided="1" ref="0x2b6106245760">
      <component-ref nicename="Alarm32khz16C.Msp430Timer" qname="Alarm32khz16C.Msp430Timer"/>
      <type-interface alignment="I:2" size="I:2"><interface-ref name="Msp430TimerControl" ref="0x2b6106245760" scoped=""/></type-interface>
      <instance>
        <interfacedef-ref nicename="Msp430TimerControl" qname="Msp430TimerControl"/>
      </instance>
      <interface-functions>
        <function-ref name="setControlAsCapture" ref="0x2b6106245ae0" scoped=""/>
        <function-ref name="getControl" ref="0x2b6106245c70" scoped=""/>
        <function-ref name="enableEvents" ref="0x2b6106245e00" scoped=""/>
        <function-ref name="areEventsEnabled" ref="0x2b6106244020" scoped=""/>
        <function-ref name="setControlAsCompare" ref="0x2b61062441b0" scoped=""/>
        <function-ref name="disableEvents" ref="0x2b6106244340" scoped=""/>
        <function-ref name="isInterruptPending" ref="0x2b61062444d0" scoped=""/>
        <function-ref name="clearPendingInterrupt" ref="0x2b6106244660" scoped=""/>
        <function-ref name="setControl" ref="0x2b61062447f0" scoped=""/>
      </interface-functions>
    </interface><component abstract="" loc="43(Alarm32khz16C.Msp430Alarm):/opt/tinyos-release-tinyos-2_1_2//tos/chips/msp430/timer/Msp430AlarmC.nc" nicename="Alarm32khz16C.Msp430Alarm" qname="Alarm32khz16C.Msp430Alarm">
      <documentation loc="34:/opt/tinyos-release-tinyos-2_1_2//tos/chips/msp430/timer/Msp430AlarmC.nc">
        <short>
 Msp430Alarm is a generic component that wraps the MSP430 HPL timers and
 compares into a TinyOS Alarm.</short>
        <long>
 Msp430Alarm is a generic component that wraps the MSP430 HPL timers and
 compares into a TinyOS Alarm.

 @author Cory Sharp &lt;cssharp@eecs.berkeley.edu&gt;
 @see  Please refer to TEP 102 for more information about this component and its
          intended use.
</long>
      </documentation>
      <instance>
        <component-ref nicename="Msp430AlarmC" qname="Msp430AlarmC"/>
        <arguments>
          <type-tag alignment="I:2" size="I:2"><struct-ref ref="0x2b6105f51d70"/>
            <typename><typedef-ref name="T32khz" ref="0x2b6105f4f180"/></typename>
          </type-tag>
        </arguments>
      </instance>
      <module/>
    </component><component abstract="" loc="37(Alarm32khz16C.Msp430Timer):/opt/tinyos-release-tinyos-2_1_2//tos/chips/msp430/timer/Msp430Timer32khzC.nc" nicename="Alarm32khz16C.Msp430Timer" qname="Alarm32khz16C.Msp430Timer">
      <documentation loc="33:/opt/tinyos-release-tinyos-2_1_2//tos/chips/msp430/timer/Msp430Timer32khzC.nc">
        <short>
 </short>
        <long>
 @author Cory Sharp &lt;cssharp@eecs.berkeley.edu&gt;
</long>
      </documentation>
      <instance>
        <component-ref nicename="Msp430Timer32khzC" qname="Msp430Timer32khzC"/>
      </instance>
      <configuration/>
    </component></referenced></component>