<?xml version="1.0" ?><component abstract="" loc="41:/opt/tinyos-release-tinyos-2_1_2//tos/chips/msp430/timer/Alarm32khz32C.nc" nicename="Alarm32khz32C" qname="Alarm32khz32C">
      <documentation loc="33:/opt/tinyos-release-tinyos-2_1_2//tos/chips/msp430/timer/Alarm32khz32C.nc">
        <short>
 Alarm32khzC is the alarm for async 32khz alarms

 </short>
        <long>
 Alarm32khzC is the alarm for async 32khz alarms

 @author Cory Sharp &lt;cssharp@eecs.berkeley.edu&gt;
 @see  Please refer to TEP 102 for more information about this component and its
          intended use.
</long>
      </documentation>
      <parameters>
      </parameters>
      <configuration/>
      <wiring>
        <wire loc="53:/opt/tinyos-release-tinyos-2_1_2//tos/chips/msp430/timer/Alarm32khz32C.nc">
          <from><interface-ref name="Alarm" ref="0x2b6106573e50" scoped=""/></from>
          <to><interface-ref name="Alarm" ref="0x2b6106597260" scoped=""/></to>
        </wire>
        <wire loc="52:/opt/tinyos-release-tinyos-2_1_2//tos/chips/msp430/timer/Alarm32khz32C.nc">
          <from><interface-ref name="Init" ref="0x2b6106573520" scoped=""/></from>
          <to><interface-ref name="Init" ref="0x2b610656ed70" scoped=""/></to>
        </wire>
        <wire loc="55:/opt/tinyos-release-tinyos-2_1_2//tos/chips/msp430/timer/Alarm32khz32C.nc">
          <from><interface-ref name="AlarmFrom" ref="0x2b6106590b90" scoped=""/></from>
          <to><interface-ref name="Alarm" ref="0x2b610656d650" scoped=""/></to>
        </wire>
        <wire loc="56:/opt/tinyos-release-tinyos-2_1_2//tos/chips/msp430/timer/Alarm32khz32C.nc">
          <from><interface-ref name="Counter" ref="0x2b6106593690" scoped=""/></from>
          <to><interface-ref name="Counter" ref="0x2b6106568d70" scoped=""/></to>
        </wire>
      </wiring>
    <specification><interface loc="44:/opt/tinyos-release-tinyos-2_1_2//tos/chips/msp430/timer/Alarm32khz32C.nc" name="Alarm" provided="1" ref="0x2b6106573e50">
      <component-ref nicename="Alarm32khz32C" qname="Alarm32khz32C"/>
      <type-interface alignment="I:2" size="I:2"><interface-ref name="Alarm" ref="0x2b6106573e50" scoped=""/></type-interface>
      <instance>
        <interfacedef-ref nicename="Alarm" qname="Alarm"/>
        <arguments>
          <type-tag alignment="I:2" size="I:2"><struct-ref ref="0x2b6105f51d70"/>
            <typename><typedef-ref name="T32khz" ref="0x2b6105f4f180"/></typename>
          </type-tag>
          <type-int alignment="I:2" cname="unsigned long" size="I:4" unsigned="">
            <typename><typedef-ref name="uint32_t" ref="0x2b6104f08920"/></typename>
          </type-int>
        </arguments>
      </instance>
      <interface-functions>
        <function-ref name="getNow" ref="0x2b610656f6e0" scoped=""/>
        <function-ref name="fired" ref="0x2b61065706b0" scoped=""/>
        <function-ref name="startAt" ref="0x2b610656f090" scoped=""/>
        <function-ref name="isRunning" ref="0x2b6106570b70" scoped=""/>
        <function-ref name="getAlarm" ref="0x2b610656fba0" scoped=""/>
        <function-ref name="start" ref="0x2b6106572ca0" scoped=""/>
        <function-ref name="stop" ref="0x2b61065701f0" scoped=""/>
      </interface-functions>
    </interface><interface loc="43:/opt/tinyos-release-tinyos-2_1_2//tos/chips/msp430/timer/Alarm32khz32C.nc" name="Init" provided="1" ref="0x2b6106573520">
      <component-ref nicename="Alarm32khz32C" qname="Alarm32khz32C"/>
      <type-interface alignment="I:2" size="I:2"><interface-ref name="Init" ref="0x2b6106573520" scoped=""/></type-interface>
      <instance>
        <interfacedef-ref nicename="Init" qname="Init"/>
      </instance>
      <interface-functions>
        <function-ref name="init" ref="0x2b61065738a0" scoped=""/>
      </interface-functions>
    </interface></specification><referenced><interface loc="61:/opt/tinyos-release-tinyos-2_1_2//tos/lib/timer/TransformAlarmC.nc" name="Alarm" provided="1" ref="0x2b6106597260">
      <component-ref nicename="Alarm32khz32C.Transform" qname="Alarm32khz32C.Transform"/>
      <type-interface alignment="I:2" size="I:2"><interface-ref name="Alarm" ref="0x2b6106597260" scoped=""/></type-interface>
      <instance>
        <interfacedef-ref nicename="Alarm" qname="Alarm"/>
        <arguments>
          <type-tag alignment="I:2" size="I:2"><struct-ref ref="0x2b6105f51d70"/>
            <typename><typedef-ref name="T32khz" ref="0x2b6105f4f180"/></typename>
          </type-tag>
          <type-int alignment="I:2" cname="unsigned long" size="I:4" unsigned="">
            <typename><typedef-ref name="uint32_t" ref="0x2b6104f08920"/></typename>
          </type-int>
        </arguments>
      </instance>
      <interface-functions>
        <function-ref name="getNow" ref="0x2b6106594b30" scoped=""/>
        <function-ref name="fired" ref="0x2b6106596a60" scoped=""/>
        <function-ref name="startAt" ref="0x2b61065944e0" scoped=""/>
        <function-ref name="isRunning" ref="0x2b6106594020" scoped=""/>
        <function-ref name="getAlarm" ref="0x2b6106593020" scoped=""/>
        <function-ref name="start" ref="0x2b6106596090" scoped=""/>
        <function-ref name="stop" ref="0x2b61065965a0" scoped=""/>
      </interface-functions>
    </interface><interface loc="73:/opt/tinyos-release-tinyos-2_1_2//tos/lib/timer/TransformAlarmC.nc" name="AlarmFrom" provided="0" ref="0x2b6106590b90">
      <component-ref nicename="Alarm32khz32C.Transform" qname="Alarm32khz32C.Transform"/>
      <type-interface alignment="I:2" size="I:2"><interface-ref name="AlarmFrom" ref="0x2b6106590b90" scoped=""/></type-interface>
      <instance>
        <interfacedef-ref nicename="Alarm" qname="Alarm"/>
        <arguments>
          <type-tag alignment="I:2" size="I:2"><struct-ref ref="0x2b6105f51d70"/>
            <typename><typedef-ref name="T32khz" ref="0x2b6105f4f180"/></typename>
          </type-tag>
          <type-int alignment="I:2" cname="unsigned int" size="I:2" unsigned="">
            <typename><typedef-ref name="uint16_t" ref="0x2b6104f08520"/></typename>
          </type-int>
        </arguments>
      </instance>
      <interface-functions>
        <function-ref name="getNow" ref="0x2b610658c4e0" scoped=""/>
        <function-ref name="fired" ref="0x2b610658d4e0" scoped=""/>
        <function-ref name="startAt" ref="0x2b610658de60" scoped=""/>
        <function-ref name="isRunning" ref="0x2b610658d9a0" scoped=""/>
        <function-ref name="getAlarm" ref="0x2b610658c9a0" scoped=""/>
        <function-ref name="start" ref="0x2b610658f9d0" scoped=""/>
        <function-ref name="stop" ref="0x2b610658d020" scoped=""/>
      </interface-functions>
    </interface><interface loc="44:/opt/tinyos-release-tinyos-2_1_2//tos/chips/msp430/timer/Alarm32khz16C.nc" name="Alarm" provided="1" ref="0x2b610656d650">
      <component-ref nicename="Alarm32khz32C.AlarmC" qname="Alarm32khz32C.AlarmC"/>
      <type-interface alignment="I:2" size="I:2"><interface-ref name="Alarm" ref="0x2b610656d650" scoped=""/></type-interface>
      <instance>
        <interfacedef-ref nicename="Alarm" qname="Alarm"/>
        <arguments>
          <type-tag alignment="I:2" size="I:2"><struct-ref ref="0x2b6105f51d70"/>
            <typename><typedef-ref name="T32khz" ref="0x2b6105f4f180"/></typename>
          </type-tag>
          <type-int alignment="I:2" cname="unsigned int" size="I:2" unsigned="">
            <typename><typedef-ref name="uint16_t" ref="0x2b6104f08520"/></typename>
          </type-int>
        </arguments>
      </instance>
      <interface-functions>
        <function-ref name="getNow" ref="0x2b6106569020" scoped=""/>
        <function-ref name="fired" ref="0x2b610656a020" scoped=""/>
        <function-ref name="startAt" ref="0x2b610656a9a0" scoped=""/>
        <function-ref name="isRunning" ref="0x2b610656a4e0" scoped=""/>
        <function-ref name="getAlarm" ref="0x2b61065694e0" scoped=""/>
        <function-ref name="start" ref="0x2b610656c5b0" scoped=""/>
        <function-ref name="stop" ref="0x2b610656cac0" scoped=""/>
      </interface-functions>
    </interface><interface loc="43:/opt/tinyos-release-tinyos-2_1_2//tos/chips/msp430/timer/Alarm32khz16C.nc" name="Init" provided="1" ref="0x2b610656ed70">
      <component-ref nicename="Alarm32khz32C.AlarmC" qname="Alarm32khz32C.AlarmC"/>
      <type-interface alignment="I:2" size="I:2"><interface-ref name="Init" ref="0x2b610656ed70" scoped=""/></type-interface>
      <instance>
        <interfacedef-ref nicename="Init" qname="Init"/>
      </instance>
      <interface-functions>
        <function-ref name="init" ref="0x2b610656d180" scoped=""/>
      </interface-functions>
    </interface><interface loc="43:/opt/tinyos-release-tinyos-2_1_2//tos/chips/msp430/timer/Counter32khz32C.nc" name="Counter" provided="1" ref="0x2b6106568d70">
      <component-ref nicename="Counter32khz32C" qname="Counter32khz32C"/>
      <type-interface alignment="I:2" size="I:2"><interface-ref name="Counter" ref="0x2b6106568d70" scoped=""/></type-interface>
      <instance>
        <interfacedef-ref nicename="Counter" qname="Counter"/>
        <arguments>
          <type-tag alignment="I:2" size="I:2"><struct-ref ref="0x2b6105f51d70"/>
            <typename><typedef-ref name="T32khz" ref="0x2b6105f4f180"/></typename>
          </type-tag>
          <type-int alignment="I:2" cname="unsigned long" size="I:4" unsigned="">
            <typename><typedef-ref name="uint32_t" ref="0x2b6104f08920"/></typename>
          </type-int>
        </arguments>
      </instance>
      <interface-functions>
        <function-ref name="get" ref="0x2b6106565ba0" scoped=""/>
        <function-ref name="clearOverflow" ref="0x2b6106564550" scoped=""/>
        <function-ref name="isOverflowPending" ref="0x2b6106564090" scoped=""/>
        <function-ref name="overflow" ref="0x2b6106564a10" scoped=""/>
      </interface-functions>
    </interface><interface loc="68:/opt/tinyos-release-tinyos-2_1_2//tos/lib/timer/TransformAlarmC.nc" name="Counter" provided="0" ref="0x2b6106593690">
      <component-ref nicename="Alarm32khz32C.Transform" qname="Alarm32khz32C.Transform"/>
      <type-interface alignment="I:2" size="I:2"><interface-ref name="Counter" ref="0x2b6106593690" scoped=""/></type-interface>
      <instance>
        <interfacedef-ref nicename="Counter" qname="Counter"/>
        <arguments>
          <type-tag alignment="I:2" size="I:2"><struct-ref ref="0x2b6105f51d70"/>
            <typename><typedef-ref name="T32khz" ref="0x2b6105f4f180"/></typename>
          </type-tag>
          <type-int alignment="I:2" cname="unsigned long" size="I:4" unsigned="">
            <typename><typedef-ref name="uint32_t" ref="0x2b6104f08920"/></typename>
          </type-int>
        </arguments>
      </instance>
      <interface-functions>
        <function-ref name="get" ref="0x2b61065915b0" scoped=""/>
        <function-ref name="clearOverflow" ref="0x2b6106590020" scoped=""/>
        <function-ref name="isOverflowPending" ref="0x2b6106591a70" scoped=""/>
        <function-ref name="overflow" ref="0x2b61065904e0" scoped=""/>
      </interface-functions>
    </interface><component abstract="" loc="51(Alarm32khz32C.Transform):/opt/tinyos-release-tinyos-2_1_2//tos/lib/timer/TransformAlarmC.nc" nicename="Alarm32khz32C.Transform" qname="Alarm32khz32C.Transform">
      <documentation loc="34:/opt/tinyos-release-tinyos-2_1_2//tos/lib/timer/TransformAlarmC.nc">
        <short>
 TransformAlarmC decreases precision and/or widens an Alarm.</short>
        <long>
 TransformAlarmC decreases precision and/or widens an Alarm.  An already
 widened Counter component is used to help.

 &lt;p&gt;See TEP102 for more details.
 @param to_precision_tag A type indicating the precision of the transformed
   Alarm.
 @param to_size_type The type for the width of the transformed Alarm.
 @param from_precision_tag A type indicating the precision of the original
   Alarm.
 @param from_size_type The type for the width of the original Alarm.
 @param bit_shift_right Original time units will be 2 to the power 
   &lt;code&gt;bit_shift_right&lt;/code&gt; larger than transformed time units.

 @author Cory Sharp &lt;cssharp@eecs.berkeley.edu&gt;
</long>
      </documentation>
      <instance>
        <component-ref nicename="TransformAlarmC" qname="TransformAlarmC"/>
        <arguments>
          <type-tag alignment="I:2" size="I:2"><struct-ref ref="0x2b6105f51d70"/>
            <typename><typedef-ref name="T32khz" ref="0x2b6105f4f180"/></typename>
          </type-tag>
          <type-int alignment="I:2" cname="unsigned long" size="I:4" unsigned="">
            <typename><typedef-ref name="uint32_t" ref="0x2b6104f08920"/></typename>
          </type-int>
          <type-tag alignment="I:2" size="I:2"><struct-ref ref="0x2b6105f51d70"/>
            <typename><typedef-ref name="T32khz" ref="0x2b6105f4f180"/></typename>
          </type-tag>
          <type-int alignment="I:2" cname="unsigned int" size="I:2" unsigned="">
            <typename><typedef-ref name="uint16_t" ref="0x2b6104f08520"/></typename>
          </type-int>
          <value cst="I:0">
            <type-int alignment="I:2" cname="int" size="I:2"/>
          </value>
        </arguments>
      </instance>
      <module/>
    </component><component loc="41:/opt/tinyos-release-tinyos-2_1_2//tos/chips/msp430/timer/Counter32khz32C.nc" nicename="Counter32khz32C" qname="Counter32khz32C">
      <documentation loc="33:/opt/tinyos-release-tinyos-2_1_2//tos/chips/msp430/timer/Counter32khz32C.nc">
        <short>
 Counter32khz32C provides at 32-bit counter at 32768 ticks per second.</short>
        <long>
 Counter32khz32C provides at 32-bit counter at 32768 ticks per second.

 @author Cory Sharp &lt;cssharp@eecs.berkeley.edu&gt;
 @see  Please refer to TEP 102 for more information about this component and its
          intended use.
</long>
      </documentation>
      <configuration/>
      <wiring>
        <wire loc="50:/opt/tinyos-release-tinyos-2_1_2//tos/chips/msp430/timer/Counter32khz32C.nc">
          <from><interface-ref name="Counter" ref="0x2b6106568d70" scoped=""/></from>
          <to><interface-ref name="Counter" ref="0x2b61065a0ad0" scoped=""/></to>
        </wire>
        <wire loc="52:/opt/tinyos-release-tinyos-2_1_2//tos/chips/msp430/timer/Counter32khz32C.nc">
          <from><interface-ref name="CounterFrom" ref="0x2b610659c020" scoped=""/></from>
          <to><interface-ref name="Msp430Counter32khz" ref="0x2b61062a2060" scoped=""/></to>
        </wire>
      </wiring>
    </component><component abstract="" loc="41(Alarm32khz32C.AlarmC):/opt/tinyos-release-tinyos-2_1_2//tos/chips/msp430/timer/Alarm32khz16C.nc" nicename="Alarm32khz32C.AlarmC" qname="Alarm32khz32C.AlarmC">
      <documentation loc="33:/opt/tinyos-release-tinyos-2_1_2//tos/chips/msp430/timer/Alarm32khz16C.nc">
        <short>
 Alarm32khzC is the alarm for async 32khz alarms

 </short>
        <long>
 Alarm32khzC is the alarm for async 32khz alarms

 @author Cory Sharp &lt;cssharp@eecs.berkeley.edu&gt;
 @see  Please refer to TEP 102 for more information about this component and its
          intended use.
</long>
      </documentation>
      <instance>
        <component-ref nicename="Alarm32khz16C" qname="Alarm32khz16C"/>
      </instance>
      <configuration/>
    </component></referenced></component>