<?xml version="1.0" ?><component abstract="" loc="46:/opt/tinyos-release-tinyos-2_1_2//tos/lib/timer/AlarmToTimerC.nc" nicename="AlarmToTimerC" qname="AlarmToTimerC" safe="">
      <documentation loc="36:/opt/tinyos-release-tinyos-2_1_2//tos/lib/timer/AlarmToTimerC.nc">
        <short>
 AlarmToTimerC converts a 32-bit Alarm to a Timer.</short>
        <long>
 AlarmToTimerC converts a 32-bit Alarm to a Timer.  

 &lt;p&gt;See TEP102 for more details.
 @param precision_tag A type indicating the precision of the Alarm and
 Timer being converted.

 @author Cory Sharp &lt;cssharp@eecs.berkeley.edu&gt;
</long>
      </documentation>
      <parameters>
        <typedef loc="46:/opt/tinyos-release-tinyos-2_1_2//tos/lib/timer/AlarmToTimerC.nc" name="precision_tag" ref="0x2b6106331510">
          <component-ref nicename="AlarmToTimerC" qname="AlarmToTimerC"/>
          <type-var alignment="U:" size="U:"><typedef-ref name="precision_tag" ref="0x2b6106331510" scoped=""/></type-var>
        </typedef>
      </parameters>
      <module/>
    <specification><interface loc="74:/opt/tinyos-release-tinyos-2_1_2//tos/lib/timer/AlarmToTimerC.nc" name="fired" provided="0" ref="0x2b610631d080">
      <component-ref nicename="AlarmToTimerC" qname="AlarmToTimerC"/>
      <type-interface alignment="I:2" size="I:2"><interface-ref name="fired" ref="0x2b610631d080" scoped=""/></type-interface>
      <instance>
        <interfacedef-ref nicename="TaskBasic" qname="TaskBasic"/>
      </instance>
      <interface-functions>
        <function-ref name="postTask" ref="0x2b610631d400" scoped=""/>
        <function-ref name="runTask" ref="0x2b610631d590" scoped=""/>
      </interface-functions>
    </interface><interface loc="49:/opt/tinyos-release-tinyos-2_1_2//tos/lib/timer/AlarmToTimerC.nc" name="Alarm" provided="0" ref="0x2b610632b7c0">
      <component-ref nicename="AlarmToTimerC" qname="AlarmToTimerC"/>
      <type-interface alignment="I:2" size="I:2"><interface-ref name="Alarm" ref="0x2b610632b7c0" scoped=""/></type-interface>
      <instance>
        <interfacedef-ref nicename="Alarm" qname="Alarm"/>
        <arguments>
          <type-var alignment="U:" size="U:"><typedef-ref name="precision_tag" ref="0x2b6106331510" scoped=""/></type-var>
          <type-int alignment="I:2" cname="unsigned long" size="I:4" unsigned="">
            <typename><typedef-ref name="uint32_t" ref="0x2b6104f08920"/></typename>
          </type-int>
        </arguments>
      </instance>
      <interface-functions>
        <function-ref name="getNow" ref="0x2b6106327020" scoped=""/>
        <function-ref name="fired" ref="0x2b6106329020" scoped=""/>
        <function-ref name="startAt" ref="0x2b61063299a0" scoped=""/>
        <function-ref name="isRunning" ref="0x2b61063294e0" scoped=""/>
        <function-ref name="getAlarm" ref="0x2b61063274e0" scoped=""/>
        <function-ref name="start" ref="0x2b610632a620" scoped=""/>
        <function-ref name="stop" ref="0x2b610632ab30" scoped=""/>
      </interface-functions>
    </interface><interface loc="48:/opt/tinyos-release-tinyos-2_1_2//tos/lib/timer/AlarmToTimerC.nc" name="Timer" provided="1" ref="0x2b6106330020">
      <component-ref nicename="AlarmToTimerC" qname="AlarmToTimerC"/>
      <type-interface alignment="I:2" size="I:2"><interface-ref name="Timer" ref="0x2b6106330020" scoped=""/></type-interface>
      <instance>
        <interfacedef-ref nicename="Timer" qname="Timer"/>
        <arguments>
          <type-var alignment="U:" size="U:"><typedef-ref name="precision_tag" ref="0x2b6106331510" scoped=""/></type-var>
        </arguments>
      </instance>
      <interface-functions>
        <function-ref name="getNow" ref="0x2b610632d630" scoped=""/>
        <function-ref name="fired" ref="0x2b610632fa60" scoped=""/>
        <function-ref name="startPeriodicAt" ref="0x2b610632e920" scoped=""/>
        <function-ref name="isOneShot" ref="0x2b610632e4a0" scoped=""/>
        <function-ref name="getdt" ref="0x2b610632b020" scoped=""/>
        <function-ref name="gett0" ref="0x2b610632dab0" scoped=""/>
        <function-ref name="isRunning" ref="0x2b610632e020" scoped=""/>
        <function-ref name="startPeriodic" ref="0x2b6106330c10" scoped=""/>
        <function-ref name="startOneShotAt" ref="0x2b610632d020" scoped=""/>
        <function-ref name="startOneShot" ref="0x2b610632f110" scoped=""/>
        <function-ref name="stop" ref="0x2b610632f5e0" scoped=""/>
      </interface-functions>
    </interface></specification><referenced/></component>