<?xml version="1.0" ?><component abstract="" loc="41:/opt/tinyos-release-tinyos-2_1_2//tos/chips/msp430/timer/AlarmMilli32C.nc" nicename="AlarmMilli32C" qname="AlarmMilli32C">
      <documentation loc="33:/opt/tinyos-release-tinyos-2_1_2//tos/chips/msp430/timer/AlarmMilli32C.nc">
        <short>
 AlarmMilliC is the alarm for async millisecond alarms

 </short>
        <long>
 AlarmMilliC is the alarm for async millisecond alarms

 @author Cory Sharp &lt;cssharp@eecs.berkeley.edu&gt;
 @see  Please refer to TEP 102 for more information about this component and its
          intended use.
</long>
      </documentation>
      <parameters>
      </parameters>
      <configuration/>
      <wiring>
        <wire loc="53:/opt/tinyos-release-tinyos-2_1_2//tos/chips/msp430/timer/AlarmMilli32C.nc">
          <from><interface-ref name="Alarm" ref="0x2b6106210b30" scoped=""/></from>
          <to><interface-ref name="Alarm" ref="0x2b6106311a60" scoped=""/></to>
        </wire>
        <wire loc="52:/opt/tinyos-release-tinyos-2_1_2//tos/chips/msp430/timer/AlarmMilli32C.nc">
          <from><interface-ref name="Init" ref="0x2b610621cdf0" scoped=""/></from>
          <to><interface-ref name="Init" ref="0x2b6106280cc0" scoped=""/></to>
        </wire>
        <wire loc="55:/opt/tinyos-release-tinyos-2_1_2//tos/chips/msp430/timer/AlarmMilli32C.nc">
          <from><interface-ref name="AlarmFrom" ref="0x2b6106309210" scoped=""/></from>
          <to><interface-ref name="Alarm" ref="0x2b610627f570" scoped=""/></to>
        </wire>
        <wire loc="56:/opt/tinyos-release-tinyos-2_1_2//tos/chips/msp430/timer/AlarmMilli32C.nc">
          <from><interface-ref name="Counter" ref="0x2b610630ddd0" scoped=""/></from>
          <to><interface-ref name="Counter" ref="0x2b61062ab020" scoped=""/></to>
        </wire>
      </wiring>
    <specification><interface loc="44:/opt/tinyos-release-tinyos-2_1_2//tos/chips/msp430/timer/AlarmMilli32C.nc" name="Alarm" provided="1" ref="0x2b6106210b30">
      <component-ref nicename="AlarmMilli32C" qname="AlarmMilli32C"/>
      <type-interface alignment="I:2" size="I:2"><interface-ref name="Alarm" ref="0x2b6106210b30" scoped=""/></type-interface>
      <instance>
        <interfacedef-ref nicename="Alarm" qname="Alarm"/>
        <arguments>
          <type-tag alignment="I:2" size="I:2"><struct-ref ref="0x2b6105f515c0"/>
            <typename><typedef-ref name="TMilli" ref="0x2b6105f51930"/></typename>
          </type-tag>
          <type-int alignment="I:2" cname="unsigned long" size="I:4" unsigned="">
            <typename><typedef-ref name="uint32_t" ref="0x2b6104f08920"/></typename>
          </type-int>
        </arguments>
      </instance>
      <interface-functions>
        <function-ref name="getNow" ref="0x2b6106240390" scoped=""/>
        <function-ref name="fired" ref="0x2b6106241360" scoped=""/>
        <function-ref name="startAt" ref="0x2b6106241ce0" scoped=""/>
        <function-ref name="isRunning" ref="0x2b6106241820" scoped=""/>
        <function-ref name="getAlarm" ref="0x2b6106240850" scoped=""/>
        <function-ref name="start" ref="0x2b6106217970" scoped=""/>
        <function-ref name="stop" ref="0x2b6106217e80" scoped=""/>
      </interface-functions>
    </interface><interface loc="43:/opt/tinyos-release-tinyos-2_1_2//tos/chips/msp430/timer/AlarmMilli32C.nc" name="Init" provided="1" ref="0x2b610621cdf0">
      <component-ref nicename="AlarmMilli32C" qname="AlarmMilli32C"/>
      <type-interface alignment="I:2" size="I:2"><interface-ref name="Init" ref="0x2b610621cdf0" scoped=""/></type-interface>
      <instance>
        <interfacedef-ref nicename="Init" qname="Init"/>
      </instance>
      <interface-functions>
        <function-ref name="init" ref="0x2b61062181c0" scoped=""/>
      </interface-functions>
    </interface></specification><referenced><interface loc="68:/opt/tinyos-release-tinyos-2_1_2//tos/lib/timer/TransformAlarmC.nc" name="Counter" provided="0" ref="0x2b610630ddd0">
      <component-ref nicename="AlarmMilli32C.Transform" qname="AlarmMilli32C.Transform"/>
      <type-interface alignment="I:2" size="I:2"><interface-ref name="Counter" ref="0x2b610630ddd0" scoped=""/></type-interface>
      <instance>
        <interfacedef-ref nicename="Counter" qname="Counter"/>
        <arguments>
          <type-tag alignment="I:2" size="I:2"><struct-ref ref="0x2b6105f515c0"/>
            <typename><typedef-ref name="TMilli" ref="0x2b6105f51930"/></typename>
          </type-tag>
          <type-int alignment="I:2" cname="unsigned long" size="I:4" unsigned="">
            <typename><typedef-ref name="uint32_t" ref="0x2b6104f08920"/></typename>
          </type-int>
        </arguments>
      </instance>
      <interface-functions>
        <function-ref name="get" ref="0x2b610630cca0" scoped=""/>
        <function-ref name="clearOverflow" ref="0x2b610630b670" scoped=""/>
        <function-ref name="isOverflowPending" ref="0x2b610630b1b0" scoped=""/>
        <function-ref name="overflow" ref="0x2b610630bb30" scoped=""/>
      </interface-functions>
    </interface><interface loc="43:/opt/tinyos-release-tinyos-2_1_2//tos/chips/msp430/timer/Alarm32khz16C.nc" name="Init" provided="1" ref="0x2b6106280cc0">
      <component-ref nicename="AlarmMilli32C.AlarmFrom" qname="AlarmMilli32C.AlarmFrom"/>
      <type-interface alignment="I:2" size="I:2"><interface-ref name="Init" ref="0x2b6106280cc0" scoped=""/></type-interface>
      <instance>
        <interfacedef-ref nicename="Init" qname="Init"/>
      </instance>
      <interface-functions>
        <function-ref name="init" ref="0x2b610627f0a0" scoped=""/>
      </interface-functions>
    </interface><interface loc="43:/opt/tinyos-release-tinyos-2_1_2//tos/chips/msp430/timer/CounterMilli32C.nc" name="Counter" provided="1" ref="0x2b61062ab020">
      <component-ref nicename="CounterMilli32C" qname="CounterMilli32C"/>
      <type-interface alignment="I:2" size="I:2"><interface-ref name="Counter" ref="0x2b61062ab020" scoped=""/></type-interface>
      <instance>
        <interfacedef-ref nicename="Counter" qname="Counter"/>
        <arguments>
          <type-tag alignment="I:2" size="I:2"><struct-ref ref="0x2b6105f515c0"/>
            <typename><typedef-ref name="TMilli" ref="0x2b6105f51930"/></typename>
          </type-tag>
          <type-int alignment="I:2" cname="unsigned long" size="I:4" unsigned="">
            <typename><typedef-ref name="uint32_t" ref="0x2b6104f08920"/></typename>
          </type-int>
        </arguments>
      </instance>
      <interface-functions>
        <function-ref name="get" ref="0x2b61062abe30" scoped=""/>
        <function-ref name="clearOverflow" ref="0x2b61062a6800" scoped=""/>
        <function-ref name="isOverflowPending" ref="0x2b61062a6340" scoped=""/>
        <function-ref name="overflow" ref="0x2b61062a6cc0" scoped=""/>
      </interface-functions>
    </interface><interface loc="73:/opt/tinyos-release-tinyos-2_1_2//tos/lib/timer/TransformAlarmC.nc" name="AlarmFrom" provided="0" ref="0x2b6106309210">
      <component-ref nicename="AlarmMilli32C.Transform" qname="AlarmMilli32C.Transform"/>
      <type-interface alignment="I:2" size="I:2"><interface-ref name="AlarmFrom" ref="0x2b6106309210" scoped=""/></type-interface>
      <instance>
        <interfacedef-ref nicename="Alarm" qname="Alarm"/>
        <arguments>
          <type-tag alignment="I:2" size="I:2"><struct-ref ref="0x2b6105f51d70"/>
            <typename><typedef-ref name="T32khz" ref="0x2b6105f4f180"/></typename>
          </type-tag>
          <type-int alignment="I:2" cname="unsigned int" size="I:2" unsigned="">
            <typename><typedef-ref name="uint16_t" ref="0x2b6104f08520"/></typename>
          </type-int>
        </arguments>
      </instance>
      <interface-functions>
        <function-ref name="getNow" ref="0x2b6106307b30" scoped=""/>
        <function-ref name="fired" ref="0x2b6106308a60" scoped=""/>
        <function-ref name="startAt" ref="0x2b61063074e0" scoped=""/>
        <function-ref name="isRunning" ref="0x2b6106307020" scoped=""/>
        <function-ref name="getAlarm" ref="0x2b6106305020" scoped=""/>
        <function-ref name="start" ref="0x2b6106308090" scoped=""/>
        <function-ref name="stop" ref="0x2b61063085a0" scoped=""/>
      </interface-functions>
    </interface><interface loc="44:/opt/tinyos-release-tinyos-2_1_2//tos/chips/msp430/timer/Alarm32khz16C.nc" name="Alarm" provided="1" ref="0x2b610627f570">
      <component-ref nicename="AlarmMilli32C.AlarmFrom" qname="AlarmMilli32C.AlarmFrom"/>
      <type-interface alignment="I:2" size="I:2"><interface-ref name="Alarm" ref="0x2b610627f570" scoped=""/></type-interface>
      <instance>
        <interfacedef-ref nicename="Alarm" qname="Alarm"/>
        <arguments>
          <type-tag alignment="I:2" size="I:2"><struct-ref ref="0x2b6105f51d70"/>
            <typename><typedef-ref name="T32khz" ref="0x2b6105f4f180"/></typename>
          </type-tag>
          <type-int alignment="I:2" cname="unsigned int" size="I:2" unsigned="">
            <typename><typedef-ref name="uint16_t" ref="0x2b6104f08520"/></typename>
          </type-int>
        </arguments>
      </instance>
      <interface-functions>
        <function-ref name="getNow" ref="0x2b610627ddb0" scoped=""/>
        <function-ref name="fired" ref="0x2b610627eda0" scoped=""/>
        <function-ref name="startAt" ref="0x2b610627d760" scoped=""/>
        <function-ref name="isRunning" ref="0x2b610627d2a0" scoped=""/>
        <function-ref name="getAlarm" ref="0x2b610627c2a0" scoped=""/>
        <function-ref name="start" ref="0x2b610627e3d0" scoped=""/>
        <function-ref name="stop" ref="0x2b610627e8e0" scoped=""/>
      </interface-functions>
    </interface><interface loc="61:/opt/tinyos-release-tinyos-2_1_2//tos/lib/timer/TransformAlarmC.nc" name="Alarm" provided="1" ref="0x2b6106311a60">
      <component-ref nicename="AlarmMilli32C.Transform" qname="AlarmMilli32C.Transform"/>
      <type-interface alignment="I:2" size="I:2"><interface-ref name="Alarm" ref="0x2b6106311a60" scoped=""/></type-interface>
      <instance>
        <interfacedef-ref nicename="Alarm" qname="Alarm"/>
        <arguments>
          <type-tag alignment="I:2" size="I:2"><struct-ref ref="0x2b6105f515c0"/>
            <typename><typedef-ref name="TMilli" ref="0x2b6105f51930"/></typename>
          </type-tag>
          <type-int alignment="I:2" cname="unsigned long" size="I:4" unsigned="">
            <typename><typedef-ref name="uint32_t" ref="0x2b6104f08920"/></typename>
          </type-int>
        </arguments>
      </instance>
      <interface-functions>
        <function-ref name="getNow" ref="0x2b610630d2a0" scoped=""/>
        <function-ref name="fired" ref="0x2b610630f2a0" scoped=""/>
        <function-ref name="startAt" ref="0x2b610630fc20" scoped=""/>
        <function-ref name="isRunning" ref="0x2b610630f760" scoped=""/>
        <function-ref name="getAlarm" ref="0x2b610630d760" scoped=""/>
        <function-ref name="start" ref="0x2b6106310890" scoped=""/>
        <function-ref name="stop" ref="0x2b6106310da0" scoped=""/>
      </interface-functions>
    </interface><component abstract="" loc="41(AlarmMilli32C.AlarmFrom):/opt/tinyos-release-tinyos-2_1_2//tos/chips/msp430/timer/Alarm32khz16C.nc" nicename="AlarmMilli32C.AlarmFrom" qname="AlarmMilli32C.AlarmFrom">
      <documentation loc="33:/opt/tinyos-release-tinyos-2_1_2//tos/chips/msp430/timer/Alarm32khz16C.nc">
        <short>
 Alarm32khzC is the alarm for async 32khz alarms

 </short>
        <long>
 Alarm32khzC is the alarm for async 32khz alarms

 @author Cory Sharp &lt;cssharp@eecs.berkeley.edu&gt;
 @see  Please refer to TEP 102 for more information about this component and its
          intended use.
</long>
      </documentation>
      <instance>
        <component-ref nicename="Alarm32khz16C" qname="Alarm32khz16C"/>
      </instance>
      <configuration/>
    </component><component loc="41:/opt/tinyos-release-tinyos-2_1_2//tos/chips/msp430/timer/CounterMilli32C.nc" nicename="CounterMilli32C" qname="CounterMilli32C">
      <documentation loc="33:/opt/tinyos-release-tinyos-2_1_2//tos/chips/msp430/timer/CounterMilli32C.nc">
        <short>
 CounterMilli32C provides at 32-bit counter at 1024 ticks per second.</short>
        <long>
 CounterMilli32C provides at 32-bit counter at 1024 ticks per second.

 @author Cory Sharp &lt;cssharp@eecs.berkeley.edu&gt;
 @see  Please refer to TEP 102 for more information about this component and its
          intended use.
</long>
      </documentation>
      <configuration/>
      <wiring>
        <wire loc="50:/opt/tinyos-release-tinyos-2_1_2//tos/chips/msp430/timer/CounterMilli32C.nc">
          <from><interface-ref name="Counter" ref="0x2b61062ab020" scoped=""/></from>
          <to><interface-ref name="Counter" ref="0x2b61062d80f0" scoped=""/></to>
        </wire>
        <wire loc="52:/opt/tinyos-release-tinyos-2_1_2//tos/chips/msp430/timer/CounterMilli32C.nc">
          <from><interface-ref name="CounterFrom" ref="0x2b61062d6540" scoped=""/></from>
          <to><interface-ref name="Msp430Counter32khz" ref="0x2b61062a2060" scoped=""/></to>
        </wire>
      </wiring>
    </component><component abstract="" loc="51(AlarmMilli32C.Transform):/opt/tinyos-release-tinyos-2_1_2//tos/lib/timer/TransformAlarmC.nc" nicename="AlarmMilli32C.Transform" qname="AlarmMilli32C.Transform">
      <documentation loc="34:/opt/tinyos-release-tinyos-2_1_2//tos/lib/timer/TransformAlarmC.nc">
        <short>
 TransformAlarmC decreases precision and/or widens an Alarm.</short>
        <long>
 TransformAlarmC decreases precision and/or widens an Alarm.  An already
 widened Counter component is used to help.

 &lt;p&gt;See TEP102 for more details.
 @param to_precision_tag A type indicating the precision of the transformed
   Alarm.
 @param to_size_type The type for the width of the transformed Alarm.
 @param from_precision_tag A type indicating the precision of the original
   Alarm.
 @param from_size_type The type for the width of the original Alarm.
 @param bit_shift_right Original time units will be 2 to the power 
   &lt;code&gt;bit_shift_right&lt;/code&gt; larger than transformed time units.

 @author Cory Sharp &lt;cssharp@eecs.berkeley.edu&gt;
</long>
      </documentation>
      <instance>
        <component-ref nicename="TransformAlarmC" qname="TransformAlarmC"/>
        <arguments>
          <type-tag alignment="I:2" size="I:2"><struct-ref ref="0x2b6105f515c0"/>
            <typename><typedef-ref name="TMilli" ref="0x2b6105f51930"/></typename>
          </type-tag>
          <type-int alignment="I:2" cname="unsigned long" size="I:4" unsigned="">
            <typename><typedef-ref name="uint32_t" ref="0x2b6104f08920"/></typename>
          </type-int>
          <type-tag alignment="I:2" size="I:2"><struct-ref ref="0x2b6105f51d70"/>
            <typename><typedef-ref name="T32khz" ref="0x2b6105f4f180"/></typename>
          </type-tag>
          <type-int alignment="I:2" cname="unsigned int" size="I:2" unsigned="">
            <typename><typedef-ref name="uint16_t" ref="0x2b6104f08520"/></typename>
          </type-int>
          <value cst="I:5">
            <type-int alignment="I:2" cname="int" size="I:2"/>
          </value>
        </arguments>
      </instance>
      <module/>
    </component></referenced></component>