<?xml version="1.0" ?><component abstract="" loc="45:/opt/tinyos-release-tinyos-2_1_2//tos/system/AMQueueImplP.nc" nicename="AMQueueImplP" qname="AMQueueImplP" safe="">
      <documentation loc="33:/opt/tinyos-release-tinyos-2_1_2//tos/system/AMQueueImplP.nc">
        <short>
 An AM send queue that provides a Service Instance pattern for
 formatted packets and calls an underlying AMSend in a round-robin
 fashion.</short>
        <long>
 An AM send queue that provides a Service Instance pattern for
 formatted packets and calls an underlying AMSend in a round-robin
 fashion. Used to share L2 bandwidth between different communication
 clients.

 @author Philip Levis
 @date   Jan 16 2006
</long>
      </documentation>
      <parameters>
        <constant loc="45:/opt/tinyos-release-tinyos-2_1_2//tos/system/AMQueueImplP.nc" name="numClients" ref="0x2b61070370d0">
          <component-ref nicename="AMQueueImplP" qname="AMQueueImplP"/>
          <type-int alignment="I:2" cname="int" size="I:2"/>
        </constant>
      </parameters>
      <module/>
    <specification><interface loc="48:/opt/tinyos-release-tinyos-2_1_2//tos/system/AMQueueImplP.nc" name="AMSend" provided="0" ref="0x2b6107035280">
      <component-ref nicename="AMQueueImplP" qname="AMQueueImplP"/>
      <type-interface alignment="I:2" size="I:2"><interface-ref name="AMSend" ref="0x2b6107035280" scoped=""/></type-interface>
      <instance>
        <interfacedef-ref nicename="AMSend" qname="AMSend"/>
      </instance>
      <interface-parameters>
        <type-int alignment="I:1" cname="unsigned char" size="I:1" unsigned="">
          <typename><typedef-ref name="am_id_t" ref="0x2b6105d4adc0"/></typename>
        </type-int>
      </interface-parameters>
      <interface-functions>
        <function-ref name="send" ref="0x2b6107035600" scoped=""/>
        <function-ref name="getPayload" ref="0x2b6107035790" scoped=""/>
        <function-ref name="maxPayloadLength" ref="0x2b6107035920" scoped=""/>
        <function-ref name="cancel" ref="0x2b6107035ab0" scoped=""/>
        <function-ref name="sendDone" ref="0x2b6107035c40" scoped=""/>
      </interface-functions>
    </interface><interface loc="46:/opt/tinyos-release-tinyos-2_1_2//tos/system/AMQueueImplP.nc" name="Send" provided="1" ref="0x2b6107036020">
      <component-ref nicename="AMQueueImplP" qname="AMQueueImplP"/>
      <type-interface alignment="I:2" size="I:2"><interface-ref name="Send" ref="0x2b6107036020" scoped=""/></type-interface>
      <instance>
        <interfacedef-ref nicename="Send" qname="Send"/>
      </instance>
      <interface-parameters>
        <type-int alignment="I:1" cname="unsigned char" size="I:1" unsigned="">
          <typename><typedef-ref name="uint8_t" ref="0x2b6104f08160"/></typename>
        </type-int>
      </interface-parameters>
      <interface-functions>
        <function-ref name="send" ref="0x2b61070363a0" scoped=""/>
        <function-ref name="getPayload" ref="0x2b6107036530" scoped=""/>
        <function-ref name="maxPayloadLength" ref="0x2b61070366c0" scoped=""/>
        <function-ref name="cancel" ref="0x2b6107036850" scoped=""/>
        <function-ref name="sendDone" ref="0x2b61070369e0" scoped=""/>
      </interface-functions>
    </interface><interface loc="50:/opt/tinyos-release-tinyos-2_1_2//tos/system/AMQueueImplP.nc" name="Packet" provided="0" ref="0x2b6107033760">
      <component-ref nicename="AMQueueImplP" qname="AMQueueImplP"/>
      <type-interface alignment="I:2" size="I:2"><interface-ref name="Packet" ref="0x2b6107033760" scoped=""/></type-interface>
      <instance>
        <interfacedef-ref nicename="Packet" qname="Packet"/>
      </instance>
      <interface-functions>
        <function-ref name="clear" ref="0x2b6107033ae0" scoped=""/>
        <function-ref name="payloadLength" ref="0x2b6107033c70" scoped=""/>
        <function-ref name="getPayload" ref="0x2b6107033e00" scoped=""/>
        <function-ref name="maxPayloadLength" ref="0x2b610709f020" scoped=""/>
        <function-ref name="setPayloadLength" ref="0x2b610709f1b0" scoped=""/>
      </interface-functions>
    </interface><interface loc="169:/opt/tinyos-release-tinyos-2_1_2//tos/system/AMQueueImplP.nc" name="errorTask" provided="0" ref="0x2b6107079c70">
      <component-ref nicename="AMQueueImplP" qname="AMQueueImplP"/>
      <type-interface alignment="I:2" size="I:2"><interface-ref name="errorTask" ref="0x2b6107079c70" scoped=""/></type-interface>
      <instance>
        <interfacedef-ref nicename="TaskBasic" qname="TaskBasic"/>
      </instance>
      <interface-functions>
        <function-ref name="postTask" ref="0x2b6107078020" scoped=""/>
        <function-ref name="runTask" ref="0x2b61070781b0" scoped=""/>
      </interface-functions>
    </interface><interface loc="126:/opt/tinyos-release-tinyos-2_1_2//tos/system/AMQueueImplP.nc" name="CancelTask" provided="0" ref="0x2b610708b190">
      <component-ref nicename="AMQueueImplP" qname="AMQueueImplP"/>
      <type-interface alignment="I:2" size="I:2"><interface-ref name="CancelTask" ref="0x2b610708b190" scoped=""/></type-interface>
      <instance>
        <interfacedef-ref nicename="TaskBasic" qname="TaskBasic"/>
      </instance>
      <interface-functions>
        <function-ref name="postTask" ref="0x2b610708b510" scoped=""/>
        <function-ref name="runTask" ref="0x2b610708b6a0" scoped=""/>
      </interface-functions>
    </interface><interface loc="49:/opt/tinyos-release-tinyos-2_1_2//tos/system/AMQueueImplP.nc" name="AMPacket" provided="0" ref="0x2b6107034020">
      <component-ref nicename="AMQueueImplP" qname="AMQueueImplP"/>
      <type-interface alignment="I:2" size="I:2"><interface-ref name="AMPacket" ref="0x2b6107034020" scoped=""/></type-interface>
      <instance>
        <interfacedef-ref nicename="AMPacket" qname="AMPacket"/>
      </instance>
      <interface-functions>
        <function-ref name="group" ref="0x2b61070343a0" scoped=""/>
        <function-ref name="source" ref="0x2b6107034530" scoped=""/>
        <function-ref name="address" ref="0x2b61070346c0" scoped=""/>
        <function-ref name="destination" ref="0x2b6107034850" scoped=""/>
        <function-ref name="setSource" ref="0x2b61070349e0" scoped=""/>
        <function-ref name="setDestination" ref="0x2b6107034b70" scoped=""/>
        <function-ref name="type" ref="0x2b6107034d00" scoped=""/>
        <function-ref name="setType" ref="0x2b6107033020" scoped=""/>
        <function-ref name="isForMe" ref="0x2b61070331b0" scoped=""/>
        <function-ref name="setGroup" ref="0x2b6107033340" scoped=""/>
        <function-ref name="localGroup" ref="0x2b61070334d0" scoped=""/>
      </interface-functions>
    </interface></specification><referenced/></component>