<?xml version="1.0" ?><component abstract="" loc="43:/opt/tinyos-release-tinyos-2_1_2//tos/system/AMQueueEntryP.nc" nicename="AMQueueEntryP" qname="AMQueueEntryP" safe="">
      <documentation loc="33:/opt/tinyos-release-tinyos-2_1_2//tos/system/AMQueueEntryP.nc">
        <short>
 Internal AM component that fills in needed packet fields for the 
 AMSend -&gt; Send transformation.</short>
        <long>
 Internal AM component that fills in needed packet fields for the 
 AMSend -&gt; Send transformation.

 @author Philip Levis
 @date   Jan 16 2006
</long>
      </documentation>
      <parameters>
        <constant loc="43:/opt/tinyos-release-tinyos-2_1_2//tos/system/AMQueueEntryP.nc" name="amId" ref="0x2b61070565e0">
          <component-ref nicename="AMQueueEntryP" qname="AMQueueEntryP"/>
          <type-int alignment="I:1" cname="unsigned char" size="I:1" unsigned="">
            <typename><typedef-ref name="am_id_t" ref="0x2b6105d4adc0"/></typename>
          </type-int>
        </constant>
      </parameters>
      <module/>
    <specification><interface loc="44:/opt/tinyos-release-tinyos-2_1_2//tos/system/AMQueueEntryP.nc" name="AMSend" provided="1" ref="0x2b6107056e60">
      <component-ref nicename="AMQueueEntryP" qname="AMQueueEntryP"/>
      <type-interface alignment="I:2" size="I:2"><interface-ref name="AMSend" ref="0x2b6107056e60" scoped=""/></type-interface>
      <instance>
        <interfacedef-ref nicename="AMSend" qname="AMSend"/>
      </instance>
      <interface-functions>
        <function-ref name="send" ref="0x2b6107052210" scoped=""/>
        <function-ref name="getPayload" ref="0x2b61070523a0" scoped=""/>
        <function-ref name="maxPayloadLength" ref="0x2b6107052530" scoped=""/>
        <function-ref name="cancel" ref="0x2b61070526c0" scoped=""/>
        <function-ref name="sendDone" ref="0x2b6107052850" scoped=""/>
      </interface-functions>
    </interface><interface loc="46:/opt/tinyos-release-tinyos-2_1_2//tos/system/AMQueueEntryP.nc" name="Send" provided="0" ref="0x2b6107052b30">
      <component-ref nicename="AMQueueEntryP" qname="AMQueueEntryP"/>
      <type-interface alignment="I:2" size="I:2"><interface-ref name="Send" ref="0x2b6107052b30" scoped=""/></type-interface>
      <instance>
        <interfacedef-ref nicename="Send" qname="Send"/>
      </instance>
      <interface-functions>
        <function-ref name="send" ref="0x2b6107050020" scoped=""/>
        <function-ref name="getPayload" ref="0x2b61070501b0" scoped=""/>
        <function-ref name="maxPayloadLength" ref="0x2b6107050340" scoped=""/>
        <function-ref name="cancel" ref="0x2b61070504d0" scoped=""/>
        <function-ref name="sendDone" ref="0x2b6107050660" scoped=""/>
      </interface-functions>
    </interface><interface loc="47:/opt/tinyos-release-tinyos-2_1_2//tos/system/AMQueueEntryP.nc" name="AMPacket" provided="0" ref="0x2b6107050910">
      <component-ref nicename="AMQueueEntryP" qname="AMQueueEntryP"/>
      <type-interface alignment="I:2" size="I:2"><interface-ref name="AMPacket" ref="0x2b6107050910" scoped=""/></type-interface>
      <instance>
        <interfacedef-ref nicename="AMPacket" qname="AMPacket"/>
      </instance>
      <interface-functions>
        <function-ref name="group" ref="0x2b6107050c90" scoped=""/>
        <function-ref name="source" ref="0x2b6107050e20" scoped=""/>
        <function-ref name="address" ref="0x2b610704f020" scoped=""/>
        <function-ref name="destination" ref="0x2b610704f1b0" scoped=""/>
        <function-ref name="setSource" ref="0x2b610704f340" scoped=""/>
        <function-ref name="setDestination" ref="0x2b610704f4d0" scoped=""/>
        <function-ref name="type" ref="0x2b610704f660" scoped=""/>
        <function-ref name="setType" ref="0x2b610704f7f0" scoped=""/>
        <function-ref name="isForMe" ref="0x2b610704f980" scoped=""/>
        <function-ref name="setGroup" ref="0x2b610704fb10" scoped=""/>
        <function-ref name="localGroup" ref="0x2b610704fca0" scoped=""/>
      </interface-functions>
    </interface></specification><referenced/></component>