<?xml version="1.0" ?><component abstract="" loc="52:/opt/tinyos-release-tinyos-2_1_2//tos/system/ArbiterP.nc" nicename="ArbiterP" qname="ArbiterP" safe="">
      <documentation loc="30:/opt/tinyos-release-tinyos-2_1_2//tos/system/ArbiterP.nc">
        <short>
 Please refer to TEP 108 for more information about this component and its
 intended use.&lt;br&gt;&lt;br&gt;

 This component provides the Resource, ResourceRequested, ArbiterInfo, 
 and ResourceDefaultOwner interfaces and uses the ResourceConfigure interface as
 described in TEP 108.</short>
        <long>
 Please refer to TEP 108 for more information about this component and its
 intended use.&lt;br&gt;&lt;br&gt;

 This component provides the Resource, ResourceRequested, ArbiterInfo, 
 and ResourceDefaultOwner interfaces and uses the ResourceConfigure interface as
 described in TEP 108.  It provides arbitration to a shared resource.
 A Queue is used to keep track of which users have put
 in requests for the resource.  Upon the release of the resource by one
 of these users, the queue is checked and the next user
 that has a pending request will ge granted control of the resource.  If
 there are no pending requests, then the user of the ResourceDefaultOwner
 interface gains access to the resource, and holds onto it until
 another user makes a request.

 @param &lt;b&gt;default_owner_id&lt;/b&gt; -- The id of the default owner of this 
        resource
 
 @author Kevin Klues (klues@tkn.tu-berlin.de)
 @author Philip Levis
</long>
      </documentation>
      <parameters>
        <constant loc="52:/opt/tinyos-release-tinyos-2_1_2//tos/system/ArbiterP.nc" name="default_owner_id" ref="0x2b61069ef800">
          <component-ref nicename="ArbiterP" qname="ArbiterP"/>
          <type-int alignment="I:1" cname="unsigned char" size="I:1" unsigned="">
            <typename><typedef-ref name="uint8_t" ref="0x2b6104f08160"/></typename>
          </type-int>
        </constant>
      </parameters>
      <module/>
    <specification><interface loc="55:/opt/tinyos-release-tinyos-2_1_2//tos/system/ArbiterP.nc" name="ResourceRequested" provided="1" ref="0x2b61069ed9f0">
      <component-ref nicename="ArbiterP" qname="ArbiterP"/>
      <type-interface alignment="I:2" size="I:2"><interface-ref name="ResourceRequested" ref="0x2b61069ed9f0" scoped=""/></type-interface>
      <instance>
        <interfacedef-ref nicename="ResourceRequested" qname="ResourceRequested"/>
      </instance>
      <interface-parameters>
        <type-int alignment="I:1" cname="unsigned char" size="I:1" unsigned="">
          <typename><typedef-ref name="uint8_t" ref="0x2b6104f08160"/></typename>
        </type-int>
      </interface-parameters>
      <interface-functions>
        <function-ref name="requested" ref="0x2b61069edd70" scoped=""/>
        <function-ref name="immediateRequested" ref="0x2b61069ec020" scoped=""/>
      </interface-functions>
    </interface><interface loc="60:/opt/tinyos-release-tinyos-2_1_2//tos/system/ArbiterP.nc" name="ResourceConfigure" provided="0" ref="0x2b61069eadf0">
      <component-ref nicename="ArbiterP" qname="ArbiterP"/>
      <type-interface alignment="I:2" size="I:2"><interface-ref name="ResourceConfigure" ref="0x2b61069eadf0" scoped=""/></type-interface>
      <instance>
        <interfacedef-ref nicename="ResourceConfigure" qname="ResourceConfigure"/>
      </instance>
      <interface-parameters>
        <type-int alignment="I:1" cname="unsigned char" size="I:1" unsigned="">
          <typename><typedef-ref name="uint8_t" ref="0x2b6104f08160"/></typename>
        </type-int>
      </interface-parameters>
      <interface-functions>
        <function-ref name="unconfigure" ref="0x2b61069e91c0" scoped=""/>
        <function-ref name="configure" ref="0x2b61069e9350" scoped=""/>
      </interface-functions>
    </interface><interface loc="61:/opt/tinyos-release-tinyos-2_1_2//tos/system/ArbiterP.nc" name="Queue" provided="0" ref="0x2b61069e96b0">
      <component-ref nicename="ArbiterP" qname="ArbiterP"/>
      <type-interface alignment="I:2" size="I:2"><interface-ref name="Queue" ref="0x2b61069e96b0" scoped=""/></type-interface>
      <instance>
        <interfacedef-ref nicename="ResourceQueue" qname="ResourceQueue"/>
      </instance>
      <interface-functions>
        <function-ref name="enqueue" ref="0x2b61069e9a30" scoped=""/>
        <function-ref name="isEmpty" ref="0x2b61069e9bc0" scoped=""/>
        <function-ref name="isEnqueued" ref="0x2b61069e9d50" scoped=""/>
        <function-ref name="dequeue" ref="0x2b61069e8020" scoped=""/>
      </interface-functions>
    </interface><interface loc="56:/opt/tinyos-release-tinyos-2_1_2//tos/system/ArbiterP.nc" name="ResourceDefaultOwner" provided="1" ref="0x2b61069ec340">
      <component-ref nicename="ArbiterP" qname="ArbiterP"/>
      <type-interface alignment="I:2" size="I:2"><interface-ref name="ResourceDefaultOwner" ref="0x2b61069ec340" scoped=""/></type-interface>
      <instance>
        <interfacedef-ref nicename="ResourceDefaultOwner" qname="ResourceDefaultOwner"/>
      </instance>
      <interface-functions>
        <function-ref name="release" ref="0x2b61069ec6c0" scoped=""/>
        <function-ref name="requested" ref="0x2b61069ec850" scoped=""/>
        <function-ref name="granted" ref="0x2b61069ec9e0" scoped=""/>
        <function-ref name="isOwner" ref="0x2b61069ecb70" scoped=""/>
        <function-ref name="immediateRequested" ref="0x2b61069ecd00" scoped=""/>
      </interface-functions>
    </interface><interface loc="62:/opt/tinyos-release-tinyos-2_1_2//tos/system/ArbiterP.nc" name="Leds" provided="0" ref="0x2b61069e82a0">
      <component-ref nicename="ArbiterP" qname="ArbiterP"/>
      <type-interface alignment="I:2" size="I:2"><interface-ref name="Leds" ref="0x2b61069e82a0" scoped=""/></type-interface>
      <instance>
        <interfacedef-ref nicename="Leds" qname="Leds"/>
      </instance>
      <interface-functions>
        <function-ref name="led0Off" ref="0x2b61069e8620" scoped=""/>
        <function-ref name="led0Toggle" ref="0x2b61069e87b0" scoped=""/>
        <function-ref name="led1On" ref="0x2b61069e8940" scoped=""/>
        <function-ref name="led1Toggle" ref="0x2b61069e8ad0" scoped=""/>
        <function-ref name="led2Toggle" ref="0x2b61069e8c60" scoped=""/>
        <function-ref name="get" ref="0x2b61069e8df0" scoped=""/>
        <function-ref name="led1Off" ref="0x2b6106a39020" scoped=""/>
        <function-ref name="led2Off" ref="0x2b6106a39660" scoped=""/>
        <function-ref name="set" ref="0x2b6106a391b0" scoped=""/>
        <function-ref name="led0On" ref="0x2b6106a39340" scoped=""/>
        <function-ref name="led2On" ref="0x2b6106a394d0" scoped=""/>
      </interface-functions>
    </interface><interface loc="54:/opt/tinyos-release-tinyos-2_1_2//tos/system/ArbiterP.nc" name="Resource" provided="1" ref="0x2b61069ee660">
      <component-ref nicename="ArbiterP" qname="ArbiterP"/>
      <type-interface alignment="I:2" size="I:2"><interface-ref name="Resource" ref="0x2b61069ee660" scoped=""/></type-interface>
      <instance>
        <interfacedef-ref nicename="Resource" qname="Resource"/>
      </instance>
      <interface-parameters>
        <type-int alignment="I:1" cname="unsigned char" size="I:1" unsigned="">
          <typename><typedef-ref name="uint8_t" ref="0x2b6104f08160"/></typename>
        </type-int>
      </interface-parameters>
      <interface-functions>
        <function-ref name="release" ref="0x2b61069ee9e0" scoped=""/>
        <function-ref name="immediateRequest" ref="0x2b61069eeb70" scoped=""/>
        <function-ref name="request" ref="0x2b61069eed00" scoped=""/>
        <function-ref name="granted" ref="0x2b61069ed020" scoped=""/>
        <function-ref name="isOwner" ref="0x2b61069ed1b0" scoped=""/>
      </interface-functions>
    </interface><interface loc="57:/opt/tinyos-release-tinyos-2_1_2//tos/system/ArbiterP.nc" name="ArbiterInfo" provided="1" ref="0x2b61069ea020">
      <component-ref nicename="ArbiterP" qname="ArbiterP"/>
      <type-interface alignment="I:2" size="I:2"><interface-ref name="ArbiterInfo" ref="0x2b61069ea020" scoped=""/></type-interface>
      <instance>
        <interfacedef-ref nicename="ArbiterInfo" qname="ArbiterInfo"/>
      </instance>
      <interface-functions>
        <function-ref name="inUse" ref="0x2b61069ea3a0" scoped=""/>
        <function-ref name="userId" ref="0x2b61069ea530" scoped=""/>
      </interface-functions>
    </interface><interface loc="75:/opt/tinyos-release-tinyos-2_1_2//tos/system/ArbiterP.nc" name="grantedTask" provided="0" ref="0x2b6106a369f0">
      <component-ref nicename="ArbiterP" qname="ArbiterP"/>
      <type-interface alignment="I:2" size="I:2"><interface-ref name="grantedTask" ref="0x2b6106a369f0" scoped=""/></type-interface>
      <instance>
        <interfacedef-ref nicename="TaskBasic" qname="TaskBasic"/>
      </instance>
      <interface-functions>
        <function-ref name="postTask" ref="0x2b6106a36d70" scoped=""/>
        <function-ref name="runTask" ref="0x2b6106a35020" scoped=""/>
      </interface-functions>
    </interface></specification><referenced/></component>