<?xml version="1.0" ?><component loc="39:/opt/tinyos-release-tinyos-2_1_2//tos/chips/cc2420/receive/CC2420ReceiveC.nc" nicename="CC2420ReceiveC" qname="CC2420ReceiveC">
      <documentation loc="32:/opt/tinyos-release-tinyos-2_1_2//tos/chips/cc2420/receive/CC2420ReceiveC.nc">
        <short>
 Implementation of the receive path for the ChipCon CC2420 radio.</short>
        <long>
 Implementation of the receive path for the ChipCon CC2420 radio.

 @author Jonathan Hui &lt;jhui@archrock.com&gt;
 @version $Revision: 1.4 $ $Date: 2009-08-14 20:33:43 $
</long>
      </documentation>
      <configuration/>
      <wiring>
        <wire loc="62:/opt/tinyos-release-tinyos-2_1_2//tos/chips/cc2420/receive/CC2420ReceiveC.nc">
          <from><interface-ref name="CC2420Receive" ref="0x2b6106d52020" scoped=""/></from>
          <to><interface-ref name="CC2420Receive" ref="0x2b6106d4d850" scoped=""/></to>
        </wire>
        <wire loc="63:/opt/tinyos-release-tinyos-2_1_2//tos/chips/cc2420/receive/CC2420ReceiveC.nc">
          <from><interface-ref name="Receive" ref="0x2b6106d529a0" scoped=""/></from>
          <to><interface-ref name="Receive" ref="0x2b6106d4c300" scoped=""/></to>
        </wire>
        <wire loc="64:/opt/tinyos-release-tinyos-2_1_2//tos/chips/cc2420/receive/CC2420ReceiveC.nc">
          <from><interface-ref name="PacketIndicator" ref="0x2b6106d511a0" scoped=""/></from>
          <to><interface-ref name="PacketIndicator" ref="0x2b6106d4caa0" scoped=""/></to>
        </wire>
        <wire loc="61:/opt/tinyos-release-tinyos-2_1_2//tos/chips/cc2420/receive/CC2420ReceiveC.nc">
          <from><interface-ref name="StdControl" ref="0x2b6106d56680" scoped=""/></from>
          <to><interface-ref name="StdControl" ref="0x2b6106d4d020" scoped=""/></to>
        </wire>
        <wire loc="59:/opt/tinyos-release-tinyos-2_1_2//tos/chips/cc2420/receive/CC2420ReceiveC.nc">
          <from><interface-ref name="Leds" ref="0x2b6106d97150" scoped=""/></from>
          <to><interface-ref name="Leds" ref="0x2b6105f285b0" scoped=""/></to>
        </wire>
        <wire loc="66:/opt/tinyos-release-tinyos-2_1_2//tos/chips/cc2420/receive/CC2420ReceiveC.nc">
          <from><interface-ref name="SoftwareInit" ref="0x2b6105d641b0" scoped=""/></from>
          <to><interface-ref name="Init" ref="0x2b6106d50810" scoped=""/></to>
        </wire>
        <wire loc="68:/opt/tinyos-release-tinyos-2_1_2//tos/chips/cc2420/receive/CC2420ReceiveC.nc">
          <from><interface-ref name="CSN" ref="0x2b6106d4b1a0" scoped=""/></from>
          <to><interface-ref name="CSN" ref="0x2b61065bce60" scoped=""/></to>
        </wire>
        <wire loc="69:/opt/tinyos-release-tinyos-2_1_2//tos/chips/cc2420/receive/CC2420ReceiveC.nc">
          <from><interface-ref name="FIFO" ref="0x2b6106d4a390" scoped=""/></from>
          <to><interface-ref name="FIFO" ref="0x2b61065ba090" scoped=""/></to>
        </wire>
        <wire loc="70:/opt/tinyos-release-tinyos-2_1_2//tos/chips/cc2420/receive/CC2420ReceiveC.nc">
          <from><interface-ref name="FIFOP" ref="0x2b6106d496b0" scoped=""/></from>
          <to><interface-ref name="FIFOP" ref="0x2b61065b9390" scoped=""/></to>
        </wire>
        <wire loc="71:/opt/tinyos-release-tinyos-2_1_2//tos/chips/cc2420/receive/CC2420ReceiveC.nc">
          <from><interface-ref name="InterruptFIFOP" ref="0x2b6106d48a50" scoped=""/></from>
          <to><interface-ref name="InterruptFIFOP" ref="0x2b6106603a20" scoped=""/></to>
        </wire>
        <wire loc="72:/opt/tinyos-release-tinyos-2_1_2//tos/chips/cc2420/receive/CC2420ReceiveC.nc">
          <from><interface-ref name="SpiResource" ref="0x2b6106d476e0" scoped=""/></from>
          <to><interface-ref name="Resource" ref="0x2b6106e36520" scoped=""/></to>
        </wire>
        <wire loc="73:/opt/tinyos-release-tinyos-2_1_2//tos/chips/cc2420/receive/CC2420ReceiveC.nc">
          <from><interface-ref name="RXFIFO" ref="0x2b6106d46530" scoped=""/></from>
          <to><interface-ref name="RXFIFO" ref="0x2b6106e7e840" scoped=""/></to>
        </wire>
        <wire loc="74:/opt/tinyos-release-tinyos-2_1_2//tos/chips/cc2420/receive/CC2420ReceiveC.nc">
          <from><interface-ref name="SFLUSHRX" ref="0x2b6106d45ad0" scoped=""/></from>
          <to><interface-ref name="SFLUSHRX" ref="0x2b6106e31060" scoped=""/></to>
        </wire>
        <wire loc="75:/opt/tinyos-release-tinyos-2_1_2//tos/chips/cc2420/receive/CC2420ReceiveC.nc">
          <from><interface-ref name="SACK" ref="0x2b6106d453a0" scoped=""/></from>
          <to><interface-ref name="SACK" ref="0x2b6106e31d00" scoped=""/></to>
        </wire>
        <wire loc="76:/opt/tinyos-release-tinyos-2_1_2//tos/chips/cc2420/receive/CC2420ReceiveC.nc">
          <from><interface-ref name="CC2420Packet" ref="0x2b6106d44330" scoped=""/></from>
          <to><interface-ref name="CC2420Packet" ref="0x2b6106df0680" scoped=""/></to>
        </wire>
        <wire loc="77:/opt/tinyos-release-tinyos-2_1_2//tos/chips/cc2420/receive/CC2420ReceiveC.nc">
          <from><interface-ref name="CC2420PacketBody" ref="0x2b6106d431e0" scoped=""/></from>
          <to><interface-ref name="CC2420PacketBody" ref="0x2b6106dec0c0" scoped=""/></to>
        </wire>
        <wire loc="78:/opt/tinyos-release-tinyos-2_1_2//tos/chips/cc2420/receive/CC2420ReceiveC.nc">
          <from><interface-ref name="PacketTimeStamp" ref="0x2b6106d41d70" scoped=""/></from>
          <to><interface-ref name="PacketTimeStamp32khz" ref="0x2b6106deb550" scoped=""/></to>
        </wire>
        <wire loc="79:/opt/tinyos-release-tinyos-2_1_2//tos/chips/cc2420/receive/CC2420ReceiveC.nc">
          <from><interface-ref name="CC2420Config" ref="0x2b6106d43b90" scoped=""/></from>
          <to><interface-ref name="CC2420Config" ref="0x2b61064c3b80" scoped=""/></to>
        </wire>
        <wire loc="81:/opt/tinyos-release-tinyos-2_1_2//tos/chips/cc2420/receive/CC2420ReceiveC.nc">
          <from><interface-ref name="SECCTRL0" ref="0x2b6106d9c3e0" scoped=""/></from>
          <to><interface-ref name="SECCTRL0" ref="0x2b6106e8b840" scoped=""/></to>
        </wire>
        <wire loc="82:/opt/tinyos-release-tinyos-2_1_2//tos/chips/cc2420/receive/CC2420ReceiveC.nc">
          <from><interface-ref name="SECCTRL1" ref="0x2b6106d9ccb0" scoped=""/></from>
          <to><interface-ref name="SECCTRL1" ref="0x2b6106e8a060" scoped=""/></to>
        </wire>
        <wire loc="83:/opt/tinyos-release-tinyos-2_1_2//tos/chips/cc2420/receive/CC2420ReceiveC.nc">
          <from><interface-ref name="SRXDEC" ref="0x2b6106d3db10" scoped=""/></from>
          <to><interface-ref name="SRXDEC" ref="0x2b6106e2fae0" scoped=""/></to>
        </wire>
        <wire loc="84:/opt/tinyos-release-tinyos-2_1_2//tos/chips/cc2420/receive/CC2420ReceiveC.nc">
          <from><interface-ref name="RXNONCE" ref="0x2b6106d996d0" scoped=""/></from>
          <to><interface-ref name="RXNONCE" ref="0x2b6106e7e060" scoped=""/></to>
        </wire>
        <wire loc="85:/opt/tinyos-release-tinyos-2_1_2//tos/chips/cc2420/receive/CC2420ReceiveC.nc">
          <from><interface-ref name="KEY0" ref="0x2b6106d9a590" scoped=""/></from>
          <to><interface-ref name="KEY0" ref="0x2b6106e81060" scoped=""/></to>
        </wire>
        <wire loc="86:/opt/tinyos-release-tinyos-2_1_2//tos/chips/cc2420/receive/CC2420ReceiveC.nc">
          <from><interface-ref name="KEY1" ref="0x2b6106d9ae00" scoped=""/></from>
          <to><interface-ref name="KEY1" ref="0x2b6106e81840" scoped=""/></to>
        </wire>
        <wire loc="87:/opt/tinyos-release-tinyos-2_1_2//tos/chips/cc2420/receive/CC2420ReceiveC.nc">
          <from><interface-ref name="RXFIFO_RAM" ref="0x2b6106d98020" scoped=""/></from>
          <to><interface-ref name="RXFIFO_RAM" ref="0x2b6106e82840" scoped=""/></to>
        </wire>
        <wire loc="88:/opt/tinyos-release-tinyos-2_1_2//tos/chips/cc2420/receive/CC2420ReceiveC.nc">
          <from><interface-ref name="SNOP" ref="0x2b6106d988b0" scoped=""/></from>
          <to><interface-ref name="SNOP" ref="0x2b6106e35c20" scoped=""/></to>
        </wire>
      </wiring>
    <specification><interface loc="42:/opt/tinyos-release-tinyos-2_1_2//tos/chips/cc2420/receive/CC2420ReceiveC.nc" name="CC2420Receive" provided="1" ref="0x2b6106d52020">
      <component-ref nicename="CC2420ReceiveC" qname="CC2420ReceiveC"/>
      <type-interface alignment="I:2" size="I:2"><interface-ref name="CC2420Receive" ref="0x2b6106d52020" scoped=""/></type-interface>
      <instance>
        <interfacedef-ref nicename="CC2420Receive" qname="CC2420Receive"/>
      </instance>
      <interface-functions>
        <function-ref name="receive" ref="0x2b6106d523a0" scoped=""/>
        <function-ref name="sfd_dropped" ref="0x2b6106d52530" scoped=""/>
        <function-ref name="sfd" ref="0x2b6106d526c0" scoped=""/>
      </interface-functions>
    </interface><interface loc="43:/opt/tinyos-release-tinyos-2_1_2//tos/chips/cc2420/receive/CC2420ReceiveC.nc" name="Receive" provided="1" ref="0x2b6106d529a0">
      <component-ref nicename="CC2420ReceiveC" qname="CC2420ReceiveC"/>
      <type-interface alignment="I:2" size="I:2"><interface-ref name="Receive" ref="0x2b6106d529a0" scoped=""/></type-interface>
      <instance>
        <interfacedef-ref nicename="Receive" qname="Receive"/>
      </instance>
      <interface-functions>
        <function-ref name="receive" ref="0x2b6106d52d20" scoped=""/>
      </interface-functions>
    </interface><interface loc="44:/opt/tinyos-release-tinyos-2_1_2//tos/chips/cc2420/receive/CC2420ReceiveC.nc" name="PacketIndicator" provided="1" ref="0x2b6106d511a0">
      <component-ref nicename="CC2420ReceiveC" qname="CC2420ReceiveC"/>
      <type-interface alignment="I:2" size="I:2"><interface-ref name="PacketIndicator" ref="0x2b6106d511a0" scoped=""/></type-interface>
      <instance>
        <interfacedef-ref nicename="ReceiveIndicator" qname="ReceiveIndicator"/>
      </instance>
      <interface-functions>
        <function-ref name="isReceiving" ref="0x2b6106d51520" scoped=""/>
      </interface-functions>
    </interface><interface loc="41:/opt/tinyos-release-tinyos-2_1_2//tos/chips/cc2420/receive/CC2420ReceiveC.nc" name="StdControl" provided="1" ref="0x2b6106d56680">
      <component-ref nicename="CC2420ReceiveC" qname="CC2420ReceiveC"/>
      <type-interface alignment="I:2" size="I:2"><interface-ref name="StdControl" ref="0x2b6106d56680" scoped=""/></type-interface>
      <instance>
        <interfacedef-ref nicename="StdControl" qname="StdControl"/>
      </instance>
      <interface-functions>
        <function-ref name="start" ref="0x2b6106d56a00" scoped=""/>
        <function-ref name="stop" ref="0x2b6106d56b90" scoped=""/>
      </interface-functions>
    </interface></specification><referenced><interface loc="63:/opt/tinyos-release-tinyos-2_1_2//tos/chips/cc2420/receive/CC2420ReceiveP.nc" name="CC2420PacketBody" provided="0" ref="0x2b6106d431e0">
      <component-ref nicename="CC2420ReceiveP" qname="CC2420ReceiveP"/>
      <type-interface alignment="I:2" size="I:2"><interface-ref name="CC2420PacketBody" ref="0x2b6106d431e0" scoped=""/></type-interface>
      <instance>
        <interfacedef-ref nicename="CC2420PacketBody" qname="CC2420PacketBody"/>
      </instance>
      <interface-functions>
        <function-ref name="getPayload" ref="0x2b6106d43560" scoped=""/>
        <function-ref name="getHeader" ref="0x2b6106d436f0" scoped=""/>
        <function-ref name="getMetadata" ref="0x2b6106d43880" scoped=""/>
      </interface-functions>
    </interface><interface loc="67:/opt/tinyos-release-tinyos-2_1_2//tos/chips/cc2420/receive/CC2420ReceiveP.nc" name="SRXDEC" provided="0" ref="0x2b6106d3db10">
      <component-ref nicename="CC2420ReceiveP" qname="CC2420ReceiveP"/>
      <type-interface alignment="I:2" size="I:2"><interface-ref name="SRXDEC" ref="0x2b6106d3db10" scoped=""/></type-interface>
      <instance>
        <interfacedef-ref nicename="CC2420Strobe" qname="CC2420Strobe"/>
      </instance>
      <interface-functions>
        <function-ref name="strobe" ref="0x2b6106d9c020" scoped=""/>
      </interface-functions>
    </interface><interface loc="46:/opt/tinyos-release-tinyos-2_1_2//tos/system/LedsC.nc" name="Leds" provided="1" ref="0x2b6105f285b0">
      <component-ref nicename="LedsC" qname="LedsC"/>
      <type-interface alignment="I:2" size="I:2"><interface-ref name="Leds" ref="0x2b6105f285b0" scoped=""/></type-interface>
      <instance>
        <interfacedef-ref nicename="Leds" qname="Leds"/>
      </instance>
      <interface-functions>
        <function-ref name="led0Off" ref="0x2b6105f28930" scoped=""/>
        <function-ref name="led0Toggle" ref="0x2b6105f28ac0" scoped=""/>
        <function-ref name="led1On" ref="0x2b6105f28c50" scoped=""/>
        <function-ref name="led1Toggle" ref="0x2b6105f28de0" scoped=""/>
        <function-ref name="led2Toggle" ref="0x2b6105f91020" scoped=""/>
        <function-ref name="get" ref="0x2b6105f911b0" scoped=""/>
        <function-ref name="led1Off" ref="0x2b6105f91340" scoped=""/>
        <function-ref name="led2Off" ref="0x2b6105f91980" scoped=""/>
        <function-ref name="set" ref="0x2b6105f914d0" scoped=""/>
        <function-ref name="led0On" ref="0x2b6105f91660" scoped=""/>
        <function-ref name="led2On" ref="0x2b6105f917f0" scoped=""/>
      </interface-functions>
    </interface><interface loc="94:/opt/tinyos-release-tinyos-2_1_2//tos/chips/cc2420/spi/CC2420SpiC.nc" name="RXNONCE" provided="1" ref="0x2b6106e7e060">
      <component-ref nicename="CC2420ReceiveC.Spi" qname="CC2420ReceiveC.Spi"/>
      <type-interface alignment="I:2" size="I:2"><interface-ref name="RXNONCE" ref="0x2b6106e7e060" scoped=""/></type-interface>
      <instance>
        <interfacedef-ref nicename="CC2420Ram" qname="CC2420Ram"/>
      </instance>
      <interface-functions>
        <function-ref name="read" ref="0x2b6106e7e3e0" scoped=""/>
        <function-ref name="write" ref="0x2b6106e7e570" scoped=""/>
      </interface-functions>
    </interface><interface loc="49:/opt/tinyos-release-tinyos-2_1_2//tos/chips/cc2420/receive/CC2420ReceiveP.nc" name="CC2420Receive" provided="1" ref="0x2b6106d4d850">
      <component-ref nicename="CC2420ReceiveP" qname="CC2420ReceiveP"/>
      <type-interface alignment="I:2" size="I:2"><interface-ref name="CC2420Receive" ref="0x2b6106d4d850" scoped=""/></type-interface>
      <instance>
        <interfacedef-ref nicename="CC2420Receive" qname="CC2420Receive"/>
      </instance>
      <interface-functions>
        <function-ref name="receive" ref="0x2b6106d4dbd0" scoped=""/>
        <function-ref name="sfd_dropped" ref="0x2b6106d4dd60" scoped=""/>
        <function-ref name="sfd" ref="0x2b6106d4c020" scoped=""/>
      </interface-functions>
    </interface><interface loc="61:/opt/tinyos-release-tinyos-2_1_2//tos/chips/cc2420/receive/CC2420ReceiveP.nc" name="SFLUSHRX" provided="0" ref="0x2b6106d45ad0">
      <component-ref nicename="CC2420ReceiveP" qname="CC2420ReceiveP"/>
      <type-interface alignment="I:2" size="I:2"><interface-ref name="SFLUSHRX" ref="0x2b6106d45ad0" scoped=""/></type-interface>
      <instance>
        <interfacedef-ref nicename="CC2420Strobe" qname="CC2420Strobe"/>
      </instance>
      <interface-functions>
        <function-ref name="strobe" ref="0x2b6106d44020" scoped=""/>
      </interface-functions>
    </interface><interface loc="41:/opt/tinyos-release-tinyos-2_1_2//tos/chips/cc2420/spi/CC2420SpiC.nc" name="Resource" provided="1" ref="0x2b6106e36520">
      <component-ref nicename="CC2420ReceiveC.Spi" qname="CC2420ReceiveC.Spi"/>
      <type-interface alignment="I:2" size="I:2"><interface-ref name="Resource" ref="0x2b6106e36520" scoped=""/></type-interface>
      <instance>
        <interfacedef-ref nicename="Resource" qname="Resource"/>
      </instance>
      <interface-functions>
        <function-ref name="release" ref="0x2b6106e368a0" scoped=""/>
        <function-ref name="immediateRequest" ref="0x2b6106e36a30" scoped=""/>
        <function-ref name="request" ref="0x2b6106e36bc0" scoped=""/>
        <function-ref name="granted" ref="0x2b6106e36d50" scoped=""/>
        <function-ref name="isOwner" ref="0x2b6106e35020" scoped=""/>
      </interface-functions>
    </interface><interface loc="74:/opt/tinyos-release-tinyos-2_1_2//tos/chips/cc2420/receive/CC2420ReceiveP.nc" name="SNOP" provided="0" ref="0x2b6106d988b0">
      <component-ref nicename="CC2420ReceiveP" qname="CC2420ReceiveP"/>
      <type-interface alignment="I:2" size="I:2"><interface-ref name="SNOP" ref="0x2b6106d988b0" scoped=""/></type-interface>
      <instance>
        <interfacedef-ref nicename="CC2420Strobe" qname="CC2420Strobe"/>
      </instance>
      <interface-functions>
        <function-ref name="strobe" ref="0x2b6106d98e30" scoped=""/>
      </interface-functions>
    </interface><interface loc="72:/opt/tinyos-release-tinyos-2_1_2//tos/chips/cc2420/spi/CC2420SpiC.nc" name="SECCTRL1" provided="1" ref="0x2b6106e8a060">
      <component-ref nicename="CC2420ReceiveC.Spi" qname="CC2420ReceiveC.Spi"/>
      <type-interface alignment="I:2" size="I:2"><interface-ref name="SECCTRL1" ref="0x2b6106e8a060" scoped=""/></type-interface>
      <instance>
        <interfacedef-ref nicename="CC2420Register" qname="CC2420Register"/>
      </instance>
      <interface-functions>
        <function-ref name="read" ref="0x2b6106e8a3e0" scoped=""/>
        <function-ref name="write" ref="0x2b6106e8a570" scoped=""/>
      </interface-functions>
    </interface><interface loc="91:/opt/tinyos-release-tinyos-2_1_2//tos/chips/cc2420/spi/CC2420SpiC.nc" name="KEY1" provided="1" ref="0x2b6106e81840">
      <component-ref nicename="CC2420ReceiveC.Spi" qname="CC2420ReceiveC.Spi"/>
      <type-interface alignment="I:2" size="I:2"><interface-ref name="KEY1" ref="0x2b6106e81840" scoped=""/></type-interface>
      <instance>
        <interfacedef-ref nicename="CC2420Ram" qname="CC2420Ram"/>
      </instance>
      <interface-functions>
        <function-ref name="read" ref="0x2b6106e81bc0" scoped=""/>
        <function-ref name="write" ref="0x2b6106e81d50" scoped=""/>
      </interface-functions>
    </interface><interface loc="73:/opt/tinyos-release-tinyos-2_1_2//tos/chips/cc2420/receive/CC2420ReceiveP.nc" name="RXFIFO_RAM" provided="0" ref="0x2b6106d98020">
      <component-ref nicename="CC2420ReceiveP" qname="CC2420ReceiveP"/>
      <type-interface alignment="I:2" size="I:2"><interface-ref name="RXFIFO_RAM" ref="0x2b6106d98020" scoped=""/></type-interface>
      <instance>
        <interfacedef-ref nicename="CC2420Ram" qname="CC2420Ram"/>
      </instance>
      <interface-functions>
        <function-ref name="read" ref="0x2b6106d983a0" scoped=""/>
        <function-ref name="write" ref="0x2b6106d98530" scoped=""/>
      </interface-functions>
    </interface><interface loc="50:/opt/tinyos-release-tinyos-2_1_2//tos/chips/cc2420/receive/CC2420ReceiveP.nc" name="Receive" provided="1" ref="0x2b6106d4c300">
      <component-ref nicename="CC2420ReceiveP" qname="CC2420ReceiveP"/>
      <type-interface alignment="I:2" size="I:2"><interface-ref name="Receive" ref="0x2b6106d4c300" scoped=""/></type-interface>
      <instance>
        <interfacedef-ref nicename="Receive" qname="Receive"/>
      </instance>
      <interface-functions>
        <function-ref name="receive" ref="0x2b6106d4c680" scoped=""/>
      </interface-functions>
    </interface><interface loc="76:/opt/tinyos-release-tinyos-2_1_2//tos/chips/cc2420/receive/CC2420ReceiveP.nc" name="Leds" provided="0" ref="0x2b6106d97150">
      <component-ref nicename="CC2420ReceiveP" qname="CC2420ReceiveP"/>
      <type-interface alignment="I:2" size="I:2"><interface-ref name="Leds" ref="0x2b6106d97150" scoped=""/></type-interface>
      <instance>
        <interfacedef-ref nicename="Leds" qname="Leds"/>
      </instance>
      <interface-functions>
        <function-ref name="led0Off" ref="0x2b6106d974d0" scoped=""/>
        <function-ref name="led0Toggle" ref="0x2b6106d97660" scoped=""/>
        <function-ref name="led1On" ref="0x2b6106d977f0" scoped=""/>
        <function-ref name="led1Toggle" ref="0x2b6106d97980" scoped=""/>
        <function-ref name="led2Toggle" ref="0x2b6106d97b10" scoped=""/>
        <function-ref name="get" ref="0x2b6106d97ca0" scoped=""/>
        <function-ref name="led1Off" ref="0x2b6106d97e30" scoped=""/>
        <function-ref name="led2Off" ref="0x2b6106d964d0" scoped=""/>
        <function-ref name="set" ref="0x2b6106d96020" scoped=""/>
        <function-ref name="led0On" ref="0x2b6106d961b0" scoped=""/>
        <function-ref name="led2On" ref="0x2b6106d96340" scoped=""/>
      </interface-functions>
    </interface><interface loc="57:/opt/tinyos-release-tinyos-2_1_2//tos/chips/cc2420/spi/CC2420SpiC.nc" name="SRXDEC" provided="1" ref="0x2b6106e2fae0">
      <component-ref nicename="CC2420ReceiveC.Spi" qname="CC2420ReceiveC.Spi"/>
      <type-interface alignment="I:2" size="I:2"><interface-ref name="SRXDEC" ref="0x2b6106e2fae0" scoped=""/></type-interface>
      <instance>
        <interfacedef-ref nicename="CC2420Strobe" qname="CC2420Strobe"/>
      </instance>
      <interface-functions>
        <function-ref name="strobe" ref="0x2b6106e2fe60" scoped=""/>
      </interface-functions>
    </interface><interface loc="72:/opt/tinyos-release-tinyos-2_1_2//tos/chips/cc2420/receive/CC2420ReceiveP.nc" name="RXNONCE" provided="0" ref="0x2b6106d996d0">
      <component-ref nicename="CC2420ReceiveP" qname="CC2420ReceiveP"/>
      <type-interface alignment="I:2" size="I:2"><interface-ref name="RXNONCE" ref="0x2b6106d996d0" scoped=""/></type-interface>
      <instance>
        <interfacedef-ref nicename="CC2420Ram" qname="CC2420Ram"/>
      </instance>
      <interface-functions>
        <function-ref name="read" ref="0x2b6106d99a50" scoped=""/>
        <function-ref name="write" ref="0x2b6106d99be0" scoped=""/>
      </interface-functions>
    </interface><interface loc="90:/opt/tinyos-release-tinyos-2_1_2//tos/chips/cc2420/spi/CC2420SpiC.nc" name="KEY0" provided="1" ref="0x2b6106e81060">
      <component-ref nicename="CC2420ReceiveC.Spi" qname="CC2420ReceiveC.Spi"/>
      <type-interface alignment="I:2" size="I:2"><interface-ref name="KEY0" ref="0x2b6106e81060" scoped=""/></type-interface>
      <instance>
        <interfacedef-ref nicename="CC2420Ram" qname="CC2420Ram"/>
      </instance>
      <interface-functions>
        <function-ref name="read" ref="0x2b6106e813e0" scoped=""/>
        <function-ref name="write" ref="0x2b6106e81570" scoped=""/>
      </interface-functions>
    </interface><interface loc="44:/opt/tinyos-release-tinyos-2_1_2//tos/platforms/telosa/chips/cc2420/HplCC2420PinsC.nc" name="FIFO" provided="1" ref="0x2b61065ba090">
      <component-ref nicename="HplCC2420PinsC" qname="HplCC2420PinsC"/>
      <type-interface alignment="I:2" size="I:2"><interface-ref name="FIFO" ref="0x2b61065ba090" scoped=""/></type-interface>
      <instance>
        <interfacedef-ref nicename="GeneralIO" qname="GeneralIO"/>
      </instance>
      <interface-functions>
        <function-ref name="makeInput" ref="0x2b61065ba410" scoped=""/>
        <function-ref name="isInput" ref="0x2b61065ba5a0" scoped=""/>
        <function-ref name="toggle" ref="0x2b61065ba730" scoped=""/>
        <function-ref name="isOutput" ref="0x2b61065ba8c0" scoped=""/>
        <function-ref name="get" ref="0x2b61065baa50" scoped=""/>
        <function-ref name="makeOutput" ref="0x2b61065babe0" scoped=""/>
        <function-ref name="set" ref="0x2b61065bad70" scoped=""/>
        <function-ref name="clr" ref="0x2b61065b9020" scoped=""/>
      </interface-functions>
    </interface><interface loc="53:/opt/tinyos-release-tinyos-2_1_2//tos/chips/cc2420/spi/CC2420SpiC.nc" name="SFLUSHRX" provided="1" ref="0x2b6106e31060">
      <component-ref nicename="CC2420ReceiveC.Spi" qname="CC2420ReceiveC.Spi"/>
      <type-interface alignment="I:2" size="I:2"><interface-ref name="SFLUSHRX" ref="0x2b6106e31060" scoped=""/></type-interface>
      <instance>
        <interfacedef-ref nicename="CC2420Strobe" qname="CC2420Strobe"/>
      </instance>
      <interface-functions>
        <function-ref name="strobe" ref="0x2b6106e313e0" scoped=""/>
      </interface-functions>
    </interface><interface loc="47:/opt/tinyos-release-tinyos-2_1_2//tos/chips/cc2420/receive/CC2420ReceiveP.nc" name="Init" provided="1" ref="0x2b6106d50810">
      <component-ref nicename="CC2420ReceiveP" qname="CC2420ReceiveP"/>
      <type-interface alignment="I:2" size="I:2"><interface-ref name="Init" ref="0x2b6106d50810" scoped=""/></type-interface>
      <instance>
        <interfacedef-ref nicename="Init" qname="Init"/>
      </instance>
      <interface-functions>
        <function-ref name="init" ref="0x2b6106d50b90" scoped=""/>
      </interface-functions>
    </interface><interface loc="43:/opt/tinyos-release-tinyos-2_1_2//tos/chips/cc2420/packet/CC2420PacketC.nc" name="CC2420PacketBody" provided="1" ref="0x2b6106dec0c0">
      <component-ref nicename="CC2420PacketC" qname="CC2420PacketC"/>
      <type-interface alignment="I:2" size="I:2"><interface-ref name="CC2420PacketBody" ref="0x2b6106dec0c0" scoped=""/></type-interface>
      <instance>
        <interfacedef-ref nicename="CC2420PacketBody" qname="CC2420PacketBody"/>
      </instance>
      <interface-functions>
        <function-ref name="getPayload" ref="0x2b6106dec440" scoped=""/>
        <function-ref name="getHeader" ref="0x2b6106dec5d0" scoped=""/>
        <function-ref name="getMetadata" ref="0x2b6106dec760" scoped=""/>
      </interface-functions>
    </interface><interface loc="44:/opt/tinyos-release-tinyos-2_1_2//tos/platforms/telosa/chips/cc2420/HplCC2420InterruptsC.nc" name="InterruptFIFOP" provided="1" ref="0x2b6106603a20">
      <component-ref nicename="HplCC2420InterruptsC" qname="HplCC2420InterruptsC"/>
      <type-interface alignment="I:2" size="I:2"><interface-ref name="InterruptFIFOP" ref="0x2b6106603a20" scoped=""/></type-interface>
      <instance>
        <interfacedef-ref nicename="GpioInterrupt" qname="GpioInterrupt"/>
      </instance>
      <interface-functions>
        <function-ref name="fired" ref="0x2b6106603da0" scoped=""/>
        <function-ref name="disable" ref="0x2b61065ff020" scoped=""/>
        <function-ref name="enableFallingEdge" ref="0x2b61065ff1b0" scoped=""/>
        <function-ref name="enableRisingEdge" ref="0x2b61065ff340" scoped=""/>
      </interface-functions>
    </interface><interface loc="53:/opt/tinyos-release-tinyos-2_1_2//tos/chips/cc2420/receive/CC2420ReceiveP.nc" name="CSN" provided="0" ref="0x2b6106d4b1a0">
      <component-ref nicename="CC2420ReceiveP" qname="CC2420ReceiveP"/>
      <type-interface alignment="I:2" size="I:2"><interface-ref name="CSN" ref="0x2b6106d4b1a0" scoped=""/></type-interface>
      <instance>
        <interfacedef-ref nicename="GeneralIO" qname="GeneralIO"/>
      </instance>
      <interface-functions>
        <function-ref name="makeInput" ref="0x2b6106d4b520" scoped=""/>
        <function-ref name="isInput" ref="0x2b6106d4b6b0" scoped=""/>
        <function-ref name="toggle" ref="0x2b6106d4b840" scoped=""/>
        <function-ref name="isOutput" ref="0x2b6106d4b9d0" scoped=""/>
        <function-ref name="get" ref="0x2b6106d4bb60" scoped=""/>
        <function-ref name="makeOutput" ref="0x2b6106d4bcf0" scoped=""/>
        <function-ref name="set" ref="0x2b6106d4be80" scoped=""/>
        <function-ref name="clr" ref="0x2b6106d4a030" scoped=""/>
      </interface-functions>
    </interface><interface loc="54:/opt/tinyos-release-tinyos-2_1_2//tos/chips/cc2420/receive/CC2420ReceiveP.nc" name="FIFO" provided="0" ref="0x2b6106d4a390">
      <component-ref nicename="CC2420ReceiveP" qname="CC2420ReceiveP"/>
      <type-interface alignment="I:2" size="I:2"><interface-ref name="FIFO" ref="0x2b6106d4a390" scoped=""/></type-interface>
      <instance>
        <interfacedef-ref nicename="GeneralIO" qname="GeneralIO"/>
      </instance>
      <interface-functions>
        <function-ref name="makeInput" ref="0x2b6106d4a710" scoped=""/>
        <function-ref name="isInput" ref="0x2b6106d4a8a0" scoped=""/>
        <function-ref name="toggle" ref="0x2b6106d4aa30" scoped=""/>
        <function-ref name="isOutput" ref="0x2b6106d4abc0" scoped=""/>
        <function-ref name="get" ref="0x2b6106d4ad50" scoped=""/>
        <function-ref name="makeOutput" ref="0x2b6106d49020" scoped=""/>
        <function-ref name="set" ref="0x2b6106d491b0" scoped=""/>
        <function-ref name="clr" ref="0x2b6106d49340" scoped=""/>
      </interface-functions>
    </interface><interface loc="58:/opt/tinyos-release-tinyos-2_1_2//tos/system/MainC.nc" name="SoftwareInit" provided="0" ref="0x2b6105d641b0">
      <component-ref nicename="MainC" qname="MainC"/>
      <type-interface alignment="I:2" size="I:2"><interface-ref name="SoftwareInit" ref="0x2b6105d641b0" scoped=""/></type-interface>
      <instance>
        <interfacedef-ref nicename="Init" qname="Init"/>
      </instance>
      <interface-functions>
        <function-ref name="init" ref="0x2b6105d64530" scoped=""/>
      </interface-functions>
    </interface><interface loc="43:/opt/tinyos-release-tinyos-2_1_2//tos/platforms/telosa/chips/cc2420/HplCC2420PinsC.nc" name="CSN" provided="1" ref="0x2b61065bce60">
      <component-ref nicename="HplCC2420PinsC" qname="HplCC2420PinsC"/>
      <type-interface alignment="I:2" size="I:2"><interface-ref name="CSN" ref="0x2b61065bce60" scoped=""/></type-interface>
      <instance>
        <interfacedef-ref nicename="GeneralIO" qname="GeneralIO"/>
      </instance>
      <interface-functions>
        <function-ref name="makeInput" ref="0x2b61065bb210" scoped=""/>
        <function-ref name="isInput" ref="0x2b61065bb3a0" scoped=""/>
        <function-ref name="toggle" ref="0x2b61065bb530" scoped=""/>
        <function-ref name="isOutput" ref="0x2b61065bb6c0" scoped=""/>
        <function-ref name="get" ref="0x2b61065bb850" scoped=""/>
        <function-ref name="makeOutput" ref="0x2b61065bb9e0" scoped=""/>
        <function-ref name="set" ref="0x2b61065bbb70" scoped=""/>
        <function-ref name="clr" ref="0x2b61065bbd00" scoped=""/>
      </interface-functions>
    </interface><interface loc="48:/opt/tinyos-release-tinyos-2_1_2//tos/chips/cc2420/receive/CC2420ReceiveP.nc" name="StdControl" provided="1" ref="0x2b6106d4d020">
      <component-ref nicename="CC2420ReceiveP" qname="CC2420ReceiveP"/>
      <type-interface alignment="I:2" size="I:2"><interface-ref name="StdControl" ref="0x2b6106d4d020" scoped=""/></type-interface>
      <instance>
        <interfacedef-ref nicename="StdControl" qname="StdControl"/>
      </instance>
      <interface-functions>
        <function-ref name="start" ref="0x2b6106d4d3a0" scoped=""/>
        <function-ref name="stop" ref="0x2b6106d4d530" scoped=""/>
      </interface-functions>
    </interface><interface loc="46:/opt/tinyos-release-tinyos-2_1_2//tos/chips/cc2420/packet/CC2420PacketC.nc" name="PacketTimeStamp32khz" provided="1" ref="0x2b6106deb550">
      <component-ref nicename="CC2420PacketC" qname="CC2420PacketC"/>
      <type-interface alignment="I:2" size="I:2"><interface-ref name="PacketTimeStamp32khz" ref="0x2b6106deb550" scoped=""/></type-interface>
      <instance>
        <interfacedef-ref nicename="PacketTimeStamp" qname="PacketTimeStamp"/>
        <arguments>
          <type-tag alignment="I:2" size="I:2"><struct-ref ref="0x2b6105f51d70"/>
            <typename><typedef-ref name="T32khz" ref="0x2b6105f4f180"/></typename>
          </type-tag>
          <type-int alignment="I:2" cname="unsigned long" size="I:4" unsigned="">
            <typename><typedef-ref name="uint32_t" ref="0x2b6104f08920"/></typename>
          </type-int>
        </arguments>
      </instance>
      <interface-functions>
        <function-ref name="timestamp" ref="0x2b6106deab00" scoped=""/>
        <function-ref name="clear" ref="0x2b6106de82a0" scoped=""/>
        <function-ref name="isValid" ref="0x2b6106dea3d0" scoped=""/>
        <function-ref name="set" ref="0x2b6106de89d0" scoped=""/>
      </interface-functions>
    </interface><interface loc="55:/opt/tinyos-release-tinyos-2_1_2//tos/chips/cc2420/spi/CC2420SpiC.nc" name="SACK" provided="1" ref="0x2b6106e31d00">
      <component-ref nicename="CC2420ReceiveC.Spi" qname="CC2420ReceiveC.Spi"/>
      <type-interface alignment="I:2" size="I:2"><interface-ref name="SACK" ref="0x2b6106e31d00" scoped=""/></type-interface>
      <instance>
        <interfacedef-ref nicename="CC2420Strobe" qname="CC2420Strobe"/>
      </instance>
      <interface-functions>
        <function-ref name="strobe" ref="0x2b6106e2f1c0" scoped=""/>
      </interface-functions>
    </interface><interface loc="45:/opt/tinyos-release-tinyos-2_1_2//tos/platforms/telosa/chips/cc2420/HplCC2420PinsC.nc" name="FIFOP" provided="1" ref="0x2b61065b9390">
      <component-ref nicename="HplCC2420PinsC" qname="HplCC2420PinsC"/>
      <type-interface alignment="I:2" size="I:2"><interface-ref name="FIFOP" ref="0x2b61065b9390" scoped=""/></type-interface>
      <instance>
        <interfacedef-ref nicename="GeneralIO" qname="GeneralIO"/>
      </instance>
      <interface-functions>
        <function-ref name="makeInput" ref="0x2b61065b9710" scoped=""/>
        <function-ref name="isInput" ref="0x2b61065b98a0" scoped=""/>
        <function-ref name="toggle" ref="0x2b61065b9a30" scoped=""/>
        <function-ref name="isOutput" ref="0x2b61065b9bc0" scoped=""/>
        <function-ref name="get" ref="0x2b61065b9d50" scoped=""/>
        <function-ref name="makeOutput" ref="0x2b61065b8020" scoped=""/>
        <function-ref name="set" ref="0x2b61065b81b0" scoped=""/>
        <function-ref name="clr" ref="0x2b61065b8340" scoped=""/>
      </interface-functions>
    </interface><interface loc="69:/opt/tinyos-release-tinyos-2_1_2//tos/chips/cc2420/receive/CC2420ReceiveP.nc" name="SECCTRL1" provided="0" ref="0x2b6106d9ccb0">
      <component-ref nicename="CC2420ReceiveP" qname="CC2420ReceiveP"/>
      <type-interface alignment="I:2" size="I:2"><interface-ref name="SECCTRL1" ref="0x2b6106d9ccb0" scoped=""/></type-interface>
      <instance>
        <interfacedef-ref nicename="CC2420Register" qname="CC2420Register"/>
      </instance>
      <interface-functions>
        <function-ref name="read" ref="0x2b6106d9a0a0" scoped=""/>
        <function-ref name="write" ref="0x2b6106d9a230" scoped=""/>
      </interface-functions>
    </interface><interface loc="55:/opt/tinyos-release-tinyos-2_1_2//tos/chips/cc2420/receive/CC2420ReceiveP.nc" name="FIFOP" provided="0" ref="0x2b6106d496b0">
      <component-ref nicename="CC2420ReceiveP" qname="CC2420ReceiveP"/>
      <type-interface alignment="I:2" size="I:2"><interface-ref name="FIFOP" ref="0x2b6106d496b0" scoped=""/></type-interface>
      <instance>
        <interfacedef-ref nicename="GeneralIO" qname="GeneralIO"/>
      </instance>
      <interface-functions>
        <function-ref name="makeInput" ref="0x2b6106d49a30" scoped=""/>
        <function-ref name="isInput" ref="0x2b6106d49bc0" scoped=""/>
        <function-ref name="toggle" ref="0x2b6106d49d50" scoped=""/>
        <function-ref name="isOutput" ref="0x2b6106d48020" scoped=""/>
        <function-ref name="get" ref="0x2b6106d481b0" scoped=""/>
        <function-ref name="makeOutput" ref="0x2b6106d48340" scoped=""/>
        <function-ref name="set" ref="0x2b6106d484d0" scoped=""/>
        <function-ref name="clr" ref="0x2b6106d48660" scoped=""/>
      </interface-functions>
    </interface><interface loc="51:/opt/tinyos-release-tinyos-2_1_2//tos/chips/cc2420/receive/CC2420ReceiveP.nc" name="PacketIndicator" provided="1" ref="0x2b6106d4caa0">
      <component-ref nicename="CC2420ReceiveP" qname="CC2420ReceiveP"/>
      <type-interface alignment="I:2" size="I:2"><interface-ref name="PacketIndicator" ref="0x2b6106d4caa0" scoped=""/></type-interface>
      <instance>
        <interfacedef-ref nicename="ReceiveIndicator" qname="ReceiveIndicator"/>
      </instance>
      <interface-functions>
        <function-ref name="isReceiving" ref="0x2b6106d4ce20" scoped=""/>
      </interface-functions>
    </interface><interface loc="97:/opt/tinyos-release-tinyos-2_1_2//tos/chips/cc2420/spi/CC2420SpiC.nc" name="RXFIFO" provided="1" ref="0x2b6106e7e840">
      <component-ref nicename="CC2420ReceiveC.Spi" qname="CC2420ReceiveC.Spi"/>
      <type-interface alignment="I:2" size="I:2"><interface-ref name="RXFIFO" ref="0x2b6106e7e840" scoped=""/></type-interface>
      <instance>
        <interfacedef-ref nicename="CC2420Fifo" qname="CC2420Fifo"/>
      </instance>
      <interface-functions>
        <function-ref name="continueRead" ref="0x2b6106e7d020" scoped=""/>
        <function-ref name="writeDone" ref="0x2b6106e7d1b0" scoped=""/>
        <function-ref name="write" ref="0x2b6106e7d340" scoped=""/>
        <function-ref name="beginRead" ref="0x2b6106e7d4d0" scoped=""/>
        <function-ref name="readDone" ref="0x2b6106e7d660" scoped=""/>
      </interface-functions>
    </interface><interface loc="65:/opt/tinyos-release-tinyos-2_1_2//tos/chips/cc2420/receive/CC2420ReceiveP.nc" name="PacketTimeStamp" provided="0" ref="0x2b6106d41d70">
      <component-ref nicename="CC2420ReceiveP" qname="CC2420ReceiveP"/>
      <type-interface alignment="I:2" size="I:2"><interface-ref name="PacketTimeStamp" ref="0x2b6106d41d70" scoped=""/></type-interface>
      <instance>
        <interfacedef-ref nicename="PacketTimeStamp" qname="PacketTimeStamp"/>
        <arguments>
          <type-tag alignment="I:2" size="I:2"><struct-ref ref="0x2b6105f51d70"/>
            <typename><typedef-ref name="T32khz" ref="0x2b6105f4f180"/></typename>
          </type-tag>
          <type-int alignment="I:2" cname="unsigned long" size="I:4" unsigned="">
            <typename><typedef-ref name="uint32_t" ref="0x2b6104f08920"/></typename>
          </type-int>
        </arguments>
      </instance>
      <interface-functions>
        <function-ref name="timestamp" ref="0x2b6106d3e330" scoped=""/>
        <function-ref name="clear" ref="0x2b6106d3ea60" scoped=""/>
        <function-ref name="isValid" ref="0x2b6106d3fba0" scoped=""/>
        <function-ref name="set" ref="0x2b6106d3d210" scoped=""/>
      </interface-functions>
    </interface><interface loc="45:/opt/tinyos-release-tinyos-2_1_2//tos/chips/cc2420/control/CC2420ControlC.nc" name="CC2420Config" provided="1" ref="0x2b61064c3b80">
      <component-ref nicename="CC2420ControlC" qname="CC2420ControlC"/>
      <type-interface alignment="I:2" size="I:2"><interface-ref name="CC2420Config" ref="0x2b61064c3b80" scoped=""/></type-interface>
      <instance>
        <interfacedef-ref nicename="CC2420Config" qname="CC2420Config"/>
      </instance>
      <interface-functions>
        <function-ref name="setAutoAck" ref="0x2b6106494020" scoped=""/>
        <function-ref name="isAddressRecognitionEnabled" ref="0x2b61064941b0" scoped=""/>
        <function-ref name="setAddressRecognition" ref="0x2b6106494340" scoped=""/>
        <function-ref name="syncDone" ref="0x2b61064944d0" scoped=""/>
        <function-ref name="isHwAddressRecognitionDefault" ref="0x2b6106494660" scoped=""/>
        <function-ref name="setShortAddr" ref="0x2b61064947f0" scoped=""/>
        <function-ref name="setChannel" ref="0x2b6106494980" scoped=""/>
        <function-ref name="isAutoAckEnabled" ref="0x2b6106494b10" scoped=""/>
        <function-ref name="setPanAddr" ref="0x2b6106494ca0" scoped=""/>
        <function-ref name="isHwAutoAckDefault" ref="0x2b6106494e30" scoped=""/>
        <function-ref name="getExtAddr" ref="0x2b6106493020" scoped=""/>
        <function-ref name="getShortAddr" ref="0x2b61064931b0" scoped=""/>
        <function-ref name="sync" ref="0x2b6106493340" scoped=""/>
        <function-ref name="getChannel" ref="0x2b61064935d0" scoped=""/>
        <function-ref name="getPanAddr" ref="0x2b6106493760" scoped=""/>
      </interface-functions>
    </interface><interface loc="64:/opt/tinyos-release-tinyos-2_1_2//tos/chips/cc2420/receive/CC2420ReceiveP.nc" name="CC2420Config" provided="0" ref="0x2b6106d43b90">
      <component-ref nicename="CC2420ReceiveP" qname="CC2420ReceiveP"/>
      <type-interface alignment="I:2" size="I:2"><interface-ref name="CC2420Config" ref="0x2b6106d43b90" scoped=""/></type-interface>
      <instance>
        <interfacedef-ref nicename="CC2420Config" qname="CC2420Config"/>
      </instance>
      <interface-functions>
        <function-ref name="setAutoAck" ref="0x2b6106d42020" scoped=""/>
        <function-ref name="isAddressRecognitionEnabled" ref="0x2b6106d421b0" scoped=""/>
        <function-ref name="setAddressRecognition" ref="0x2b6106d42340" scoped=""/>
        <function-ref name="syncDone" ref="0x2b6106d424d0" scoped=""/>
        <function-ref name="isHwAddressRecognitionDefault" ref="0x2b6106d42660" scoped=""/>
        <function-ref name="setShortAddr" ref="0x2b6106d427f0" scoped=""/>
        <function-ref name="setChannel" ref="0x2b6106d42980" scoped=""/>
        <function-ref name="isAutoAckEnabled" ref="0x2b6106d42b10" scoped=""/>
        <function-ref name="setPanAddr" ref="0x2b6106d42ca0" scoped=""/>
        <function-ref name="isHwAutoAckDefault" ref="0x2b6106d42e30" scoped=""/>
        <function-ref name="getExtAddr" ref="0x2b6106d41020" scoped=""/>
        <function-ref name="getShortAddr" ref="0x2b6106d411b0" scoped=""/>
        <function-ref name="sync" ref="0x2b6106d41340" scoped=""/>
        <function-ref name="getChannel" ref="0x2b6106d415d0" scoped=""/>
        <function-ref name="getPanAddr" ref="0x2b6106d41760" scoped=""/>
      </interface-functions>
    </interface><interface loc="45:/opt/tinyos-release-tinyos-2_1_2//tos/chips/cc2420/spi/CC2420SpiC.nc" name="SNOP" provided="1" ref="0x2b6106e35c20">
      <component-ref nicename="CC2420ReceiveC.Spi" qname="CC2420ReceiveC.Spi"/>
      <type-interface alignment="I:2" size="I:2"><interface-ref name="SNOP" ref="0x2b6106e35c20" scoped=""/></type-interface>
      <instance>
        <interfacedef-ref nicename="CC2420Strobe" qname="CC2420Strobe"/>
      </instance>
      <interface-functions>
        <function-ref name="strobe" ref="0x2b6106e34020" scoped=""/>
      </interface-functions>
    </interface><interface loc="60:/opt/tinyos-release-tinyos-2_1_2//tos/chips/cc2420/receive/CC2420ReceiveP.nc" name="SACK" provided="0" ref="0x2b6106d453a0">
      <component-ref nicename="CC2420ReceiveP" qname="CC2420ReceiveP"/>
      <type-interface alignment="I:2" size="I:2"><interface-ref name="SACK" ref="0x2b6106d453a0" scoped=""/></type-interface>
      <instance>
        <interfacedef-ref nicename="CC2420Strobe" qname="CC2420Strobe"/>
      </instance>
      <interface-functions>
        <function-ref name="strobe" ref="0x2b6106d45720" scoped=""/>
      </interface-functions>
    </interface><interface loc="68:/opt/tinyos-release-tinyos-2_1_2//tos/chips/cc2420/receive/CC2420ReceiveP.nc" name="SECCTRL0" provided="0" ref="0x2b6106d9c3e0">
      <component-ref nicename="CC2420ReceiveP" qname="CC2420ReceiveP"/>
      <type-interface alignment="I:2" size="I:2"><interface-ref name="SECCTRL0" ref="0x2b6106d9c3e0" scoped=""/></type-interface>
      <instance>
        <interfacedef-ref nicename="CC2420Register" qname="CC2420Register"/>
      </instance>
      <interface-functions>
        <function-ref name="read" ref="0x2b6106d9c760" scoped=""/>
        <function-ref name="write" ref="0x2b6106d9c8f0" scoped=""/>
      </interface-functions>
    </interface><interface loc="62:/opt/tinyos-release-tinyos-2_1_2//tos/chips/cc2420/receive/CC2420ReceiveP.nc" name="CC2420Packet" provided="0" ref="0x2b6106d44330">
      <component-ref nicename="CC2420ReceiveP" qname="CC2420ReceiveP"/>
      <type-interface alignment="I:2" size="I:2"><interface-ref name="CC2420Packet" ref="0x2b6106d44330" scoped=""/></type-interface>
      <instance>
        <interfacedef-ref nicename="CC2420Packet" qname="CC2420Packet"/>
      </instance>
      <interface-functions>
        <function-ref name="setPower" ref="0x2b6106d446b0" scoped=""/>
        <function-ref name="setNetwork" ref="0x2b6106d44840" scoped=""/>
        <function-ref name="getRssi" ref="0x2b6106d449d0" scoped=""/>
        <function-ref name="getNetwork" ref="0x2b6106d44b60" scoped=""/>
        <function-ref name="getPower" ref="0x2b6106d44cf0" scoped=""/>
        <function-ref name="getLqi" ref="0x2b6106d44e80" scoped=""/>
      </interface-functions>
    </interface><interface loc="71:/opt/tinyos-release-tinyos-2_1_2//tos/chips/cc2420/spi/CC2420SpiC.nc" name="SECCTRL0" provided="1" ref="0x2b6106e8b840">
      <component-ref nicename="CC2420ReceiveC.Spi" qname="CC2420ReceiveC.Spi"/>
      <type-interface alignment="I:2" size="I:2"><interface-ref name="SECCTRL0" ref="0x2b6106e8b840" scoped=""/></type-interface>
      <instance>
        <interfacedef-ref nicename="CC2420Register" qname="CC2420Register"/>
      </instance>
      <interface-functions>
        <function-ref name="read" ref="0x2b6106e8bbc0" scoped=""/>
        <function-ref name="write" ref="0x2b6106e8bd50" scoped=""/>
      </interface-functions>
    </interface><interface loc="58:/opt/tinyos-release-tinyos-2_1_2//tos/chips/cc2420/receive/CC2420ReceiveP.nc" name="SpiResource" provided="0" ref="0x2b6106d476e0">
      <component-ref nicename="CC2420ReceiveP" qname="CC2420ReceiveP"/>
      <type-interface alignment="I:2" size="I:2"><interface-ref name="SpiResource" ref="0x2b6106d476e0" scoped=""/></type-interface>
      <instance>
        <interfacedef-ref nicename="Resource" qname="Resource"/>
      </instance>
      <interface-functions>
        <function-ref name="release" ref="0x2b6106d47a60" scoped=""/>
        <function-ref name="immediateRequest" ref="0x2b6106d47bf0" scoped=""/>
        <function-ref name="request" ref="0x2b6106d47d80" scoped=""/>
        <function-ref name="granted" ref="0x2b6106d46020" scoped=""/>
        <function-ref name="isOwner" ref="0x2b6106d461b0" scoped=""/>
      </interface-functions>
    </interface><interface loc="41:/opt/tinyos-release-tinyos-2_1_2//tos/chips/cc2420/packet/CC2420PacketC.nc" name="CC2420Packet" provided="1" ref="0x2b6106df0680">
      <component-ref nicename="CC2420PacketC" qname="CC2420PacketC"/>
      <type-interface alignment="I:2" size="I:2"><interface-ref name="CC2420Packet" ref="0x2b6106df0680" scoped=""/></type-interface>
      <instance>
        <interfacedef-ref nicename="CC2420Packet" qname="CC2420Packet"/>
      </instance>
      <interface-functions>
        <function-ref name="setPower" ref="0x2b6106df0a00" scoped=""/>
        <function-ref name="setNetwork" ref="0x2b6106df0b90" scoped=""/>
        <function-ref name="getRssi" ref="0x2b6106df0d20" scoped=""/>
        <function-ref name="getNetwork" ref="0x2b6106ded020" scoped=""/>
        <function-ref name="getPower" ref="0x2b6106ded1b0" scoped=""/>
        <function-ref name="getLqi" ref="0x2b6106ded340" scoped=""/>
      </interface-functions>
    </interface><interface loc="70:/opt/tinyos-release-tinyos-2_1_2//tos/chips/cc2420/receive/CC2420ReceiveP.nc" name="KEY0" provided="0" ref="0x2b6106d9a590">
      <component-ref nicename="CC2420ReceiveP" qname="CC2420ReceiveP"/>
      <type-interface alignment="I:2" size="I:2"><interface-ref name="KEY0" ref="0x2b6106d9a590" scoped=""/></type-interface>
      <instance>
        <interfacedef-ref nicename="CC2420Ram" qname="CC2420Ram"/>
      </instance>
      <interface-functions>
        <function-ref name="read" ref="0x2b6106d9a910" scoped=""/>
        <function-ref name="write" ref="0x2b6106d9aaa0" scoped=""/>
      </interface-functions>
    </interface><interface loc="59:/opt/tinyos-release-tinyos-2_1_2//tos/chips/cc2420/receive/CC2420ReceiveP.nc" name="RXFIFO" provided="0" ref="0x2b6106d46530">
      <component-ref nicename="CC2420ReceiveP" qname="CC2420ReceiveP"/>
      <type-interface alignment="I:2" size="I:2"><interface-ref name="RXFIFO" ref="0x2b6106d46530" scoped=""/></type-interface>
      <instance>
        <interfacedef-ref nicename="CC2420Fifo" qname="CC2420Fifo"/>
      </instance>
      <interface-functions>
        <function-ref name="continueRead" ref="0x2b6106d468b0" scoped=""/>
        <function-ref name="writeDone" ref="0x2b6106d46a40" scoped=""/>
        <function-ref name="write" ref="0x2b6106d46bd0" scoped=""/>
        <function-ref name="beginRead" ref="0x2b6106d46d60" scoped=""/>
        <function-ref name="readDone" ref="0x2b6106d45020" scoped=""/>
      </interface-functions>
    </interface><interface loc="89:/opt/tinyos-release-tinyos-2_1_2//tos/chips/cc2420/spi/CC2420SpiC.nc" name="RXFIFO_RAM" provided="1" ref="0x2b6106e82840">
      <component-ref nicename="CC2420ReceiveC.Spi" qname="CC2420ReceiveC.Spi"/>
      <type-interface alignment="I:2" size="I:2"><interface-ref name="RXFIFO_RAM" ref="0x2b6106e82840" scoped=""/></type-interface>
      <instance>
        <interfacedef-ref nicename="CC2420Ram" qname="CC2420Ram"/>
      </instance>
      <interface-functions>
        <function-ref name="read" ref="0x2b6106e82bc0" scoped=""/>
        <function-ref name="write" ref="0x2b6106e82d50" scoped=""/>
      </interface-functions>
    </interface><interface loc="56:/opt/tinyos-release-tinyos-2_1_2//tos/chips/cc2420/receive/CC2420ReceiveP.nc" name="InterruptFIFOP" provided="0" ref="0x2b6106d48a50">
      <component-ref nicename="CC2420ReceiveP" qname="CC2420ReceiveP"/>
      <type-interface alignment="I:2" size="I:2"><interface-ref name="InterruptFIFOP" ref="0x2b6106d48a50" scoped=""/></type-interface>
      <instance>
        <interfacedef-ref nicename="GpioInterrupt" qname="GpioInterrupt"/>
      </instance>
      <interface-functions>
        <function-ref name="fired" ref="0x2b6106d48dd0" scoped=""/>
        <function-ref name="disable" ref="0x2b6106d47020" scoped=""/>
        <function-ref name="enableFallingEdge" ref="0x2b6106d471b0" scoped=""/>
        <function-ref name="enableRisingEdge" ref="0x2b6106d47340" scoped=""/>
      </interface-functions>
    </interface><interface loc="71:/opt/tinyos-release-tinyos-2_1_2//tos/chips/cc2420/receive/CC2420ReceiveP.nc" name="KEY1" provided="0" ref="0x2b6106d9ae00">
      <component-ref nicename="CC2420ReceiveP" qname="CC2420ReceiveP"/>
      <type-interface alignment="I:2" size="I:2"><interface-ref name="KEY1" ref="0x2b6106d9ae00" scoped=""/></type-interface>
      <instance>
        <interfacedef-ref nicename="CC2420Ram" qname="CC2420Ram"/>
      </instance>
      <interface-functions>
        <function-ref name="read" ref="0x2b6106d991c0" scoped=""/>
        <function-ref name="write" ref="0x2b6106d99350" scoped=""/>
      </interface-functions>
    </interface><component loc="40:/opt/tinyos-release-tinyos-2_1_2//tos/platforms/telosa/chips/cc2420/HplCC2420PinsC.nc" nicename="HplCC2420PinsC" qname="HplCC2420PinsC">
      <documentation loc="32:/opt/tinyos-release-tinyos-2_1_2//tos/platforms/telosa/chips/cc2420/HplCC2420PinsC.nc">
        <short>
 HPL implementation of general-purpose I/O for the ChipCon CC2420
 radio connected to a TI MSP430 processor.</short>
        <long>
 HPL implementation of general-purpose I/O for the ChipCon CC2420
 radio connected to a TI MSP430 processor.

 @author Jonathan Hui &lt;jhui@archrock.com&gt;
 @version $Revision: 1.4 $ $Date: 2006-12-12 18:23:44 $
</long>
      </documentation>
      <configuration/>
      <wiring>
        <wire loc="73:/opt/tinyos-release-tinyos-2_1_2//tos/platforms/telosa/chips/cc2420/HplCC2420PinsC.nc">
          <from><interface-ref name="FIFO" ref="0x2b61065ba090" scoped=""/></from>
          <to><interface-ref name="GeneralIO" ref="0x2b61065a9710" scoped=""/></to>
        </wire>
        <wire loc="74:/opt/tinyos-release-tinyos-2_1_2//tos/platforms/telosa/chips/cc2420/HplCC2420PinsC.nc">
          <from><interface-ref name="FIFOP" ref="0x2b61065b9390" scoped=""/></from>
          <to><interface-ref name="GeneralIO" ref="0x2b61065a41d0" scoped=""/></to>
        </wire>
        <wire loc="75:/opt/tinyos-release-tinyos-2_1_2//tos/platforms/telosa/chips/cc2420/HplCC2420PinsC.nc">
          <from><interface-ref name="RSTN" ref="0x2b61065b86a0" scoped=""/></from>
          <to><interface-ref name="GeneralIO" ref="0x2b61065e1d70" scoped=""/></to>
        </wire>
        <wire loc="72:/opt/tinyos-release-tinyos-2_1_2//tos/platforms/telosa/chips/cc2420/HplCC2420PinsC.nc">
          <from><interface-ref name="CSN" ref="0x2b61065bce60" scoped=""/></from>
          <to><interface-ref name="GeneralIO" ref="0x2b61065aeb60" scoped=""/></to>
        </wire>
        <wire loc="77:/opt/tinyos-release-tinyos-2_1_2//tos/platforms/telosa/chips/cc2420/HplCC2420PinsC.nc">
          <from><interface-ref name="VREN" ref="0x2b61065b6ce0" scoped=""/></from>
          <to><interface-ref name="GeneralIO" ref="0x2b61065d6710" scoped=""/></to>
        </wire>
        <wire loc="71:/opt/tinyos-release-tinyos-2_1_2//tos/platforms/telosa/chips/cc2420/HplCC2420PinsC.nc">
          <from><interface-ref name="CCA" ref="0x2b6106543b30" scoped=""/></from>
          <to><interface-ref name="GeneralIO" ref="0x2b61065b3020" scoped=""/></to>
        </wire>
        <wire loc="76:/opt/tinyos-release-tinyos-2_1_2//tos/platforms/telosa/chips/cc2420/HplCC2420PinsC.nc">
          <from><interface-ref name="SFD" ref="0x2b61065b79b0" scoped=""/></from>
          <to><interface-ref name="GeneralIO" ref="0x2b61065dcb60" scoped=""/></to>
        </wire>
        <wire loc="63:/opt/tinyos-release-tinyos-2_1_2//tos/platforms/telosa/chips/cc2420/HplCC2420PinsC.nc">
          <from><interface-ref name="HplGeneralIO" ref="0x2b61065b22f0" scoped=""/></from>
          <to><interface-ref name="Port14" ref="0x2b6105fc8020" scoped=""/></to>
        </wire>
        <wire loc="64:/opt/tinyos-release-tinyos-2_1_2//tos/platforms/telosa/chips/cc2420/HplCC2420PinsC.nc">
          <from><interface-ref name="HplGeneralIO" ref="0x2b61065adde0" scoped=""/></from>
          <to><interface-ref name="Port42" ref="0x2b6105fef200" scoped=""/></to>
        </wire>
        <wire loc="65:/opt/tinyos-release-tinyos-2_1_2//tos/platforms/telosa/chips/cc2420/HplCC2420PinsC.nc">
          <from><interface-ref name="HplGeneralIO" ref="0x2b61065a8930" scoped=""/></from>
          <to><interface-ref name="Port13" ref="0x2b6105fca020" scoped=""/></to>
        </wire>
        <wire loc="66:/opt/tinyos-release-tinyos-2_1_2//tos/platforms/telosa/chips/cc2420/HplCC2420PinsC.nc">
          <from><interface-ref name="HplGeneralIO" ref="0x2b61065a3480" scoped=""/></from>
          <to><interface-ref name="Port10" ref="0x2b6105fd9020" scoped=""/></to>
        </wire>
        <wire loc="67:/opt/tinyos-release-tinyos-2_1_2//tos/platforms/telosa/chips/cc2420/HplCC2420PinsC.nc">
          <from><interface-ref name="HplGeneralIO" ref="0x2b61065df020" scoped=""/></from>
          <to><interface-ref name="Port46" ref="0x2b6106011200" scoped=""/></to>
        </wire>
        <wire loc="68:/opt/tinyos-release-tinyos-2_1_2//tos/platforms/telosa/chips/cc2420/HplCC2420PinsC.nc">
          <from><interface-ref name="HplGeneralIO" ref="0x2b61065dbde0" scoped=""/></from>
          <to><interface-ref name="Port41" ref="0x2b6105ff1200" scoped=""/></to>
        </wire>
        <wire loc="69:/opt/tinyos-release-tinyos-2_1_2//tos/platforms/telosa/chips/cc2420/HplCC2420PinsC.nc">
          <from><interface-ref name="HplGeneralIO" ref="0x2b61065d5930" scoped=""/></from>
          <to><interface-ref name="Port45" ref="0x2b6106013200" scoped=""/></to>
        </wire>
      </wiring>
    </component><component loc="40:/opt/tinyos-release-tinyos-2_1_2//tos/platforms/telosa/chips/cc2420/HplCC2420InterruptsC.nc" nicename="HplCC2420InterruptsC" qname="HplCC2420InterruptsC">
      <documentation loc="32:/opt/tinyos-release-tinyos-2_1_2//tos/platforms/telosa/chips/cc2420/HplCC2420InterruptsC.nc">
        <short>
 HPL implementation of interrupts and captures for the ChipCon
 CC2420 radio connected to a TI MSP430 processor.</short>
        <long>
 HPL implementation of interrupts and captures for the ChipCon
 CC2420 radio connected to a TI MSP430 processor.

 @author Jonathan Hui &lt;jhui@archrock.com&gt;
 @version $Revision: 1.4 $ $Date: 2006-12-12 18:23:44 $
</long>
      </documentation>
      <configuration/>
      <wiring>
        <wire loc="63:/opt/tinyos-release-tinyos-2_1_2//tos/platforms/telosa/chips/cc2420/HplCC2420InterruptsC.nc">
          <from><interface-ref name="CaptureSFD" ref="0x2b6106604150" scoped=""/></from>
          <to><interface-ref name="Capture" ref="0x2b61065fca20" scoped=""/></to>
        </wire>
        <wire loc="64:/opt/tinyos-release-tinyos-2_1_2//tos/platforms/telosa/chips/cc2420/HplCC2420InterruptsC.nc">
          <from><interface-ref name="InterruptCCA" ref="0x2b6106604d60" scoped=""/></from>
          <to><interface-ref name="Interrupt" ref="0x2b6106706a30" scoped=""/></to>
        </wire>
        <wire loc="65:/opt/tinyos-release-tinyos-2_1_2//tos/platforms/telosa/chips/cc2420/HplCC2420InterruptsC.nc">
          <from><interface-ref name="InterruptFIFOP" ref="0x2b6106603a20" scoped=""/></from>
          <to><interface-ref name="Interrupt" ref="0x2b61066f7a70" scoped=""/></to>
        </wire>
        <wire loc="53:/opt/tinyos-release-tinyos-2_1_2//tos/platforms/telosa/chips/cc2420/HplCC2420InterruptsC.nc">
          <from><interface-ref name="Msp430TimerControl" ref="0x2b61065eb5d0" scoped=""/></from>
          <to><interface-ref name="ControlB1" ref="0x2b6105df78c0" scoped=""/></to>
        </wire>
        <wire loc="54:/opt/tinyos-release-tinyos-2_1_2//tos/platforms/telosa/chips/cc2420/HplCC2420InterruptsC.nc">
          <from><interface-ref name="Msp430Capture" ref="0x2b61065ea8f0" scoped=""/></from>
          <to><interface-ref name="CaptureB1" ref="0x2b6105e09020" scoped=""/></to>
        </wire>
        <wire loc="55:/opt/tinyos-release-tinyos-2_1_2//tos/platforms/telosa/chips/cc2420/HplCC2420InterruptsC.nc">
          <from><interface-ref name="GeneralIO" ref="0x2b61065e97a0" scoped=""/></from>
          <to><interface-ref name="Port41" ref="0x2b6105ff1200" scoped=""/></to>
        </wire>
        <wire loc="60:/opt/tinyos-release-tinyos-2_1_2//tos/platforms/telosa/chips/cc2420/HplCC2420InterruptsC.nc">
          <from><interface-ref name="HplInterrupt" ref="0x2b6106705610" scoped=""/></from>
          <to><interface-ref name="Port14" ref="0x2b610661ca30" scoped=""/></to>
        </wire>
        <wire loc="61:/opt/tinyos-release-tinyos-2_1_2//tos/platforms/telosa/chips/cc2420/HplCC2420InterruptsC.nc">
          <from><interface-ref name="HplInterrupt" ref="0x2b61066f6610" scoped=""/></from>
          <to><interface-ref name="Port10" ref="0x2b610661ea20" scoped=""/></to>
        </wire>
      </wiring>
    </component><component loc="42:/opt/tinyos-release-tinyos-2_1_2//tos/chips/cc2420/control/CC2420ControlC.nc" nicename="CC2420ControlC" qname="CC2420ControlC">
      <documentation loc="32:/opt/tinyos-release-tinyos-2_1_2//tos/chips/cc2420/control/CC2420ControlC.nc">
        <short>
 Implementation for configuring a ChipCon CC2420 radio.</short>
        <long>
 Implementation for configuring a ChipCon CC2420 radio.

 @author Jonathan Hui &lt;jhui@archrock.com&gt;
 @version $Revision: 1.3 $ $Date: 2008/05/14 21:33:07 $
</long>
      </documentation>
      <configuration/>
      <wiring>
        <wire loc="55:/opt/tinyos-release-tinyos-2_1_2//tos/chips/cc2420/control/CC2420ControlC.nc">
          <from><interface-ref name="CC2420Config" ref="0x2b61064c3b80" scoped=""/></from>
          <to><interface-ref name="CC2420Config" ref="0x2b61064b9970" scoped=""/></to>
        </wire>
        <wire loc="57:/opt/tinyos-release-tinyos-2_1_2//tos/chips/cc2420/control/CC2420ControlC.nc">
          <from><interface-ref name="ReadRssi" ref="0x2b61064c1020" scoped=""/></from>
          <to><interface-ref name="ReadRssi" ref="0x2b61064b6b40" scoped=""/></to>
        </wire>
        <wire loc="56:/opt/tinyos-release-tinyos-2_1_2//tos/chips/cc2420/control/CC2420ControlC.nc">
          <from><interface-ref name="CC2420Power" ref="0x2b6106493a60" scoped=""/></from>
          <to><interface-ref name="CC2420Power" ref="0x2b61064b7740" scoped=""/></to>
        </wire>
        <wire loc="54:/opt/tinyos-release-tinyos-2_1_2//tos/chips/cc2420/control/CC2420ControlC.nc">
          <from><interface-ref name="Resource" ref="0x2b6106498730" scoped=""/></from>
          <to><interface-ref name="Resource" ref="0x2b61064bab10" scoped=""/></to>
        </wire>
        <wire loc="60:/opt/tinyos-release-tinyos-2_1_2//tos/chips/cc2420/control/CC2420ControlC.nc">
          <from><interface-ref name="SoftwareInit" ref="0x2b6105d641b0" scoped=""/></from>
          <to><interface-ref name="Init" ref="0x2b61064ba4a0" scoped=""/></to>
        </wire>
        <wire loc="63:/opt/tinyos-release-tinyos-2_1_2//tos/chips/cc2420/control/CC2420ControlC.nc">
          <from><interface-ref name="StartupTimer" ref="0x2b61064b3a10" scoped=""/></from>
          <to><interface-ref name="Alarm32khz32" ref="0x2b6106542220" scoped=""/></to>
        </wire>
        <wire loc="66:/opt/tinyos-release-tinyos-2_1_2//tos/chips/cc2420/control/CC2420ControlC.nc">
          <from><interface-ref name="CSN" ref="0x2b61064afc50" scoped=""/></from>
          <to><interface-ref name="CSN" ref="0x2b61065bce60" scoped=""/></to>
        </wire>
        <wire loc="67:/opt/tinyos-release-tinyos-2_1_2//tos/chips/cc2420/control/CC2420ControlC.nc">
          <from><interface-ref name="RSTN" ref="0x2b61064aee70" scoped=""/></from>
          <to><interface-ref name="RSTN" ref="0x2b61065b86a0" scoped=""/></to>
        </wire>
        <wire loc="68:/opt/tinyos-release-tinyos-2_1_2//tos/chips/cc2420/control/CC2420ControlC.nc">
          <from><interface-ref name="VREN" ref="0x2b61064ac0f0" scoped=""/></from>
          <to><interface-ref name="VREN" ref="0x2b61065b6ce0" scoped=""/></to>
        </wire>
        <wire loc="71:/opt/tinyos-release-tinyos-2_1_2//tos/chips/cc2420/control/CC2420ControlC.nc">
          <from><interface-ref name="InterruptCCA" ref="0x2b61064e2c00" scoped=""/></from>
          <to><interface-ref name="InterruptCCA" ref="0x2b6106604d60" scoped=""/></to>
        </wire>
        <wire loc="74:/opt/tinyos-release-tinyos-2_1_2//tos/chips/cc2420/control/CC2420ControlC.nc">
          <from><interface-ref name="SpiResource" ref="0x2b61064cfb60" scoped=""/></from>
          <to><interface-ref name="Resource" ref="0x2b6106b5d250" scoped=""/></to>
        </wire>
        <wire loc="75:/opt/tinyos-release-tinyos-2_1_2//tos/chips/cc2420/control/CC2420ControlC.nc">
          <from><interface-ref name="SRXON" ref="0x2b61064d0bb0" scoped=""/></from>
          <to><interface-ref name="SRXON" ref="0x2b6106b5acc0" scoped=""/></to>
        </wire>
        <wire loc="76:/opt/tinyos-release-tinyos-2_1_2//tos/chips/cc2420/control/CC2420ControlC.nc">
          <from><interface-ref name="SRFOFF" ref="0x2b61064d23b0" scoped=""/></from>
          <to><interface-ref name="SRFOFF" ref="0x2b6106b58060" scoped=""/></to>
        </wire>
        <wire loc="77:/opt/tinyos-release-tinyos-2_1_2//tos/chips/cc2420/control/CC2420ControlC.nc">
          <from><interface-ref name="SXOSCON" ref="0x2b61064cf440" scoped=""/></from>
          <to><interface-ref name="SXOSCON" ref="0x2b6106b5a020" scoped=""/></to>
        </wire>
        <wire loc="78:/opt/tinyos-release-tinyos-2_1_2//tos/chips/cc2420/control/CC2420ControlC.nc">
          <from><interface-ref name="SXOSCOFF" ref="0x2b61064d2ae0" scoped=""/></from>
          <to><interface-ref name="SXOSCOFF" ref="0x2b6106b586b0" scoped=""/></to>
        </wire>
        <wire loc="79:/opt/tinyos-release-tinyos-2_1_2//tos/chips/cc2420/control/CC2420ControlC.nc">
          <from><interface-ref name="FSCTRL" ref="0x2b61064d5420" scoped=""/></from>
          <to><interface-ref name="FSCTRL" ref="0x2b6106b50cd0" scoped=""/></to>
        </wire>
        <wire loc="80:/opt/tinyos-release-tinyos-2_1_2//tos/chips/cc2420/control/CC2420ControlC.nc">
          <from><interface-ref name="IOCFG0" ref="0x2b61064d5cd0" scoped=""/></from>
          <to><interface-ref name="IOCFG0" ref="0x2b6106b4dce0" scoped=""/></to>
        </wire>
        <wire loc="81:/opt/tinyos-release-tinyos-2_1_2//tos/chips/cc2420/control/CC2420ControlC.nc">
          <from><interface-ref name="IOCFG1" ref="0x2b61064dc5d0" scoped=""/></from>
          <to><interface-ref name="IOCFG1" ref="0x2b6106b4c500" scoped=""/></to>
        </wire>
        <wire loc="82:/opt/tinyos-release-tinyos-2_1_2//tos/chips/cc2420/control/CC2420ControlC.nc">
          <from><interface-ref name="MDMCTRL0" ref="0x2b61064d7020" scoped=""/></from>
          <to><interface-ref name="MDMCTRL0" ref="0x2b6106b532f0" scoped=""/></to>
        </wire>
        <wire loc="83:/opt/tinyos-release-tinyos-2_1_2//tos/chips/cc2420/control/CC2420ControlC.nc">
          <from><interface-ref name="MDMCTRL1" ref="0x2b61064d78f0" scoped=""/></from>
          <to><interface-ref name="MDMCTRL1" ref="0x2b6106b53ad0" scoped=""/></to>
        </wire>
        <wire loc="84:/opt/tinyos-release-tinyos-2_1_2//tos/chips/cc2420/control/CC2420ControlC.nc">
          <from><interface-ref name="PANID" ref="0x2b61064d8e20" scoped=""/></from>
          <to><interface-ref name="PANID" ref="0x2b6106b47ce0" scoped=""/></to>
        </wire>
        <wire loc="85:/opt/tinyos-release-tinyos-2_1_2//tos/chips/cc2420/control/CC2420ControlC.nc">
          <from><interface-ref name="IEEEADR" ref="0x2b61064d84a0" scoped=""/></from>
          <to><interface-ref name="IEEEADR" ref="0x2b6106b47500" scoped=""/></to>
        </wire>
        <wire loc="86:/opt/tinyos-release-tinyos-2_1_2//tos/chips/cc2420/control/CC2420ControlC.nc">
          <from><interface-ref name="RXCTRL1" ref="0x2b61064d41e0" scoped=""/></from>
          <to><interface-ref name="RXCTRL1" ref="0x2b6106b502f0" scoped=""/></to>
        </wire>
        <wire loc="87:/opt/tinyos-release-tinyos-2_1_2//tos/chips/cc2420/control/CC2420ControlC.nc">
          <from><interface-ref name="RSSI" ref="0x2b61064d4a80" scoped=""/></from>
          <to><interface-ref name="RSSI" ref="0x2b6106b522f0" scoped=""/></to>
        </wire>
        <wire loc="88:/opt/tinyos-release-tinyos-2_1_2//tos/chips/cc2420/control/CC2420ControlC.nc">
          <from><interface-ref name="TXCTRL" ref="0x2b61064d33c0" scoped=""/></from>
          <to><interface-ref name="TXCTRL" ref="0x2b6106b512f0" scoped=""/></to>
        </wire>
        <wire loc="91:/opt/tinyos-release-tinyos-2_1_2//tos/chips/cc2420/control/CC2420ControlC.nc">
          <from><interface-ref name="SyncResource" ref="0x2b61064cd880" scoped=""/></from>
          <to><interface-ref name="Resource" ref="0x2b6106b909e0" scoped=""/></to>
        </wire>
        <wire loc="94:/opt/tinyos-release-tinyos-2_1_2//tos/chips/cc2420/control/CC2420ControlC.nc">
          <from><interface-ref name="RssiResource" ref="0x2b61064cea10" scoped=""/></from>
          <to><interface-ref name="Resource" ref="0x2b6106b6daa0" scoped=""/></to>
        </wire>
        <wire loc="97:/opt/tinyos-release-tinyos-2_1_2//tos/chips/cc2420/control/CC2420ControlC.nc">
          <from><interface-ref name="ActiveMessageAddress" ref="0x2b61064dd390" scoped=""/></from>
          <to><interface-ref name="ActiveMessageAddress" ref="0x2b6106ba2ba0" scoped=""/></to>
        </wire>
        <wire loc="100:/opt/tinyos-release-tinyos-2_1_2//tos/chips/cc2420/control/CC2420ControlC.nc">
          <from><interface-ref name="LocalIeeeEui64" ref="0x2b61064b3020" scoped=""/></from>
          <to><interface-ref name="LocalIeeeEui64" ref="0x2b6106ba1e70" scoped=""/></to>
        </wire>
      </wiring>
    </component><component loc="38:/opt/tinyos-release-tinyos-2_1_2//tos/chips/cc2420/packet/CC2420PacketC.nc" nicename="CC2420PacketC" qname="CC2420PacketC">
      <documentation loc="32:/opt/tinyos-release-tinyos-2_1_2//tos/chips/cc2420/packet/CC2420PacketC.nc">
        <short>
 </short>
        <long>
 @author Jonathan Hui &lt;jhui@archrock.com&gt;
 @author David Moss
 @author Chad Metcalf
</long>
      </documentation>
      <configuration/>
      <wiring>
        <wire loc="58:/opt/tinyos-release-tinyos-2_1_2//tos/chips/cc2420/packet/CC2420PacketC.nc">
          <from><interface-ref name="LinkPacketMetadata" ref="0x2b6106deca70" scoped=""/></from>
          <to><interface-ref name="LinkPacketMetadata" ref="0x2b6106ddd020" scoped=""/></to>
        </wire>
        <wire loc="55:/opt/tinyos-release-tinyos-2_1_2//tos/chips/cc2420/packet/CC2420PacketC.nc">
          <from><interface-ref name="CC2420Packet" ref="0x2b6106df0680" scoped=""/></from>
          <to><interface-ref name="CC2420Packet" ref="0x2b6106de2d30" scoped=""/></to>
        </wire>
        <wire loc="59:/opt/tinyos-release-tinyos-2_1_2//tos/chips/cc2420/packet/CC2420PacketC.nc">
          <from><interface-ref name="PacketTimeStamp32khz" ref="0x2b6106deb550" scoped=""/></from>
          <to><interface-ref name="PacketTimeStamp32khz" ref="0x2b6106ddda80" scoped=""/></to>
        </wire>
        <wire loc="57:/opt/tinyos-release-tinyos-2_1_2//tos/chips/cc2420/packet/CC2420PacketC.nc">
          <from><interface-ref name="CC2420PacketBody" ref="0x2b6106dec0c0" scoped=""/></from>
          <to><interface-ref name="CC2420PacketBody" ref="0x2b6106dde640" scoped=""/></to>
        </wire>
        <wire loc="61:/opt/tinyos-release-tinyos-2_1_2//tos/chips/cc2420/packet/CC2420PacketC.nc">
          <from><interface-ref name="PacketTimeSyncOffset" ref="0x2b6106de3480" scoped=""/></from>
          <to><interface-ref name="PacketTimeSyncOffset" ref="0x2b6106dd58b0" scoped=""/></to>
        </wire>
        <wire loc="60:/opt/tinyos-release-tinyos-2_1_2//tos/chips/cc2420/packet/CC2420PacketC.nc">
          <from><interface-ref name="PacketTimeStampMilli" ref="0x2b6106de7660" scoped=""/></from>
          <to><interface-ref name="PacketTimeStampMilli" ref="0x2b6106dd9af0" scoped=""/></to>
        </wire>
        <wire loc="56:/opt/tinyos-release-tinyos-2_1_2//tos/chips/cc2420/packet/CC2420PacketC.nc">
          <from><interface-ref name="Acks" ref="0x2b6106ded6e0" scoped=""/></from>
          <to><interface-ref name="Acks" ref="0x2b6106ddfc50" scoped=""/></to>
        </wire>
        <wire loc="64:/opt/tinyos-release-tinyos-2_1_2//tos/chips/cc2420/packet/CC2420PacketC.nc">
          <from><interface-ref name="Counter" ref="0x2b6106e43020" scoped=""/></from>
          <to><interface-ref name="Counter" ref="0x2b6106568d70" scoped=""/></to>
        </wire>
        <wire loc="65:/opt/tinyos-release-tinyos-2_1_2//tos/chips/cc2420/packet/CC2420PacketC.nc">
          <from><interface-ref name="LocalTime32khz" ref="0x2b6106dd23b0" scoped=""/></from>
          <to><interface-ref name="LocalTime" ref="0x2b6106e46cf0" scoped=""/></to>
        </wire>
        <wire loc="69:/opt/tinyos-release-tinyos-2_1_2//tos/chips/cc2420/packet/CC2420PacketC.nc">
          <from><interface-ref name="LocalTimeMilli" ref="0x2b6106dd16e0" scoped=""/></from>
          <to><interface-ref name="LocalTime" ref="0x2b610621d1a0" scoped=""/></to>
        </wire>
      </wiring>
    </component><component loc="45:/opt/tinyos-release-tinyos-2_1_2//tos/system/LedsC.nc" nicename="LedsC" qname="LedsC">
      <documentation loc="34:/opt/tinyos-release-tinyos-2_1_2//tos/system/LedsC.nc">
        <short>

 The basic TinyOS LEDs abstraction.</short>
        <long>

 The basic TinyOS LEDs abstraction.

 @author Phil Buonadonna
 @author David Gay
 @author Philip Levis
 @author Joe Polastre
</long>
      </documentation>
      <configuration/>
      <wiring>
        <wire loc="51:/opt/tinyos-release-tinyos-2_1_2//tos/system/LedsC.nc">
          <from><interface-ref name="Leds" ref="0x2b6105f285b0" scoped=""/></from>
          <to><interface-ref name="Leds" ref="0x2b6105f8d020" scoped=""/></to>
        </wire>
        <wire loc="53:/opt/tinyos-release-tinyos-2_1_2//tos/system/LedsC.nc">
          <from><interface-ref name="Init" ref="0x2b6105fb5c40" scoped=""/></from>
          <to><interface-ref name="Init" ref="0x2b6105f908f0" scoped=""/></to>
        </wire>
        <wire loc="54:/opt/tinyos-release-tinyos-2_1_2//tos/system/LedsC.nc">
          <from><interface-ref name="Led0" ref="0x2b6105fad7b0" scoped=""/></from>
          <to><interface-ref name="Led0" ref="0x2b6105f8e3b0" scoped=""/></to>
        </wire>
        <wire loc="55:/opt/tinyos-release-tinyos-2_1_2//tos/system/LedsC.nc">
          <from><interface-ref name="Led1" ref="0x2b6105f8b980" scoped=""/></from>
          <to><interface-ref name="Led1" ref="0x2b6105fb76a0" scoped=""/></to>
        </wire>
        <wire loc="56:/opt/tinyos-release-tinyos-2_1_2//tos/system/LedsC.nc">
          <from><interface-ref name="Led2" ref="0x2b6105f8aca0" scoped=""/></from>
          <to><interface-ref name="Led2" ref="0x2b6105fb69c0" scoped=""/></to>
        </wire>
      </wiring>
    </component><component loc="39(CC2420ReceiveC.Spi):/opt/tinyos-release-tinyos-2_1_2//tos/chips/cc2420/spi/CC2420SpiC.nc" nicename="CC2420ReceiveC.Spi" qname="CC2420ReceiveC.Spi">
      <documentation loc="32:/opt/tinyos-release-tinyos-2_1_2//tos/chips/cc2420/spi/CC2420SpiC.nc">
        <short>
 Implementation of basic SPI primitives for the ChipCon CC2420 radio.</short>
        <long>
 Implementation of basic SPI primitives for the ChipCon CC2420 radio.

 @author Jonathan Hui &lt;jhui@archrock.com&gt;
 @version $Revision: 1.4 $ $Date: 2009-08-14 20:33:43 $
</long>
      </documentation>
      <instance number="4">
        <component-ref nicename="CC2420SpiC" qname="CC2420SpiC"/>
      </instance>
      <configuration/>
      <wiring>
        <wire loc="139:/opt/tinyos-release-tinyos-2_1_2//tos/chips/cc2420/spi/CC2420SpiC.nc">
          <from><interface-ref name="RXCTRL1" ref="0x2b6106e8c620" scoped=""/></from>
          <to><interface-ref name="Reg" ref="0x2b61067466f0" scoped=""/>
          <arguments>
            <value cst="I:23">
              <type-int alignment="I:2" cname="int" size="I:2"/>
            </value>
          </arguments>
          </to>
        </wire>
        <wire loc="117:/opt/tinyos-release-tinyos-2_1_2//tos/chips/cc2420/spi/CC2420SpiC.nc">
          <from><interface-ref name="STXCAL" ref="0x2b6106e34940" scoped=""/></from>
          <to><interface-ref name="Strobe" ref="0x2b6106745510" scoped=""/>
          <arguments>
            <value cst="I:2">
              <type-int alignment="I:2" cname="int" size="I:2"/>
            </value>
          </arguments>
          </to>
        </wire>
        <wire loc="133:/opt/tinyos-release-tinyos-2_1_2//tos/chips/cc2420/spi/CC2420SpiC.nc">
          <from><interface-ref name="MDMCTRL0" ref="0x2b6106e90620" scoped=""/></from>
          <to><interface-ref name="Reg" ref="0x2b61067466f0" scoped=""/>
          <arguments>
            <value cst="I:17">
              <type-int alignment="I:2" cname="int" size="I:2"/>
            </value>
          </arguments>
          </to>
        </wire>
        <wire loc="142:/opt/tinyos-release-tinyos-2_1_2//tos/chips/cc2420/spi/CC2420SpiC.nc">
          <from><interface-ref name="SECCTRL1" ref="0x2b6106e8a060" scoped=""/></from>
          <to><interface-ref name="Reg" ref="0x2b61067466f0" scoped=""/>
          <arguments>
            <value cst="I:26">
              <type-int alignment="I:2" cname="int" size="I:2"/>
            </value>
          </arguments>
          </to>
        </wire>
        <wire loc="143:/opt/tinyos-release-tinyos-2_1_2//tos/chips/cc2420/spi/CC2420SpiC.nc">
          <from><interface-ref name="BATTMON" ref="0x2b6106e8a840" scoped=""/></from>
          <to><interface-ref name="Reg" ref="0x2b61067466f0" scoped=""/>
          <arguments>
            <value cst="I:27">
              <type-int alignment="I:2" cname="int" size="I:2"/>
            </value>
          </arguments>
          </to>
        </wire>
        <wire loc="164:/opt/tinyos-release-tinyos-2_1_2//tos/chips/cc2420/spi/CC2420SpiC.nc">
          <from><interface-ref name="RXNONCE" ref="0x2b6106e7e060" scoped=""/></from>
          <to><interface-ref name="Ram" ref="0x2b61067488c0" scoped=""/>
          <arguments>
            <value cst="I:272">
              <type-int alignment="I:2" cname="int" size="I:2"/>
            </value>
          </arguments>
          </to>
        </wire>
        <wire loc="160:/opt/tinyos-release-tinyos-2_1_2//tos/chips/cc2420/spi/CC2420SpiC.nc">
          <from><interface-ref name="KEY0" ref="0x2b6106e81060" scoped=""/></from>
          <to><interface-ref name="Ram" ref="0x2b61067488c0" scoped=""/>
          <arguments>
            <value cst="I:256">
              <type-int alignment="I:2" cname="int" size="I:2"/>
            </value>
          </arguments>
          </to>
        </wire>
        <wire loc="120:/opt/tinyos-release-tinyos-2_1_2//tos/chips/cc2420/spi/CC2420SpiC.nc">
          <from><interface-ref name="STXONCCA" ref="0x2b6106e33cc0" scoped=""/></from>
          <to><interface-ref name="Strobe" ref="0x2b6106745510" scoped=""/>
          <arguments>
            <value cst="I:5">
              <type-int alignment="I:2" cname="int" size="I:2"/>
            </value>
          </arguments>
          </to>
        </wire>
        <wire loc="158:/opt/tinyos-release-tinyos-2_1_2//tos/chips/cc2420/spi/CC2420SpiC.nc">
          <from><interface-ref name="TXFIFO_RAM" ref="0x2b6106e82060" scoped=""/></from>
          <to><interface-ref name="Ram" ref="0x2b61067488c0" scoped=""/>
          <arguments>
            <value cst="I:0">
              <type-int alignment="I:2" cname="int" size="I:2"/>
            </value>
          </arguments>
          </to>
        </wire>
        <wire loc="135:/opt/tinyos-release-tinyos-2_1_2//tos/chips/cc2420/spi/CC2420SpiC.nc">
          <from><interface-ref name="RSSI" ref="0x2b6106e8f620" scoped=""/></from>
          <to><interface-ref name="Reg" ref="0x2b61067466f0" scoped=""/>
          <arguments>
            <value cst="I:19">
              <type-int alignment="I:2" cname="int" size="I:2"/>
            </value>
          </arguments>
          </to>
        </wire>
        <wire loc="137:/opt/tinyos-release-tinyos-2_1_2//tos/chips/cc2420/spi/CC2420SpiC.nc">
          <from><interface-ref name="TXCTRL" ref="0x2b6106e8d620" scoped=""/></from>
          <to><interface-ref name="Reg" ref="0x2b61067466f0" scoped=""/>
          <arguments>
            <value cst="I:21">
              <type-int alignment="I:2" cname="int" size="I:2"/>
            </value>
          </arguments>
          </to>
        </wire>
        <wire loc="149:/opt/tinyos-release-tinyos-2_1_2//tos/chips/cc2420/spi/CC2420SpiC.nc">
          <from><interface-ref name="MANAND" ref="0x2b6106e87840" scoped=""/></from>
          <to><interface-ref name="Reg" ref="0x2b61067466f0" scoped=""/>
          <arguments>
            <value cst="I:33">
              <type-int alignment="I:2" cname="int" size="I:2"/>
            </value>
          </arguments>
          </to>
        </wire>
        <wire loc="144:/opt/tinyos-release-tinyos-2_1_2//tos/chips/cc2420/spi/CC2420SpiC.nc">
          <from><interface-ref name="IOCFG0" ref="0x2b6106e89060" scoped=""/></from>
          <to><interface-ref name="Reg" ref="0x2b61067466f0" scoped=""/>
          <arguments>
            <value cst="I:28">
              <type-int alignment="I:2" cname="int" size="I:2"/>
            </value>
          </arguments>
          </to>
        </wire>
        <wire loc="111:/opt/tinyos-release-tinyos-2_1_2//tos/chips/cc2420/spi/CC2420SpiC.nc">
          <from><interface-ref name="ChipSpiResource" ref="0x2b6106e352b0" scoped=""/></from>
          <to><interface-ref name="ChipSpiResource" ref="0x2b610674a4e0" scoped=""/></to>
        </wire>
        <wire loc="124:/opt/tinyos-release-tinyos-2_1_2//tos/chips/cc2420/spi/CC2420SpiC.nc">
          <from><interface-ref name="SFLUSHTX" ref="0x2b6106e316b0" scoped=""/></from>
          <to><interface-ref name="Strobe" ref="0x2b6106745510" scoped=""/>
          <arguments>
            <value cst="I:9">
              <type-int alignment="I:2" cname="int" size="I:2"/>
            </value>
          </arguments>
          </to>
        </wire>
        <wire loc="125:/opt/tinyos-release-tinyos-2_1_2//tos/chips/cc2420/spi/CC2420SpiC.nc">
          <from><interface-ref name="SACK" ref="0x2b6106e31d00" scoped=""/></from>
          <to><interface-ref name="Strobe" ref="0x2b6106745510" scoped=""/>
          <arguments>
            <value cst="I:10">
              <type-int alignment="I:2" cname="int" size="I:2"/>
            </value>
          </arguments>
          </to>
        </wire>
        <wire loc="126:/opt/tinyos-release-tinyos-2_1_2//tos/chips/cc2420/spi/CC2420SpiC.nc">
          <from><interface-ref name="SACKPEND" ref="0x2b6106e2f490" scoped=""/></from>
          <to><interface-ref name="Strobe" ref="0x2b6106745510" scoped=""/>
          <arguments>
            <value cst="I:11">
              <type-int alignment="I:2" cname="int" size="I:2"/>
            </value>
          </arguments>
          </to>
        </wire>
        <wire loc="159:/opt/tinyos-release-tinyos-2_1_2//tos/chips/cc2420/spi/CC2420SpiC.nc">
          <from><interface-ref name="RXFIFO_RAM" ref="0x2b6106e82840" scoped=""/></from>
          <to><interface-ref name="Ram" ref="0x2b61067488c0" scoped=""/>
          <arguments>
            <value cst="I:128">
              <type-int alignment="I:2" cname="int" size="I:2"/>
            </value>
          </arguments>
          </to>
        </wire>
        <wire loc="122:/opt/tinyos-release-tinyos-2_1_2//tos/chips/cc2420/spi/CC2420SpiC.nc">
          <from><interface-ref name="SXOSCOFF" ref="0x2b6106e329c0" scoped=""/></from>
          <to><interface-ref name="Strobe" ref="0x2b6106745510" scoped=""/>
          <arguments>
            <value cst="I:7">
              <type-int alignment="I:2" cname="int" size="I:2"/>
            </value>
          </arguments>
          </to>
        </wire>
        <wire loc="136:/opt/tinyos-release-tinyos-2_1_2//tos/chips/cc2420/spi/CC2420SpiC.nc">
          <from><interface-ref name="SYNCWORD" ref="0x2b6106e8fe00" scoped=""/></from>
          <to><interface-ref name="Reg" ref="0x2b61067466f0" scoped=""/>
          <arguments>
            <value cst="I:20">
              <type-int alignment="I:2" cname="int" size="I:2"/>
            </value>
          </arguments>
          </to>
        </wire>
        <wire loc="134:/opt/tinyos-release-tinyos-2_1_2//tos/chips/cc2420/spi/CC2420SpiC.nc">
          <from><interface-ref name="MDMCTRL1" ref="0x2b6106e90e00" scoped=""/></from>
          <to><interface-ref name="Reg" ref="0x2b61067466f0" scoped=""/>
          <arguments>
            <value cst="I:18">
              <type-int alignment="I:2" cname="int" size="I:2"/>
            </value>
          </arguments>
          </to>
        </wire>
        <wire loc="116:/opt/tinyos-release-tinyos-2_1_2//tos/chips/cc2420/spi/CC2420SpiC.nc">
          <from><interface-ref name="SXOSCON" ref="0x2b6106e342f0" scoped=""/></from>
          <to><interface-ref name="Strobe" ref="0x2b6106745510" scoped=""/>
          <arguments>
            <value cst="I:1">
              <type-int alignment="I:2" cname="int" size="I:2"/>
            </value>
          </arguments>
          </to>
        </wire>
        <wire loc="163:/opt/tinyos-release-tinyos-2_1_2//tos/chips/cc2420/spi/CC2420SpiC.nc">
          <from><interface-ref name="TXNONCE" ref="0x2b6106e7f840" scoped=""/></from>
          <to><interface-ref name="Ram" ref="0x2b61067488c0" scoped=""/>
          <arguments>
            <value cst="I:320">
              <type-int alignment="I:2" cname="int" size="I:2"/>
            </value>
          </arguments>
          </to>
        </wire>
        <wire loc="161:/opt/tinyos-release-tinyos-2_1_2//tos/chips/cc2420/spi/CC2420SpiC.nc">
          <from><interface-ref name="KEY1" ref="0x2b6106e81840" scoped=""/></from>
          <to><interface-ref name="Ram" ref="0x2b61067488c0" scoped=""/>
          <arguments>
            <value cst="I:304">
              <type-int alignment="I:2" cname="int" size="I:2"/>
            </value>
          </arguments>
          </to>
        </wire>
        <wire loc="150:/opt/tinyos-release-tinyos-2_1_2//tos/chips/cc2420/spi/CC2420SpiC.nc">
          <from><interface-ref name="MANOR" ref="0x2b6106e85060" scoped=""/></from>
          <to><interface-ref name="Reg" ref="0x2b61067466f0" scoped=""/>
          <arguments>
            <value cst="I:34">
              <type-int alignment="I:2" cname="int" size="I:2"/>
            </value>
          </arguments>
          </to>
        </wire>
        <wire loc="157:/opt/tinyos-release-tinyos-2_1_2//tos/chips/cc2420/spi/CC2420SpiC.nc">
          <from><interface-ref name="SHORTADR" ref="0x2b6106e83840" scoped=""/></from>
          <to><interface-ref name="Ram" ref="0x2b61067488c0" scoped=""/>
          <arguments>
            <value cst="I:362">
              <type-int alignment="I:2" cname="int" size="I:2"/>
            </value>
          </arguments>
          </to>
        </wire>
        <wire loc="146:/opt/tinyos-release-tinyos-2_1_2//tos/chips/cc2420/spi/CC2420SpiC.nc">
          <from><interface-ref name="MANFIDL" ref="0x2b6106e88060" scoped=""/></from>
          <to><interface-ref name="Reg" ref="0x2b61067466f0" scoped=""/>
          <arguments>
            <value cst="I:30">
              <type-int alignment="I:2" cname="int" size="I:2"/>
            </value>
          </arguments>
          </to>
        </wire>
        <wire loc="167:/opt/tinyos-release-tinyos-2_1_2//tos/chips/cc2420/spi/CC2420SpiC.nc">
          <from><interface-ref name="RXFIFO" ref="0x2b6106e7e840" scoped=""/></from>
          <to><interface-ref name="Fifo" ref="0x2b61067494d0" scoped=""/>
          <arguments>
            <value cst="I:63">
              <type-int alignment="I:2" cname="int" size="I:2"/>
            </value>
          </arguments>
          </to>
        </wire>
        <wire loc="115:/opt/tinyos-release-tinyos-2_1_2//tos/chips/cc2420/spi/CC2420SpiC.nc">
          <from><interface-ref name="SNOP" ref="0x2b6106e35c20" scoped=""/></from>
          <to><interface-ref name="Strobe" ref="0x2b6106745510" scoped=""/>
          <arguments>
            <value cst="I:0">
              <type-int alignment="I:2" cname="int" size="I:2"/>
            </value>
          </arguments>
          </to>
        </wire>
        <wire loc="132:/opt/tinyos-release-tinyos-2_1_2//tos/chips/cc2420/spi/CC2420SpiC.nc">
          <from><interface-ref name="MAIN" ref="0x2b6106e91e00" scoped=""/></from>
          <to><interface-ref name="Reg" ref="0x2b61067466f0" scoped=""/>
          <arguments>
            <value cst="I:16">
              <type-int alignment="I:2" cname="int" size="I:2"/>
            </value>
          </arguments>
          </to>
        </wire>
        <wire loc="138:/opt/tinyos-release-tinyos-2_1_2//tos/chips/cc2420/spi/CC2420SpiC.nc">
          <from><interface-ref name="RXCTRL0" ref="0x2b6106e8de00" scoped=""/></from>
          <to><interface-ref name="Reg" ref="0x2b61067466f0" scoped=""/>
          <arguments>
            <value cst="I:22">
              <type-int alignment="I:2" cname="int" size="I:2"/>
            </value>
          </arguments>
          </to>
        </wire>
        <wire loc="145:/opt/tinyos-release-tinyos-2_1_2//tos/chips/cc2420/spi/CC2420SpiC.nc">
          <from><interface-ref name="IOCFG1" ref="0x2b6106e89840" scoped=""/></from>
          <to><interface-ref name="Reg" ref="0x2b61067466f0" scoped=""/>
          <arguments>
            <value cst="I:29">
              <type-int alignment="I:2" cname="int" size="I:2"/>
            </value>
          </arguments>
          </to>
        </wire>
        <wire loc="140:/opt/tinyos-release-tinyos-2_1_2//tos/chips/cc2420/spi/CC2420SpiC.nc">
          <from><interface-ref name="FSCTRL" ref="0x2b6106e8b060" scoped=""/></from>
          <to><interface-ref name="Reg" ref="0x2b61067466f0" scoped=""/>
          <arguments>
            <value cst="I:24">
              <type-int alignment="I:2" cname="int" size="I:2"/>
            </value>
          </arguments>
          </to>
        </wire>
        <wire loc="118:/opt/tinyos-release-tinyos-2_1_2//tos/chips/cc2420/spi/CC2420SpiC.nc">
          <from><interface-ref name="SRXON" ref="0x2b6106e33020" scoped=""/></from>
          <to><interface-ref name="Strobe" ref="0x2b6106745510" scoped=""/>
          <arguments>
            <value cst="I:3">
              <type-int alignment="I:2" cname="int" size="I:2"/>
            </value>
          </arguments>
          </to>
        </wire>
        <wire loc="141:/opt/tinyos-release-tinyos-2_1_2//tos/chips/cc2420/spi/CC2420SpiC.nc">
          <from><interface-ref name="SECCTRL0" ref="0x2b6106e8b840" scoped=""/></from>
          <to><interface-ref name="Reg" ref="0x2b61067466f0" scoped=""/>
          <arguments>
            <value cst="I:25">
              <type-int alignment="I:2" cname="int" size="I:2"/>
            </value>
          </arguments>
          </to>
        </wire>
        <wire loc="112:/opt/tinyos-release-tinyos-2_1_2//tos/chips/cc2420/spi/CC2420SpiC.nc">
          <from><interface-ref name="Resource" ref="0x2b6106e36520" scoped=""/></from>
          <to><interface-ref name="Resource" ref="0x2b610674b660" scoped=""/>
          <arguments>
            <value cst="I:4">
              <type-int alignment="I:2" cname="int" size="I:2"/>
            </value>
          </arguments>
          </to>
        </wire>
        <wire loc="127:/opt/tinyos-release-tinyos-2_1_2//tos/chips/cc2420/spi/CC2420SpiC.nc">
          <from><interface-ref name="SRXDEC" ref="0x2b6106e2fae0" scoped=""/></from>
          <to><interface-ref name="Strobe" ref="0x2b6106745510" scoped=""/>
          <arguments>
            <value cst="I:12">
              <type-int alignment="I:2" cname="int" size="I:2"/>
            </value>
          </arguments>
          </to>
        </wire>
        <wire loc="129:/opt/tinyos-release-tinyos-2_1_2//tos/chips/cc2420/spi/CC2420SpiC.nc">
          <from><interface-ref name="SAES" ref="0x2b6106e917b0" scoped=""/></from>
          <to><interface-ref name="Strobe" ref="0x2b6106745510" scoped=""/>
          <arguments>
            <value cst="I:14">
              <type-int alignment="I:2" cname="int" size="I:2"/>
            </value>
          </arguments>
          </to>
        </wire>
        <wire loc="156:/opt/tinyos-release-tinyos-2_1_2//tos/chips/cc2420/spi/CC2420SpiC.nc">
          <from><interface-ref name="PANID" ref="0x2b6106e83060" scoped=""/></from>
          <to><interface-ref name="Ram" ref="0x2b61067488c0" scoped=""/>
          <arguments>
            <value cst="I:360">
              <type-int alignment="I:2" cname="int" size="I:2"/>
            </value>
          </arguments>
          </to>
        </wire>
        <wire loc="155:/opt/tinyos-release-tinyos-2_1_2//tos/chips/cc2420/spi/CC2420SpiC.nc">
          <from><interface-ref name="IEEEADR" ref="0x2b6106e84840" scoped=""/></from>
          <to><interface-ref name="Ram" ref="0x2b61067488c0" scoped=""/>
          <arguments>
            <value cst="I:352">
              <type-int alignment="I:2" cname="int" size="I:2"/>
            </value>
          </arguments>
          </to>
        </wire>
        <wire loc="123:/opt/tinyos-release-tinyos-2_1_2//tos/chips/cc2420/spi/CC2420SpiC.nc">
          <from><interface-ref name="SFLUSHRX" ref="0x2b6106e31060" scoped=""/></from>
          <to><interface-ref name="Strobe" ref="0x2b6106745510" scoped=""/>
          <arguments>
            <value cst="I:8">
              <type-int alignment="I:2" cname="int" size="I:2"/>
            </value>
          </arguments>
          </to>
        </wire>
        <wire loc="152:/opt/tinyos-release-tinyos-2_1_2//tos/chips/cc2420/spi/CC2420SpiC.nc">
          <from><interface-ref name="RXFIFO_REGISTER" ref="0x2b6106e84060" scoped=""/></from>
          <to><interface-ref name="Reg" ref="0x2b61067466f0" scoped=""/>
          <arguments>
            <value cst="I:63">
              <type-int alignment="I:2" cname="int" size="I:2"/>
            </value>
          </arguments>
          </to>
        </wire>
        <wire loc="162:/opt/tinyos-release-tinyos-2_1_2//tos/chips/cc2420/spi/CC2420SpiC.nc">
          <from><interface-ref name="SABUF" ref="0x2b6106e7f060" scoped=""/></from>
          <to><interface-ref name="Ram" ref="0x2b61067488c0" scoped=""/>
          <arguments>
            <value cst="I:288">
              <type-int alignment="I:2" cname="int" size="I:2"/>
            </value>
          </arguments>
          </to>
        </wire>
        <wire loc="151:/opt/tinyos-release-tinyos-2_1_2//tos/chips/cc2420/spi/CC2420SpiC.nc">
          <from><interface-ref name="AGCCTRL" ref="0x2b6106e85840" scoped=""/></from>
          <to><interface-ref name="Reg" ref="0x2b61067466f0" scoped=""/>
          <arguments>
            <value cst="I:35">
              <type-int alignment="I:2" cname="int" size="I:2"/>
            </value>
          </arguments>
          </to>
        </wire>
        <wire loc="119:/opt/tinyos-release-tinyos-2_1_2//tos/chips/cc2420/spi/CC2420SpiC.nc">
          <from><interface-ref name="STXON" ref="0x2b6106e33670" scoped=""/></from>
          <to><interface-ref name="Strobe" ref="0x2b6106745510" scoped=""/>
          <arguments>
            <value cst="I:4">
              <type-int alignment="I:2" cname="int" size="I:2"/>
            </value>
          </arguments>
          </to>
        </wire>
        <wire loc="148:/opt/tinyos-release-tinyos-2_1_2//tos/chips/cc2420/spi/CC2420SpiC.nc">
          <from><interface-ref name="FSMTC" ref="0x2b6106e87060" scoped=""/></from>
          <to><interface-ref name="Reg" ref="0x2b61067466f0" scoped=""/>
          <arguments>
            <value cst="I:32">
              <type-int alignment="I:2" cname="int" size="I:2"/>
            </value>
          </arguments>
          </to>
        </wire>
        <wire loc="121:/opt/tinyos-release-tinyos-2_1_2//tos/chips/cc2420/spi/CC2420SpiC.nc">
          <from><interface-ref name="SRFOFF" ref="0x2b6106e32370" scoped=""/></from>
          <to><interface-ref name="Strobe" ref="0x2b6106745510" scoped=""/>
          <arguments>
            <value cst="I:6">
              <type-int alignment="I:2" cname="int" size="I:2"/>
            </value>
          </arguments>
          </to>
        </wire>
        <wire loc="147:/opt/tinyos-release-tinyos-2_1_2//tos/chips/cc2420/spi/CC2420SpiC.nc">
          <from><interface-ref name="MANFIDH" ref="0x2b6106e88840" scoped=""/></from>
          <to><interface-ref name="Reg" ref="0x2b61067466f0" scoped=""/>
          <arguments>
            <value cst="I:31">
              <type-int alignment="I:2" cname="int" size="I:2"/>
            </value>
          </arguments>
          </to>
        </wire>
        <wire loc="128:/opt/tinyos-release-tinyos-2_1_2//tos/chips/cc2420/spi/CC2420SpiC.nc">
          <from><interface-ref name="STXENC" ref="0x2b6106e91160" scoped=""/></from>
          <to><interface-ref name="Strobe" ref="0x2b6106745510" scoped=""/>
          <arguments>
            <value cst="I:13">
              <type-int alignment="I:2" cname="int" size="I:2"/>
            </value>
          </arguments>
          </to>
        </wire>
        <wire loc="168:/opt/tinyos-release-tinyos-2_1_2//tos/chips/cc2420/spi/CC2420SpiC.nc">
          <from><interface-ref name="TXFIFO" ref="0x2b6106e7d930" scoped=""/></from>
          <to><interface-ref name="Fifo" ref="0x2b61067494d0" scoped=""/>
          <arguments>
            <value cst="I:62">
              <type-int alignment="I:2" cname="int" size="I:2"/>
            </value>
          </arguments>
          </to>
        </wire>
      </wiring>
    </component><component loc="45:/opt/tinyos-release-tinyos-2_1_2//tos/chips/cc2420/receive/CC2420ReceiveP.nc" nicename="CC2420ReceiveP" qname="CC2420ReceiveP" safe="">
      <documentation loc="32:/opt/tinyos-release-tinyos-2_1_2//tos/chips/cc2420/receive/CC2420ReceiveP.nc">
        <short>
 </short>
        <long>
 @author Jonathan Hui &lt;jhui@archrock.com&gt;
 @author David Moss
 @author Jung Il Choi
 @author JeongGil Ko
 @author Razvan Musaloiu-E
 @version $Revision: 1.21 $ $Date: 2009/09/17 23:36:36 $
</long>
      </documentation>
      <module/>
    </component><component loc="56:/opt/tinyos-release-tinyos-2_1_2//tos/system/MainC.nc" nicename="MainC" qname="MainC">
      <documentation loc="45:/opt/tinyos-release-tinyos-2_1_2//tos/system/MainC.nc">
        <short>
 MainC is the system interface the TinyOS boot sequence.</short>
        <long>
 MainC is the system interface the TinyOS boot sequence. It wires the
 boot sequence implementation to the scheduler and hardware resources.

 @author Philip Levis
 @date   August 6 2005
 @see    TEP 107: Boot Sequence
</long>
      </documentation>
      <configuration/>
      <wiring>
        <wire loc="72:/opt/tinyos-release-tinyos-2_1_2//tos/system/MainC.nc">
          <from><interface-ref name="Boot" ref="0x2b6105d69c20" scoped=""/></from>
          <to><interface-ref name="Boot" ref="0x2b6105f1a590" scoped=""/></to>
        </wire>
        <wire loc="67:/opt/tinyos-release-tinyos-2_1_2//tos/system/MainC.nc">
          <from><interface-ref name="Scheduler" ref="0x2b6105f1ac00" scoped=""/></from>
          <to><interface-ref name="Scheduler" ref="0x2b61058673a0" scoped=""/></to>
        </wire>
        <wire loc="68:/opt/tinyos-release-tinyos-2_1_2//tos/system/MainC.nc">
          <from><interface-ref name="PlatformInit" ref="0x2b6105f336c0" scoped=""/></from>
          <to><interface-ref name="Init" ref="0x2b6105d63190" scoped=""/></to>
        </wire>
        <wire loc="71:/opt/tinyos-release-tinyos-2_1_2//tos/system/MainC.nc">
          <from><interface-ref name="SoftwareInit" ref="0x2b6105f33dc0" scoped=""/></from>
          <to><interface-ref name="SoftwareInit" ref="0x2b6105d641b0" scoped=""/></to>
        </wire>
      </wiring>
    </component></referenced></component>