<?xml version="1.0" ?><component abstract="" loc="39:/opt/tinyos-release-tinyos-2_1_2//tos/chips/cc2420/spi/CC2420SpiC.nc" nicename="CC2420SpiC" qname="CC2420SpiC">
      <documentation loc="32:/opt/tinyos-release-tinyos-2_1_2//tos/chips/cc2420/spi/CC2420SpiC.nc">
        <short>
 Implementation of basic SPI primitives for the ChipCon CC2420 radio.</short>
        <long>
 Implementation of basic SPI primitives for the ChipCon CC2420 radio.

 @author Jonathan Hui &lt;jhui@archrock.com&gt;
 @version $Revision: 1.4 $ $Date: 2009-08-14 20:33:43 $
</long>
      </documentation>
      <parameters>
      </parameters>
      <configuration/>
      <wiring>
        <wire loc="139:/opt/tinyos-release-tinyos-2_1_2//tos/chips/cc2420/spi/CC2420SpiC.nc">
          <from><interface-ref name="RXCTRL1" ref="0x2b6106721020" scoped=""/></from>
          <to><interface-ref name="Reg" ref="0x2b61067466f0" scoped=""/>
          <arguments>
            <value cst="I:23">
              <type-int alignment="I:2" cname="int" size="I:2"/>
            </value>
          </arguments>
          </to>
        </wire>
        <wire loc="117:/opt/tinyos-release-tinyos-2_1_2//tos/chips/cc2420/spi/CC2420SpiC.nc">
          <from><interface-ref name="STXCAL" ref="0x2b610672e020" scoped=""/></from>
          <to><interface-ref name="Strobe" ref="0x2b6106745510" scoped=""/>
          <arguments>
            <value cst="I:2">
              <type-int alignment="I:2" cname="int" size="I:2"/>
            </value>
          </arguments>
          </to>
        </wire>
        <wire loc="133:/opt/tinyos-release-tinyos-2_1_2//tos/chips/cc2420/spi/CC2420SpiC.nc">
          <from><interface-ref name="MDMCTRL0" ref="0x2b6106725960" scoped=""/></from>
          <to><interface-ref name="Reg" ref="0x2b61067466f0" scoped=""/>
          <arguments>
            <value cst="I:17">
              <type-int alignment="I:2" cname="int" size="I:2"/>
            </value>
          </arguments>
          </to>
        </wire>
        <wire loc="142:/opt/tinyos-release-tinyos-2_1_2//tos/chips/cc2420/spi/CC2420SpiC.nc">
          <from><interface-ref name="SECCTRL1" ref="0x2b6106720cb0" scoped=""/></from>
          <to><interface-ref name="Reg" ref="0x2b61067466f0" scoped=""/>
          <arguments>
            <value cst="I:26">
              <type-int alignment="I:2" cname="int" size="I:2"/>
            </value>
          </arguments>
          </to>
        </wire>
        <wire loc="143:/opt/tinyos-release-tinyos-2_1_2//tos/chips/cc2420/spi/CC2420SpiC.nc">
          <from><interface-ref name="BATTMON" ref="0x2b610671f5e0" scoped=""/></from>
          <to><interface-ref name="Reg" ref="0x2b61067466f0" scoped=""/>
          <arguments>
            <value cst="I:27">
              <type-int alignment="I:2" cname="int" size="I:2"/>
            </value>
          </arguments>
          </to>
        </wire>
        <wire loc="164:/opt/tinyos-release-tinyos-2_1_2//tos/chips/cc2420/spi/CC2420SpiC.nc">
          <from><interface-ref name="RXNONCE" ref="0x2b610675a020" scoped=""/></from>
          <to><interface-ref name="Ram" ref="0x2b61067488c0" scoped=""/>
          <arguments>
            <value cst="I:272">
              <type-int alignment="I:2" cname="int" size="I:2"/>
            </value>
          </arguments>
          </to>
        </wire>
        <wire loc="160:/opt/tinyos-release-tinyos-2_1_2//tos/chips/cc2420/spi/CC2420SpiC.nc">
          <from><interface-ref name="KEY0" ref="0x2b6106716c30" scoped=""/></from>
          <to><interface-ref name="Ram" ref="0x2b61067488c0" scoped=""/>
          <arguments>
            <value cst="I:256">
              <type-int alignment="I:2" cname="int" size="I:2"/>
            </value>
          </arguments>
          </to>
        </wire>
        <wire loc="120:/opt/tinyos-release-tinyos-2_1_2//tos/chips/cc2420/spi/CC2420SpiC.nc">
          <from><interface-ref name="STXONCCA" ref="0x2b610672b590" scoped=""/></from>
          <to><interface-ref name="Strobe" ref="0x2b6106745510" scoped=""/>
          <arguments>
            <value cst="I:5">
              <type-int alignment="I:2" cname="int" size="I:2"/>
            </value>
          </arguments>
          </to>
        </wire>
        <wire loc="158:/opt/tinyos-release-tinyos-2_1_2//tos/chips/cc2420/spi/CC2420SpiC.nc">
          <from><interface-ref name="TXFIFO_RAM" ref="0x2b6106717a70" scoped=""/></from>
          <to><interface-ref name="Ram" ref="0x2b61067488c0" scoped=""/>
          <arguments>
            <value cst="I:0">
              <type-int alignment="I:2" cname="int" size="I:2"/>
            </value>
          </arguments>
          </to>
        </wire>
        <wire loc="135:/opt/tinyos-release-tinyos-2_1_2//tos/chips/cc2420/spi/CC2420SpiC.nc">
          <from><interface-ref name="RSSI" ref="0x2b6106724b00" scoped=""/></from>
          <to><interface-ref name="Reg" ref="0x2b61067466f0" scoped=""/>
          <arguments>
            <value cst="I:19">
              <type-int alignment="I:2" cname="int" size="I:2"/>
            </value>
          </arguments>
          </to>
        </wire>
        <wire loc="137:/opt/tinyos-release-tinyos-2_1_2//tos/chips/cc2420/spi/CC2420SpiC.nc">
          <from><interface-ref name="TXCTRL" ref="0x2b6106723ca0" scoped=""/></from>
          <to><interface-ref name="Reg" ref="0x2b61067466f0" scoped=""/>
          <arguments>
            <value cst="I:21">
              <type-int alignment="I:2" cname="int" size="I:2"/>
            </value>
          </arguments>
          </to>
        </wire>
        <wire loc="149:/opt/tinyos-release-tinyos-2_1_2//tos/chips/cc2420/spi/CC2420SpiC.nc">
          <from><interface-ref name="MANAND" ref="0x2b610671cc70" scoped=""/></from>
          <to><interface-ref name="Reg" ref="0x2b61067466f0" scoped=""/>
          <arguments>
            <value cst="I:33">
              <type-int alignment="I:2" cname="int" size="I:2"/>
            </value>
          </arguments>
          </to>
        </wire>
        <wire loc="144:/opt/tinyos-release-tinyos-2_1_2//tos/chips/cc2420/spi/CC2420SpiC.nc">
          <from><interface-ref name="IOCFG0" ref="0x2b610671e020" scoped=""/></from>
          <to><interface-ref name="Reg" ref="0x2b61067466f0" scoped=""/>
          <arguments>
            <value cst="I:28">
              <type-int alignment="I:2" cname="int" size="I:2"/>
            </value>
          </arguments>
          </to>
        </wire>
        <wire loc="111:/opt/tinyos-release-tinyos-2_1_2//tos/chips/cc2420/spi/CC2420SpiC.nc">
          <from><interface-ref name="ChipSpiResource" ref="0x2b610672c740" scoped=""/></from>
          <to><interface-ref name="ChipSpiResource" ref="0x2b610674a4e0" scoped=""/></to>
        </wire>
        <wire loc="124:/opt/tinyos-release-tinyos-2_1_2//tos/chips/cc2420/spi/CC2420SpiC.nc">
          <from><interface-ref name="SFLUSHTX" ref="0x2b61067293d0" scoped=""/></from>
          <to><interface-ref name="Strobe" ref="0x2b6106745510" scoped=""/>
          <arguments>
            <value cst="I:9">
              <type-int alignment="I:2" cname="int" size="I:2"/>
            </value>
          </arguments>
          </to>
        </wire>
        <wire loc="125:/opt/tinyos-release-tinyos-2_1_2//tos/chips/cc2420/spi/CC2420SpiC.nc">
          <from><interface-ref name="SACK" ref="0x2b6106729ad0" scoped=""/></from>
          <to><interface-ref name="Strobe" ref="0x2b6106745510" scoped=""/>
          <arguments>
            <value cst="I:10">
              <type-int alignment="I:2" cname="int" size="I:2"/>
            </value>
          </arguments>
          </to>
        </wire>
        <wire loc="126:/opt/tinyos-release-tinyos-2_1_2//tos/chips/cc2420/spi/CC2420SpiC.nc">
          <from><interface-ref name="SACKPEND" ref="0x2b61067283d0" scoped=""/></from>
          <to><interface-ref name="Strobe" ref="0x2b6106745510" scoped=""/>
          <arguments>
            <value cst="I:11">
              <type-int alignment="I:2" cname="int" size="I:2"/>
            </value>
          </arguments>
          </to>
        </wire>
        <wire loc="159:/opt/tinyos-release-tinyos-2_1_2//tos/chips/cc2420/spi/CC2420SpiC.nc">
          <from><interface-ref name="RXFIFO_RAM" ref="0x2b61067163c0" scoped=""/></from>
          <to><interface-ref name="Ram" ref="0x2b61067488c0" scoped=""/>
          <arguments>
            <value cst="I:128">
              <type-int alignment="I:2" cname="int" size="I:2"/>
            </value>
          </arguments>
          </to>
        </wire>
        <wire loc="122:/opt/tinyos-release-tinyos-2_1_2//tos/chips/cc2420/spi/CC2420SpiC.nc">
          <from><interface-ref name="SXOSCOFF" ref="0x2b610672a450" scoped=""/></from>
          <to><interface-ref name="Strobe" ref="0x2b6106745510" scoped=""/>
          <arguments>
            <value cst="I:7">
              <type-int alignment="I:2" cname="int" size="I:2"/>
            </value>
          </arguments>
          </to>
        </wire>
        <wire loc="136:/opt/tinyos-release-tinyos-2_1_2//tos/chips/cc2420/spi/CC2420SpiC.nc">
          <from><interface-ref name="SYNCWORD" ref="0x2b61067233f0" scoped=""/></from>
          <to><interface-ref name="Reg" ref="0x2b61067466f0" scoped=""/>
          <arguments>
            <value cst="I:20">
              <type-int alignment="I:2" cname="int" size="I:2"/>
            </value>
          </arguments>
          </to>
        </wire>
        <wire loc="134:/opt/tinyos-release-tinyos-2_1_2//tos/chips/cc2420/spi/CC2420SpiC.nc">
          <from><interface-ref name="MDMCTRL1" ref="0x2b6106724260" scoped=""/></from>
          <to><interface-ref name="Reg" ref="0x2b61067466f0" scoped=""/>
          <arguments>
            <value cst="I:18">
              <type-int alignment="I:2" cname="int" size="I:2"/>
            </value>
          </arguments>
          </to>
        </wire>
        <wire loc="116:/opt/tinyos-release-tinyos-2_1_2//tos/chips/cc2420/spi/CC2420SpiC.nc">
          <from><interface-ref name="SXOSCON" ref="0x2b61067308d0" scoped=""/></from>
          <to><interface-ref name="Strobe" ref="0x2b6106745510" scoped=""/>
          <arguments>
            <value cst="I:1">
              <type-int alignment="I:2" cname="int" size="I:2"/>
            </value>
          </arguments>
          </to>
        </wire>
        <wire loc="163:/opt/tinyos-release-tinyos-2_1_2//tos/chips/cc2420/spi/CC2420SpiC.nc">
          <from><interface-ref name="TXNONCE" ref="0x2b610675b690" scoped=""/></from>
          <to><interface-ref name="Ram" ref="0x2b61067488c0" scoped=""/>
          <arguments>
            <value cst="I:320">
              <type-int alignment="I:2" cname="int" size="I:2"/>
            </value>
          </arguments>
          </to>
        </wire>
        <wire loc="161:/opt/tinyos-release-tinyos-2_1_2//tos/chips/cc2420/spi/CC2420SpiC.nc">
          <from><interface-ref name="KEY1" ref="0x2b610675c510" scoped=""/></from>
          <to><interface-ref name="Ram" ref="0x2b61067488c0" scoped=""/>
          <arguments>
            <value cst="I:304">
              <type-int alignment="I:2" cname="int" size="I:2"/>
            </value>
          </arguments>
          </to>
        </wire>
        <wire loc="150:/opt/tinyos-release-tinyos-2_1_2//tos/chips/cc2420/spi/CC2420SpiC.nc">
          <from><interface-ref name="MANOR" ref="0x2b610671b550" scoped=""/></from>
          <to><interface-ref name="Reg" ref="0x2b61067466f0" scoped=""/>
          <arguments>
            <value cst="I:34">
              <type-int alignment="I:2" cname="int" size="I:2"/>
            </value>
          </arguments>
          </to>
        </wire>
        <wire loc="157:/opt/tinyos-release-tinyos-2_1_2//tos/chips/cc2420/spi/CC2420SpiC.nc">
          <from><interface-ref name="SHORTADR" ref="0x2b61067171c0" scoped=""/></from>
          <to><interface-ref name="Ram" ref="0x2b61067488c0" scoped=""/>
          <arguments>
            <value cst="I:362">
              <type-int alignment="I:2" cname="int" size="I:2"/>
            </value>
          </arguments>
          </to>
        </wire>
        <wire loc="146:/opt/tinyos-release-tinyos-2_1_2//tos/chips/cc2420/spi/CC2420SpiC.nc">
          <from><interface-ref name="MANFIDL" ref="0x2b610671d1e0" scoped=""/></from>
          <to><interface-ref name="Reg" ref="0x2b61067466f0" scoped=""/>
          <arguments>
            <value cst="I:30">
              <type-int alignment="I:2" cname="int" size="I:2"/>
            </value>
          </arguments>
          </to>
        </wire>
        <wire loc="167:/opt/tinyos-release-tinyos-2_1_2//tos/chips/cc2420/spi/CC2420SpiC.nc">
          <from><interface-ref name="RXFIFO" ref="0x2b610674fa40" scoped=""/></from>
          <to><interface-ref name="Fifo" ref="0x2b61067494d0" scoped=""/>
          <arguments>
            <value cst="I:63">
              <type-int alignment="I:2" cname="int" size="I:2"/>
            </value>
          </arguments>
          </to>
        </wire>
        <wire loc="115:/opt/tinyos-release-tinyos-2_1_2//tos/chips/cc2420/spi/CC2420SpiC.nc">
          <from><interface-ref name="SNOP" ref="0x2b61067301b0" scoped=""/></from>
          <to><interface-ref name="Strobe" ref="0x2b6106745510" scoped=""/>
          <arguments>
            <value cst="I:0">
              <type-int alignment="I:2" cname="int" size="I:2"/>
            </value>
          </arguments>
          </to>
        </wire>
        <wire loc="132:/opt/tinyos-release-tinyos-2_1_2//tos/chips/cc2420/spi/CC2420SpiC.nc">
          <from><interface-ref name="MAIN" ref="0x2b6106725090" scoped=""/></from>
          <to><interface-ref name="Reg" ref="0x2b61067466f0" scoped=""/>
          <arguments>
            <value cst="I:16">
              <type-int alignment="I:2" cname="int" size="I:2"/>
            </value>
          </arguments>
          </to>
        </wire>
        <wire loc="138:/opt/tinyos-release-tinyos-2_1_2//tos/chips/cc2420/spi/CC2420SpiC.nc">
          <from><interface-ref name="RXCTRL0" ref="0x2b61067225e0" scoped=""/></from>
          <to><interface-ref name="Reg" ref="0x2b61067466f0" scoped=""/>
          <arguments>
            <value cst="I:22">
              <type-int alignment="I:2" cname="int" size="I:2"/>
            </value>
          </arguments>
          </to>
        </wire>
        <wire loc="145:/opt/tinyos-release-tinyos-2_1_2//tos/chips/cc2420/spi/CC2420SpiC.nc">
          <from><interface-ref name="IOCFG1" ref="0x2b610671e8d0" scoped=""/></from>
          <to><interface-ref name="Reg" ref="0x2b61067466f0" scoped=""/>
          <arguments>
            <value cst="I:29">
              <type-int alignment="I:2" cname="int" size="I:2"/>
            </value>
          </arguments>
          </to>
        </wire>
        <wire loc="140:/opt/tinyos-release-tinyos-2_1_2//tos/chips/cc2420/spi/CC2420SpiC.nc">
          <from><interface-ref name="FSCTRL" ref="0x2b6106721ad0" scoped=""/></from>
          <to><interface-ref name="Reg" ref="0x2b61067466f0" scoped=""/>
          <arguments>
            <value cst="I:24">
              <type-int alignment="I:2" cname="int" size="I:2"/>
            </value>
          </arguments>
          </to>
        </wire>
        <wire loc="118:/opt/tinyos-release-tinyos-2_1_2//tos/chips/cc2420/spi/CC2420SpiC.nc">
          <from><interface-ref name="SRXON" ref="0x2b610672e730" scoped=""/></from>
          <to><interface-ref name="Strobe" ref="0x2b6106745510" scoped=""/>
          <arguments>
            <value cst="I:3">
              <type-int alignment="I:2" cname="int" size="I:2"/>
            </value>
          </arguments>
          </to>
        </wire>
        <wire loc="141:/opt/tinyos-release-tinyos-2_1_2//tos/chips/cc2420/spi/CC2420SpiC.nc">
          <from><interface-ref name="SECCTRL0" ref="0x2b61067203e0" scoped=""/></from>
          <to><interface-ref name="Reg" ref="0x2b61067466f0" scoped=""/>
          <arguments>
            <value cst="I:25">
              <type-int alignment="I:2" cname="int" size="I:2"/>
            </value>
          </arguments>
          </to>
        </wire>
        <wire loc="112:/opt/tinyos-release-tinyos-2_1_2//tos/chips/cc2420/spi/CC2420SpiC.nc">
          <from><interface-ref name="Resource" ref="0x2b6106735880" scoped=""/></from>
          <to><interface-ref name="Resource" ref="0x2b610674b660" scoped=""/>
          <arguments>
            <value cst="U:">
              <type-int alignment="I:2" cname="int" size="I:2"/>
            </value>
          </arguments>
          </to>
        </wire>
        <wire loc="127:/opt/tinyos-release-tinyos-2_1_2//tos/chips/cc2420/spi/CC2420SpiC.nc">
          <from><interface-ref name="SRXDEC" ref="0x2b6106728ae0" scoped=""/></from>
          <to><interface-ref name="Strobe" ref="0x2b6106745510" scoped=""/>
          <arguments>
            <value cst="I:12">
              <type-int alignment="I:2" cname="int" size="I:2"/>
            </value>
          </arguments>
          </to>
        </wire>
        <wire loc="129:/opt/tinyos-release-tinyos-2_1_2//tos/chips/cc2420/spi/CC2420SpiC.nc">
          <from><interface-ref name="SAES" ref="0x2b6106726920" scoped=""/></from>
          <to><interface-ref name="Strobe" ref="0x2b6106745510" scoped=""/>
          <arguments>
            <value cst="I:14">
              <type-int alignment="I:2" cname="int" size="I:2"/>
            </value>
          </arguments>
          </to>
        </wire>
        <wire loc="156:/opt/tinyos-release-tinyos-2_1_2//tos/chips/cc2420/spi/CC2420SpiC.nc">
          <from><interface-ref name="PANID" ref="0x2b61067188e0" scoped=""/></from>
          <to><interface-ref name="Ram" ref="0x2b61067488c0" scoped=""/>
          <arguments>
            <value cst="I:360">
              <type-int alignment="I:2" cname="int" size="I:2"/>
            </value>
          </arguments>
          </to>
        </wire>
        <wire loc="155:/opt/tinyos-release-tinyos-2_1_2//tos/chips/cc2420/spi/CC2420SpiC.nc">
          <from><interface-ref name="IEEEADR" ref="0x2b6106718060" scoped=""/></from>
          <to><interface-ref name="Ram" ref="0x2b61067488c0" scoped=""/>
          <arguments>
            <value cst="I:352">
              <type-int alignment="I:2" cname="int" size="I:2"/>
            </value>
          </arguments>
          </to>
        </wire>
        <wire loc="123:/opt/tinyos-release-tinyos-2_1_2//tos/chips/cc2420/spi/CC2420SpiC.nc">
          <from><interface-ref name="SFLUSHRX" ref="0x2b610672ab80" scoped=""/></from>
          <to><interface-ref name="Strobe" ref="0x2b6106745510" scoped=""/>
          <arguments>
            <value cst="I:8">
              <type-int alignment="I:2" cname="int" size="I:2"/>
            </value>
          </arguments>
          </to>
        </wire>
        <wire loc="152:/opt/tinyos-release-tinyos-2_1_2//tos/chips/cc2420/spi/CC2420SpiC.nc">
          <from><interface-ref name="RXFIFO_REGISTER" ref="0x2b610671a750" scoped=""/></from>
          <to><interface-ref name="Reg" ref="0x2b61067466f0" scoped=""/>
          <arguments>
            <value cst="I:63">
              <type-int alignment="I:2" cname="int" size="I:2"/>
            </value>
          </arguments>
          </to>
        </wire>
        <wire loc="162:/opt/tinyos-release-tinyos-2_1_2//tos/chips/cc2420/spi/CC2420SpiC.nc">
          <from><interface-ref name="SABUF" ref="0x2b610675cd90" scoped=""/></from>
          <to><interface-ref name="Ram" ref="0x2b61067488c0" scoped=""/>
          <arguments>
            <value cst="I:288">
              <type-int alignment="I:2" cname="int" size="I:2"/>
            </value>
          </arguments>
          </to>
        </wire>
        <wire loc="151:/opt/tinyos-release-tinyos-2_1_2//tos/chips/cc2420/spi/CC2420SpiC.nc">
          <from><interface-ref name="AGCCTRL" ref="0x2b610671be10" scoped=""/></from>
          <to><interface-ref name="Reg" ref="0x2b61067466f0" scoped=""/>
          <arguments>
            <value cst="I:35">
              <type-int alignment="I:2" cname="int" size="I:2"/>
            </value>
          </arguments>
          </to>
        </wire>
        <wire loc="119:/opt/tinyos-release-tinyos-2_1_2//tos/chips/cc2420/spi/CC2420SpiC.nc">
          <from><interface-ref name="STXON" ref="0x2b610672ee40" scoped=""/></from>
          <to><interface-ref name="Strobe" ref="0x2b6106745510" scoped=""/>
          <arguments>
            <value cst="I:4">
              <type-int alignment="I:2" cname="int" size="I:2"/>
            </value>
          </arguments>
          </to>
        </wire>
        <wire loc="148:/opt/tinyos-release-tinyos-2_1_2//tos/chips/cc2420/spi/CC2420SpiC.nc">
          <from><interface-ref name="FSMTC" ref="0x2b610671c3c0" scoped=""/></from>
          <to><interface-ref name="Reg" ref="0x2b61067466f0" scoped=""/>
          <arguments>
            <value cst="I:32">
              <type-int alignment="I:2" cname="int" size="I:2"/>
            </value>
          </arguments>
          </to>
        </wire>
        <wire loc="121:/opt/tinyos-release-tinyos-2_1_2//tos/chips/cc2420/spi/CC2420SpiC.nc">
          <from><interface-ref name="SRFOFF" ref="0x2b610672bca0" scoped=""/></from>
          <to><interface-ref name="Strobe" ref="0x2b6106745510" scoped=""/>
          <arguments>
            <value cst="I:6">
              <type-int alignment="I:2" cname="int" size="I:2"/>
            </value>
          </arguments>
          </to>
        </wire>
        <wire loc="147:/opt/tinyos-release-tinyos-2_1_2//tos/chips/cc2420/spi/CC2420SpiC.nc">
          <from><interface-ref name="MANFIDH" ref="0x2b610671daa0" scoped=""/></from>
          <to><interface-ref name="Reg" ref="0x2b61067466f0" scoped=""/>
          <arguments>
            <value cst="I:31">
              <type-int alignment="I:2" cname="int" size="I:2"/>
            </value>
          </arguments>
          </to>
        </wire>
        <wire loc="128:/opt/tinyos-release-tinyos-2_1_2//tos/chips/cc2420/spi/CC2420SpiC.nc">
          <from><interface-ref name="STXENC" ref="0x2b6106726220" scoped=""/></from>
          <to><interface-ref name="Strobe" ref="0x2b6106745510" scoped=""/>
          <arguments>
            <value cst="I:13">
              <type-int alignment="I:2" cname="int" size="I:2"/>
            </value>
          </arguments>
          </to>
        </wire>
        <wire loc="168:/opt/tinyos-release-tinyos-2_1_2//tos/chips/cc2420/spi/CC2420SpiC.nc">
          <from><interface-ref name="TXFIFO" ref="0x2b6106759ba0" scoped=""/></from>
          <to><interface-ref name="Fifo" ref="0x2b61067494d0" scoped=""/>
          <arguments>
            <value cst="I:62">
              <type-int alignment="I:2" cname="int" size="I:2"/>
            </value>
          </arguments>
          </to>
        </wire>
      </wiring>
    <specification><interface loc="69:/opt/tinyos-release-tinyos-2_1_2//tos/chips/cc2420/spi/CC2420SpiC.nc" name="RXCTRL1" provided="1" ref="0x2b6106721020">
      <component-ref nicename="CC2420SpiC" qname="CC2420SpiC"/>
      <type-interface alignment="I:2" size="I:2"><interface-ref name="RXCTRL1" ref="0x2b6106721020" scoped=""/></type-interface>
      <instance>
        <interfacedef-ref nicename="CC2420Register" qname="CC2420Register"/>
      </instance>
      <interface-functions>
        <function-ref name="read" ref="0x2b61067215a0" scoped=""/>
        <function-ref name="write" ref="0x2b6106721730" scoped=""/>
      </interface-functions>
    </interface><interface loc="47:/opt/tinyos-release-tinyos-2_1_2//tos/chips/cc2420/spi/CC2420SpiC.nc" name="STXCAL" provided="1" ref="0x2b610672e020">
      <component-ref nicename="CC2420SpiC" qname="CC2420SpiC"/>
      <type-interface alignment="I:2" size="I:2"><interface-ref name="STXCAL" ref="0x2b610672e020" scoped=""/></type-interface>
      <instance>
        <interfacedef-ref nicename="CC2420Strobe" qname="CC2420Strobe"/>
      </instance>
      <interface-functions>
        <function-ref name="strobe" ref="0x2b610672e3a0" scoped=""/>
      </interface-functions>
    </interface><interface loc="63:/opt/tinyos-release-tinyos-2_1_2//tos/chips/cc2420/spi/CC2420SpiC.nc" name="MDMCTRL0" provided="1" ref="0x2b6106725960">
      <component-ref nicename="CC2420SpiC" qname="CC2420SpiC"/>
      <type-interface alignment="I:2" size="I:2"><interface-ref name="MDMCTRL0" ref="0x2b6106725960" scoped=""/></type-interface>
      <instance>
        <interfacedef-ref nicename="CC2420Register" qname="CC2420Register"/>
      </instance>
      <interface-functions>
        <function-ref name="read" ref="0x2b6106725ce0" scoped=""/>
        <function-ref name="write" ref="0x2b6106725e70" scoped=""/>
      </interface-functions>
    </interface><interface loc="72:/opt/tinyos-release-tinyos-2_1_2//tos/chips/cc2420/spi/CC2420SpiC.nc" name="SECCTRL1" provided="1" ref="0x2b6106720cb0">
      <component-ref nicename="CC2420SpiC" qname="CC2420SpiC"/>
      <type-interface alignment="I:2" size="I:2"><interface-ref name="SECCTRL1" ref="0x2b6106720cb0" scoped=""/></type-interface>
      <instance>
        <interfacedef-ref nicename="CC2420Register" qname="CC2420Register"/>
      </instance>
      <interface-functions>
        <function-ref name="read" ref="0x2b610671f0a0" scoped=""/>
        <function-ref name="write" ref="0x2b610671f230" scoped=""/>
      </interface-functions>
    </interface><interface loc="73:/opt/tinyos-release-tinyos-2_1_2//tos/chips/cc2420/spi/CC2420SpiC.nc" name="BATTMON" provided="1" ref="0x2b610671f5e0">
      <component-ref nicename="CC2420SpiC" qname="CC2420SpiC"/>
      <type-interface alignment="I:2" size="I:2"><interface-ref name="BATTMON" ref="0x2b610671f5e0" scoped=""/></type-interface>
      <instance>
        <interfacedef-ref nicename="CC2420Register" qname="CC2420Register"/>
      </instance>
      <interface-functions>
        <function-ref name="read" ref="0x2b610671f960" scoped=""/>
        <function-ref name="write" ref="0x2b610671faf0" scoped=""/>
      </interface-functions>
    </interface><interface loc="94:/opt/tinyos-release-tinyos-2_1_2//tos/chips/cc2420/spi/CC2420SpiC.nc" name="RXNONCE" provided="1" ref="0x2b610675a020">
      <component-ref nicename="CC2420SpiC" qname="CC2420SpiC"/>
      <type-interface alignment="I:2" size="I:2"><interface-ref name="RXNONCE" ref="0x2b610675a020" scoped=""/></type-interface>
      <instance>
        <interfacedef-ref nicename="CC2420Ram" qname="CC2420Ram"/>
      </instance>
      <interface-functions>
        <function-ref name="read" ref="0x2b610675a3a0" scoped=""/>
        <function-ref name="write" ref="0x2b610675a530" scoped=""/>
      </interface-functions>
    </interface><interface loc="90:/opt/tinyos-release-tinyos-2_1_2//tos/chips/cc2420/spi/CC2420SpiC.nc" name="KEY0" provided="1" ref="0x2b6106716c30">
      <component-ref nicename="CC2420SpiC" qname="CC2420SpiC"/>
      <type-interface alignment="I:2" size="I:2"><interface-ref name="KEY0" ref="0x2b6106716c30" scoped=""/></type-interface>
      <instance>
        <interfacedef-ref nicename="CC2420Ram" qname="CC2420Ram"/>
      </instance>
      <interface-functions>
        <function-ref name="read" ref="0x2b610675c020" scoped=""/>
        <function-ref name="write" ref="0x2b610675c1b0" scoped=""/>
      </interface-functions>
    </interface><interface loc="50:/opt/tinyos-release-tinyos-2_1_2//tos/chips/cc2420/spi/CC2420SpiC.nc" name="STXONCCA" provided="1" ref="0x2b610672b590">
      <component-ref nicename="CC2420SpiC" qname="CC2420SpiC"/>
      <type-interface alignment="I:2" size="I:2"><interface-ref name="STXONCCA" ref="0x2b610672b590" scoped=""/></type-interface>
      <instance>
        <interfacedef-ref nicename="CC2420Strobe" qname="CC2420Strobe"/>
      </instance>
      <interface-functions>
        <function-ref name="strobe" ref="0x2b610672b910" scoped=""/>
      </interface-functions>
    </interface><interface loc="88:/opt/tinyos-release-tinyos-2_1_2//tos/chips/cc2420/spi/CC2420SpiC.nc" name="TXFIFO_RAM" provided="1" ref="0x2b6106717a70">
      <component-ref nicename="CC2420SpiC" qname="CC2420SpiC"/>
      <type-interface alignment="I:2" size="I:2"><interface-ref name="TXFIFO_RAM" ref="0x2b6106717a70" scoped=""/></type-interface>
      <instance>
        <interfacedef-ref nicename="CC2420Ram" qname="CC2420Ram"/>
      </instance>
      <interface-functions>
        <function-ref name="read" ref="0x2b6106717df0" scoped=""/>
        <function-ref name="write" ref="0x2b6106716020" scoped=""/>
      </interface-functions>
    </interface><interface loc="65:/opt/tinyos-release-tinyos-2_1_2//tos/chips/cc2420/spi/CC2420SpiC.nc" name="RSSI" provided="1" ref="0x2b6106724b00">
      <component-ref nicename="CC2420SpiC" qname="CC2420SpiC"/>
      <type-interface alignment="I:2" size="I:2"><interface-ref name="RSSI" ref="0x2b6106724b00" scoped=""/></type-interface>
      <instance>
        <interfacedef-ref nicename="CC2420Register" qname="CC2420Register"/>
      </instance>
      <interface-functions>
        <function-ref name="read" ref="0x2b6106724e80" scoped=""/>
        <function-ref name="write" ref="0x2b6106723030" scoped=""/>
      </interface-functions>
    </interface><interface loc="67:/opt/tinyos-release-tinyos-2_1_2//tos/chips/cc2420/spi/CC2420SpiC.nc" name="TXCTRL" provided="1" ref="0x2b6106723ca0">
      <component-ref nicename="CC2420SpiC" qname="CC2420SpiC"/>
      <type-interface alignment="I:2" size="I:2"><interface-ref name="TXCTRL" ref="0x2b6106723ca0" scoped=""/></type-interface>
      <instance>
        <interfacedef-ref nicename="CC2420Register" qname="CC2420Register"/>
      </instance>
      <interface-functions>
        <function-ref name="read" ref="0x2b61067220a0" scoped=""/>
        <function-ref name="write" ref="0x2b6106722230" scoped=""/>
      </interface-functions>
    </interface><interface loc="79:/opt/tinyos-release-tinyos-2_1_2//tos/chips/cc2420/spi/CC2420SpiC.nc" name="MANAND" provided="1" ref="0x2b610671cc70">
      <component-ref nicename="CC2420SpiC" qname="CC2420SpiC"/>
      <type-interface alignment="I:2" size="I:2"><interface-ref name="MANAND" ref="0x2b610671cc70" scoped=""/></type-interface>
      <instance>
        <interfacedef-ref nicename="CC2420Register" qname="CC2420Register"/>
      </instance>
      <interface-functions>
        <function-ref name="read" ref="0x2b610671b020" scoped=""/>
        <function-ref name="write" ref="0x2b610671b1b0" scoped=""/>
      </interface-functions>
    </interface><interface loc="74:/opt/tinyos-release-tinyos-2_1_2//tos/chips/cc2420/spi/CC2420SpiC.nc" name="IOCFG0" provided="1" ref="0x2b610671e020">
      <component-ref nicename="CC2420SpiC" qname="CC2420SpiC"/>
      <type-interface alignment="I:2" size="I:2"><interface-ref name="IOCFG0" ref="0x2b610671e020" scoped=""/></type-interface>
      <instance>
        <interfacedef-ref nicename="CC2420Register" qname="CC2420Register"/>
      </instance>
      <interface-functions>
        <function-ref name="read" ref="0x2b610671e3a0" scoped=""/>
        <function-ref name="write" ref="0x2b610671e530" scoped=""/>
      </interface-functions>
    </interface><interface loc="42:/opt/tinyos-release-tinyos-2_1_2//tos/chips/cc2420/spi/CC2420SpiC.nc" name="ChipSpiResource" provided="1" ref="0x2b610672c740">
      <component-ref nicename="CC2420SpiC" qname="CC2420SpiC"/>
      <type-interface alignment="I:2" size="I:2"><interface-ref name="ChipSpiResource" ref="0x2b610672c740" scoped=""/></type-interface>
      <instance>
        <interfacedef-ref nicename="ChipSpiResource" qname="ChipSpiResource"/>
      </instance>
      <interface-functions>
        <function-ref name="releasing" ref="0x2b610672cac0" scoped=""/>
        <function-ref name="abortRelease" ref="0x2b610672cc50" scoped=""/>
        <function-ref name="attemptRelease" ref="0x2b610672cde0" scoped=""/>
      </interface-functions>
    </interface><interface loc="54:/opt/tinyos-release-tinyos-2_1_2//tos/chips/cc2420/spi/CC2420SpiC.nc" name="SFLUSHTX" provided="1" ref="0x2b61067293d0">
      <component-ref nicename="CC2420SpiC" qname="CC2420SpiC"/>
      <type-interface alignment="I:2" size="I:2"><interface-ref name="SFLUSHTX" ref="0x2b61067293d0" scoped=""/></type-interface>
      <instance>
        <interfacedef-ref nicename="CC2420Strobe" qname="CC2420Strobe"/>
      </instance>
      <interface-functions>
        <function-ref name="strobe" ref="0x2b6106729750" scoped=""/>
      </interface-functions>
    </interface><interface loc="55:/opt/tinyos-release-tinyos-2_1_2//tos/chips/cc2420/spi/CC2420SpiC.nc" name="SACK" provided="1" ref="0x2b6106729ad0">
      <component-ref nicename="CC2420SpiC" qname="CC2420SpiC"/>
      <type-interface alignment="I:2" size="I:2"><interface-ref name="SACK" ref="0x2b6106729ad0" scoped=""/></type-interface>
      <instance>
        <interfacedef-ref nicename="CC2420Strobe" qname="CC2420Strobe"/>
      </instance>
      <interface-functions>
        <function-ref name="strobe" ref="0x2b6106728020" scoped=""/>
      </interface-functions>
    </interface><interface loc="56:/opt/tinyos-release-tinyos-2_1_2//tos/chips/cc2420/spi/CC2420SpiC.nc" name="SACKPEND" provided="1" ref="0x2b61067283d0">
      <component-ref nicename="CC2420SpiC" qname="CC2420SpiC"/>
      <type-interface alignment="I:2" size="I:2"><interface-ref name="SACKPEND" ref="0x2b61067283d0" scoped=""/></type-interface>
      <instance>
        <interfacedef-ref nicename="CC2420Strobe" qname="CC2420Strobe"/>
      </instance>
      <interface-functions>
        <function-ref name="strobe" ref="0x2b6106728750" scoped=""/>
      </interface-functions>
    </interface><interface loc="89:/opt/tinyos-release-tinyos-2_1_2//tos/chips/cc2420/spi/CC2420SpiC.nc" name="RXFIFO_RAM" provided="1" ref="0x2b61067163c0">
      <component-ref nicename="CC2420SpiC" qname="CC2420SpiC"/>
      <type-interface alignment="I:2" size="I:2"><interface-ref name="RXFIFO_RAM" ref="0x2b61067163c0" scoped=""/></type-interface>
      <instance>
        <interfacedef-ref nicename="CC2420Ram" qname="CC2420Ram"/>
      </instance>
      <interface-functions>
        <function-ref name="read" ref="0x2b6106716740" scoped=""/>
        <function-ref name="write" ref="0x2b61067168d0" scoped=""/>
      </interface-functions>
    </interface><interface loc="52:/opt/tinyos-release-tinyos-2_1_2//tos/chips/cc2420/spi/CC2420SpiC.nc" name="SXOSCOFF" provided="1" ref="0x2b610672a450">
      <component-ref nicename="CC2420SpiC" qname="CC2420SpiC"/>
      <type-interface alignment="I:2" size="I:2"><interface-ref name="SXOSCOFF" ref="0x2b610672a450" scoped=""/></type-interface>
      <instance>
        <interfacedef-ref nicename="CC2420Strobe" qname="CC2420Strobe"/>
      </instance>
      <interface-functions>
        <function-ref name="strobe" ref="0x2b610672a7d0" scoped=""/>
      </interface-functions>
    </interface><interface loc="66:/opt/tinyos-release-tinyos-2_1_2//tos/chips/cc2420/spi/CC2420SpiC.nc" name="SYNCWORD" provided="1" ref="0x2b61067233f0">
      <component-ref nicename="CC2420SpiC" qname="CC2420SpiC"/>
      <type-interface alignment="I:2" size="I:2"><interface-ref name="SYNCWORD" ref="0x2b61067233f0" scoped=""/></type-interface>
      <instance>
        <interfacedef-ref nicename="CC2420Register" qname="CC2420Register"/>
      </instance>
      <interface-functions>
        <function-ref name="read" ref="0x2b6106723770" scoped=""/>
        <function-ref name="write" ref="0x2b6106723900" scoped=""/>
      </interface-functions>
    </interface><interface loc="64:/opt/tinyos-release-tinyos-2_1_2//tos/chips/cc2420/spi/CC2420SpiC.nc" name="MDMCTRL1" provided="1" ref="0x2b6106724260">
      <component-ref nicename="CC2420SpiC" qname="CC2420SpiC"/>
      <type-interface alignment="I:2" size="I:2"><interface-ref name="MDMCTRL1" ref="0x2b6106724260" scoped=""/></type-interface>
      <instance>
        <interfacedef-ref nicename="CC2420Register" qname="CC2420Register"/>
      </instance>
      <interface-functions>
        <function-ref name="read" ref="0x2b61067245e0" scoped=""/>
        <function-ref name="write" ref="0x2b6106724770" scoped=""/>
      </interface-functions>
    </interface><interface loc="46:/opt/tinyos-release-tinyos-2_1_2//tos/chips/cc2420/spi/CC2420SpiC.nc" name="SXOSCON" provided="1" ref="0x2b61067308d0">
      <component-ref nicename="CC2420SpiC" qname="CC2420SpiC"/>
      <type-interface alignment="I:2" size="I:2"><interface-ref name="SXOSCON" ref="0x2b61067308d0" scoped=""/></type-interface>
      <instance>
        <interfacedef-ref nicename="CC2420Strobe" qname="CC2420Strobe"/>
      </instance>
      <interface-functions>
        <function-ref name="strobe" ref="0x2b6106730c50" scoped=""/>
      </interface-functions>
    </interface><interface loc="93:/opt/tinyos-release-tinyos-2_1_2//tos/chips/cc2420/spi/CC2420SpiC.nc" name="TXNONCE" provided="1" ref="0x2b610675b690">
      <component-ref nicename="CC2420SpiC" qname="CC2420SpiC"/>
      <type-interface alignment="I:2" size="I:2"><interface-ref name="TXNONCE" ref="0x2b610675b690" scoped=""/></type-interface>
      <instance>
        <interfacedef-ref nicename="CC2420Ram" qname="CC2420Ram"/>
      </instance>
      <interface-functions>
        <function-ref name="read" ref="0x2b610675ba10" scoped=""/>
        <function-ref name="write" ref="0x2b610675bba0" scoped=""/>
      </interface-functions>
    </interface><interface loc="91:/opt/tinyos-release-tinyos-2_1_2//tos/chips/cc2420/spi/CC2420SpiC.nc" name="KEY1" provided="1" ref="0x2b610675c510">
      <component-ref nicename="CC2420SpiC" qname="CC2420SpiC"/>
      <type-interface alignment="I:2" size="I:2"><interface-ref name="KEY1" ref="0x2b610675c510" scoped=""/></type-interface>
      <instance>
        <interfacedef-ref nicename="CC2420Ram" qname="CC2420Ram"/>
      </instance>
      <interface-functions>
        <function-ref name="read" ref="0x2b610675c890" scoped=""/>
        <function-ref name="write" ref="0x2b610675ca20" scoped=""/>
      </interface-functions>
    </interface><interface loc="80:/opt/tinyos-release-tinyos-2_1_2//tos/chips/cc2420/spi/CC2420SpiC.nc" name="MANOR" provided="1" ref="0x2b610671b550">
      <component-ref nicename="CC2420SpiC" qname="CC2420SpiC"/>
      <type-interface alignment="I:2" size="I:2"><interface-ref name="MANOR" ref="0x2b610671b550" scoped=""/></type-interface>
      <instance>
        <interfacedef-ref nicename="CC2420Register" qname="CC2420Register"/>
      </instance>
      <interface-functions>
        <function-ref name="read" ref="0x2b610671b8d0" scoped=""/>
        <function-ref name="write" ref="0x2b610671ba60" scoped=""/>
      </interface-functions>
    </interface><interface loc="87:/opt/tinyos-release-tinyos-2_1_2//tos/chips/cc2420/spi/CC2420SpiC.nc" name="SHORTADR" provided="1" ref="0x2b61067171c0">
      <component-ref nicename="CC2420SpiC" qname="CC2420SpiC"/>
      <type-interface alignment="I:2" size="I:2"><interface-ref name="SHORTADR" ref="0x2b61067171c0" scoped=""/></type-interface>
      <instance>
        <interfacedef-ref nicename="CC2420Ram" qname="CC2420Ram"/>
      </instance>
      <interface-functions>
        <function-ref name="read" ref="0x2b6106717540" scoped=""/>
        <function-ref name="write" ref="0x2b61067176d0" scoped=""/>
      </interface-functions>
    </interface><interface loc="76:/opt/tinyos-release-tinyos-2_1_2//tos/chips/cc2420/spi/CC2420SpiC.nc" name="MANFIDL" provided="1" ref="0x2b610671d1e0">
      <component-ref nicename="CC2420SpiC" qname="CC2420SpiC"/>
      <type-interface alignment="I:2" size="I:2"><interface-ref name="MANFIDL" ref="0x2b610671d1e0" scoped=""/></type-interface>
      <instance>
        <interfacedef-ref nicename="CC2420Register" qname="CC2420Register"/>
      </instance>
      <interface-functions>
        <function-ref name="read" ref="0x2b610671d560" scoped=""/>
        <function-ref name="write" ref="0x2b610671d6f0" scoped=""/>
      </interface-functions>
    </interface><interface loc="97:/opt/tinyos-release-tinyos-2_1_2//tos/chips/cc2420/spi/CC2420SpiC.nc" name="RXFIFO" provided="1" ref="0x2b610674fa40">
      <component-ref nicename="CC2420SpiC" qname="CC2420SpiC"/>
      <type-interface alignment="I:2" size="I:2"><interface-ref name="RXFIFO" ref="0x2b610674fa40" scoped=""/></type-interface>
      <instance>
        <interfacedef-ref nicename="CC2420Fifo" qname="CC2420Fifo"/>
      </instance>
      <interface-functions>
        <function-ref name="continueRead" ref="0x2b61067591e0" scoped=""/>
        <function-ref name="writeDone" ref="0x2b6106759370" scoped=""/>
        <function-ref name="write" ref="0x2b6106759500" scoped=""/>
        <function-ref name="beginRead" ref="0x2b6106759690" scoped=""/>
        <function-ref name="readDone" ref="0x2b6106759820" scoped=""/>
      </interface-functions>
    </interface><interface loc="45:/opt/tinyos-release-tinyos-2_1_2//tos/chips/cc2420/spi/CC2420SpiC.nc" name="SNOP" provided="1" ref="0x2b61067301b0">
      <component-ref nicename="CC2420SpiC" qname="CC2420SpiC"/>
      <type-interface alignment="I:2" size="I:2"><interface-ref name="SNOP" ref="0x2b61067301b0" scoped=""/></type-interface>
      <instance>
        <interfacedef-ref nicename="CC2420Strobe" qname="CC2420Strobe"/>
      </instance>
      <interface-functions>
        <function-ref name="strobe" ref="0x2b6106730530" scoped=""/>
      </interface-functions>
    </interface><interface loc="62:/opt/tinyos-release-tinyos-2_1_2//tos/chips/cc2420/spi/CC2420SpiC.nc" name="MAIN" provided="1" ref="0x2b6106725090">
      <component-ref nicename="CC2420SpiC" qname="CC2420SpiC"/>
      <type-interface alignment="I:2" size="I:2"><interface-ref name="MAIN" ref="0x2b6106725090" scoped=""/></type-interface>
      <instance>
        <interfacedef-ref nicename="CC2420Register" qname="CC2420Register"/>
      </instance>
      <interface-functions>
        <function-ref name="read" ref="0x2b6106725410" scoped=""/>
        <function-ref name="write" ref="0x2b61067255a0" scoped=""/>
      </interface-functions>
    </interface><interface loc="68:/opt/tinyos-release-tinyos-2_1_2//tos/chips/cc2420/spi/CC2420SpiC.nc" name="RXCTRL0" provided="1" ref="0x2b61067225e0">
      <component-ref nicename="CC2420SpiC" qname="CC2420SpiC"/>
      <type-interface alignment="I:2" size="I:2"><interface-ref name="RXCTRL0" ref="0x2b61067225e0" scoped=""/></type-interface>
      <instance>
        <interfacedef-ref nicename="CC2420Register" qname="CC2420Register"/>
      </instance>
      <interface-functions>
        <function-ref name="read" ref="0x2b6106722960" scoped=""/>
        <function-ref name="write" ref="0x2b6106722af0" scoped=""/>
      </interface-functions>
    </interface><interface loc="75:/opt/tinyos-release-tinyos-2_1_2//tos/chips/cc2420/spi/CC2420SpiC.nc" name="IOCFG1" provided="1" ref="0x2b610671e8d0">
      <component-ref nicename="CC2420SpiC" qname="CC2420SpiC"/>
      <type-interface alignment="I:2" size="I:2"><interface-ref name="IOCFG1" ref="0x2b610671e8d0" scoped=""/></type-interface>
      <instance>
        <interfacedef-ref nicename="CC2420Register" qname="CC2420Register"/>
      </instance>
      <interface-functions>
        <function-ref name="read" ref="0x2b610671ec50" scoped=""/>
        <function-ref name="write" ref="0x2b610671ede0" scoped=""/>
      </interface-functions>
    </interface><interface loc="70:/opt/tinyos-release-tinyos-2_1_2//tos/chips/cc2420/spi/CC2420SpiC.nc" name="FSCTRL" provided="1" ref="0x2b6106721ad0">
      <component-ref nicename="CC2420SpiC" qname="CC2420SpiC"/>
      <type-interface alignment="I:2" size="I:2"><interface-ref name="FSCTRL" ref="0x2b6106721ad0" scoped=""/></type-interface>
      <instance>
        <interfacedef-ref nicename="CC2420Register" qname="CC2420Register"/>
      </instance>
      <interface-functions>
        <function-ref name="read" ref="0x2b6106721e50" scoped=""/>
        <function-ref name="write" ref="0x2b6106720020" scoped=""/>
      </interface-functions>
    </interface><interface loc="48:/opt/tinyos-release-tinyos-2_1_2//tos/chips/cc2420/spi/CC2420SpiC.nc" name="SRXON" provided="1" ref="0x2b610672e730">
      <component-ref nicename="CC2420SpiC" qname="CC2420SpiC"/>
      <type-interface alignment="I:2" size="I:2"><interface-ref name="SRXON" ref="0x2b610672e730" scoped=""/></type-interface>
      <instance>
        <interfacedef-ref nicename="CC2420Strobe" qname="CC2420Strobe"/>
      </instance>
      <interface-functions>
        <function-ref name="strobe" ref="0x2b610672eab0" scoped=""/>
      </interface-functions>
    </interface><interface loc="71:/opt/tinyos-release-tinyos-2_1_2//tos/chips/cc2420/spi/CC2420SpiC.nc" name="SECCTRL0" provided="1" ref="0x2b61067203e0">
      <component-ref nicename="CC2420SpiC" qname="CC2420SpiC"/>
      <type-interface alignment="I:2" size="I:2"><interface-ref name="SECCTRL0" ref="0x2b61067203e0" scoped=""/></type-interface>
      <instance>
        <interfacedef-ref nicename="CC2420Register" qname="CC2420Register"/>
      </instance>
      <interface-functions>
        <function-ref name="read" ref="0x2b6106720760" scoped=""/>
        <function-ref name="write" ref="0x2b61067208f0" scoped=""/>
      </interface-functions>
    </interface><interface loc="41:/opt/tinyos-release-tinyos-2_1_2//tos/chips/cc2420/spi/CC2420SpiC.nc" name="Resource" provided="1" ref="0x2b6106735880">
      <component-ref nicename="CC2420SpiC" qname="CC2420SpiC"/>
      <type-interface alignment="I:2" size="I:2"><interface-ref name="Resource" ref="0x2b6106735880" scoped=""/></type-interface>
      <instance>
        <interfacedef-ref nicename="Resource" qname="Resource"/>
      </instance>
      <interface-functions>
        <function-ref name="release" ref="0x2b6106735c00" scoped=""/>
        <function-ref name="immediateRequest" ref="0x2b6106735d90" scoped=""/>
        <function-ref name="request" ref="0x2b6106732020" scoped=""/>
        <function-ref name="granted" ref="0x2b61067321b0" scoped=""/>
        <function-ref name="isOwner" ref="0x2b6106732340" scoped=""/>
      </interface-functions>
    </interface><interface loc="57:/opt/tinyos-release-tinyos-2_1_2//tos/chips/cc2420/spi/CC2420SpiC.nc" name="SRXDEC" provided="1" ref="0x2b6106728ae0">
      <component-ref nicename="CC2420SpiC" qname="CC2420SpiC"/>
      <type-interface alignment="I:2" size="I:2"><interface-ref name="SRXDEC" ref="0x2b6106728ae0" scoped=""/></type-interface>
      <instance>
        <interfacedef-ref nicename="CC2420Strobe" qname="CC2420Strobe"/>
      </instance>
      <interface-functions>
        <function-ref name="strobe" ref="0x2b6106728e60" scoped=""/>
      </interface-functions>
    </interface><interface loc="59:/opt/tinyos-release-tinyos-2_1_2//tos/chips/cc2420/spi/CC2420SpiC.nc" name="SAES" provided="1" ref="0x2b6106726920">
      <component-ref nicename="CC2420SpiC" qname="CC2420SpiC"/>
      <type-interface alignment="I:2" size="I:2"><interface-ref name="SAES" ref="0x2b6106726920" scoped=""/></type-interface>
      <instance>
        <interfacedef-ref nicename="CC2420Strobe" qname="CC2420Strobe"/>
      </instance>
      <interface-functions>
        <function-ref name="strobe" ref="0x2b6106726ca0" scoped=""/>
      </interface-functions>
    </interface><interface loc="86:/opt/tinyos-release-tinyos-2_1_2//tos/chips/cc2420/spi/CC2420SpiC.nc" name="PANID" provided="1" ref="0x2b61067188e0">
      <component-ref nicename="CC2420SpiC" qname="CC2420SpiC"/>
      <type-interface alignment="I:2" size="I:2"><interface-ref name="PANID" ref="0x2b61067188e0" scoped=""/></type-interface>
      <instance>
        <interfacedef-ref nicename="CC2420Ram" qname="CC2420Ram"/>
      </instance>
      <interface-functions>
        <function-ref name="read" ref="0x2b6106718c60" scoped=""/>
        <function-ref name="write" ref="0x2b6106718df0" scoped=""/>
      </interface-functions>
    </interface><interface loc="85:/opt/tinyos-release-tinyos-2_1_2//tos/chips/cc2420/spi/CC2420SpiC.nc" name="IEEEADR" provided="1" ref="0x2b6106718060">
      <component-ref nicename="CC2420SpiC" qname="CC2420SpiC"/>
      <type-interface alignment="I:2" size="I:2"><interface-ref name="IEEEADR" ref="0x2b6106718060" scoped=""/></type-interface>
      <instance>
        <interfacedef-ref nicename="CC2420Ram" qname="CC2420Ram"/>
      </instance>
      <interface-functions>
        <function-ref name="read" ref="0x2b61067183e0" scoped=""/>
        <function-ref name="write" ref="0x2b6106718570" scoped=""/>
      </interface-functions>
    </interface><interface loc="53:/opt/tinyos-release-tinyos-2_1_2//tos/chips/cc2420/spi/CC2420SpiC.nc" name="SFLUSHRX" provided="1" ref="0x2b610672ab80">
      <component-ref nicename="CC2420SpiC" qname="CC2420SpiC"/>
      <type-interface alignment="I:2" size="I:2"><interface-ref name="SFLUSHRX" ref="0x2b610672ab80" scoped=""/></type-interface>
      <instance>
        <interfacedef-ref nicename="CC2420Strobe" qname="CC2420Strobe"/>
      </instance>
      <interface-functions>
        <function-ref name="strobe" ref="0x2b6106729020" scoped=""/>
      </interface-functions>
    </interface><interface loc="82:/opt/tinyos-release-tinyos-2_1_2//tos/chips/cc2420/spi/CC2420SpiC.nc" name="RXFIFO_REGISTER" provided="1" ref="0x2b610671a750">
      <component-ref nicename="CC2420SpiC" qname="CC2420SpiC"/>
      <type-interface alignment="I:2" size="I:2"><interface-ref name="RXFIFO_REGISTER" ref="0x2b610671a750" scoped=""/></type-interface>
      <instance>
        <interfacedef-ref nicename="CC2420Register" qname="CC2420Register"/>
      </instance>
      <interface-functions>
        <function-ref name="read" ref="0x2b610671aad0" scoped=""/>
        <function-ref name="write" ref="0x2b610671ac60" scoped=""/>
      </interface-functions>
    </interface><interface loc="92:/opt/tinyos-release-tinyos-2_1_2//tos/chips/cc2420/spi/CC2420SpiC.nc" name="SABUF" provided="1" ref="0x2b610675cd90">
      <component-ref nicename="CC2420SpiC" qname="CC2420SpiC"/>
      <type-interface alignment="I:2" size="I:2"><interface-ref name="SABUF" ref="0x2b610675cd90" scoped=""/></type-interface>
      <instance>
        <interfacedef-ref nicename="CC2420Ram" qname="CC2420Ram"/>
      </instance>
      <interface-functions>
        <function-ref name="read" ref="0x2b610675b180" scoped=""/>
        <function-ref name="write" ref="0x2b610675b310" scoped=""/>
      </interface-functions>
    </interface><interface loc="81:/opt/tinyos-release-tinyos-2_1_2//tos/chips/cc2420/spi/CC2420SpiC.nc" name="AGCCTRL" provided="1" ref="0x2b610671be10">
      <component-ref nicename="CC2420SpiC" qname="CC2420SpiC"/>
      <type-interface alignment="I:2" size="I:2"><interface-ref name="AGCCTRL" ref="0x2b610671be10" scoped=""/></type-interface>
      <instance>
        <interfacedef-ref nicename="CC2420Register" qname="CC2420Register"/>
      </instance>
      <interface-functions>
        <function-ref name="read" ref="0x2b610671a1c0" scoped=""/>
        <function-ref name="write" ref="0x2b610671a350" scoped=""/>
      </interface-functions>
    </interface><interface loc="49:/opt/tinyos-release-tinyos-2_1_2//tos/chips/cc2420/spi/CC2420SpiC.nc" name="STXON" provided="1" ref="0x2b610672ee40">
      <component-ref nicename="CC2420SpiC" qname="CC2420SpiC"/>
      <type-interface alignment="I:2" size="I:2"><interface-ref name="STXON" ref="0x2b610672ee40" scoped=""/></type-interface>
      <instance>
        <interfacedef-ref nicename="CC2420Strobe" qname="CC2420Strobe"/>
      </instance>
      <interface-functions>
        <function-ref name="strobe" ref="0x2b610672b1e0" scoped=""/>
      </interface-functions>
    </interface><interface loc="78:/opt/tinyos-release-tinyos-2_1_2//tos/chips/cc2420/spi/CC2420SpiC.nc" name="FSMTC" provided="1" ref="0x2b610671c3c0">
      <component-ref nicename="CC2420SpiC" qname="CC2420SpiC"/>
      <type-interface alignment="I:2" size="I:2"><interface-ref name="FSMTC" ref="0x2b610671c3c0" scoped=""/></type-interface>
      <instance>
        <interfacedef-ref nicename="CC2420Register" qname="CC2420Register"/>
      </instance>
      <interface-functions>
        <function-ref name="read" ref="0x2b610671c740" scoped=""/>
        <function-ref name="write" ref="0x2b610671c8d0" scoped=""/>
      </interface-functions>
    </interface><interface loc="51:/opt/tinyos-release-tinyos-2_1_2//tos/chips/cc2420/spi/CC2420SpiC.nc" name="SRFOFF" provided="1" ref="0x2b610672bca0">
      <component-ref nicename="CC2420SpiC" qname="CC2420SpiC"/>
      <type-interface alignment="I:2" size="I:2"><interface-ref name="SRFOFF" ref="0x2b610672bca0" scoped=""/></type-interface>
      <instance>
        <interfacedef-ref nicename="CC2420Strobe" qname="CC2420Strobe"/>
      </instance>
      <interface-functions>
        <function-ref name="strobe" ref="0x2b610672a0a0" scoped=""/>
      </interface-functions>
    </interface><interface loc="77:/opt/tinyos-release-tinyos-2_1_2//tos/chips/cc2420/spi/CC2420SpiC.nc" name="MANFIDH" provided="1" ref="0x2b610671daa0">
      <component-ref nicename="CC2420SpiC" qname="CC2420SpiC"/>
      <type-interface alignment="I:2" size="I:2"><interface-ref name="MANFIDH" ref="0x2b610671daa0" scoped=""/></type-interface>
      <instance>
        <interfacedef-ref nicename="CC2420Register" qname="CC2420Register"/>
      </instance>
      <interface-functions>
        <function-ref name="read" ref="0x2b610671de20" scoped=""/>
        <function-ref name="write" ref="0x2b610671c020" scoped=""/>
      </interface-functions>
    </interface><interface loc="58:/opt/tinyos-release-tinyos-2_1_2//tos/chips/cc2420/spi/CC2420SpiC.nc" name="STXENC" provided="1" ref="0x2b6106726220">
      <component-ref nicename="CC2420SpiC" qname="CC2420SpiC"/>
      <type-interface alignment="I:2" size="I:2"><interface-ref name="STXENC" ref="0x2b6106726220" scoped=""/></type-interface>
      <instance>
        <interfacedef-ref nicename="CC2420Strobe" qname="CC2420Strobe"/>
      </instance>
      <interface-functions>
        <function-ref name="strobe" ref="0x2b61067265a0" scoped=""/>
      </interface-functions>
    </interface><interface loc="98:/opt/tinyos-release-tinyos-2_1_2//tos/chips/cc2420/spi/CC2420SpiC.nc" name="TXFIFO" provided="1" ref="0x2b6106759ba0">
      <component-ref nicename="CC2420SpiC" qname="CC2420SpiC"/>
      <type-interface alignment="I:2" size="I:2"><interface-ref name="TXFIFO" ref="0x2b6106759ba0" scoped=""/></type-interface>
      <instance>
        <interfacedef-ref nicename="CC2420Fifo" qname="CC2420Fifo"/>
      </instance>
      <interface-functions>
        <function-ref name="continueRead" ref="0x2b6106758020" scoped=""/>
        <function-ref name="writeDone" ref="0x2b61067581b0" scoped=""/>
        <function-ref name="write" ref="0x2b6106758340" scoped=""/>
        <function-ref name="beginRead" ref="0x2b61067584d0" scoped=""/>
        <function-ref name="readDone" ref="0x2b6106758660" scoped=""/>
      </interface-functions>
    </interface></specification><referenced><interface loc="43:/opt/tinyos-release-tinyos-2_1_2//tos/chips/cc2420/spi/CC2420SpiWireC.nc" name="Reg" provided="1" ref="0x2b61067466f0">
      <component-ref nicename="CC2420SpiWireC" qname="CC2420SpiWireC"/>
      <type-interface alignment="I:2" size="I:2"><interface-ref name="Reg" ref="0x2b61067466f0" scoped=""/></type-interface>
      <instance>
        <interfacedef-ref nicename="CC2420Register" qname="CC2420Register"/>
      </instance>
      <interface-parameters>
        <type-int alignment="I:1" cname="unsigned char" size="I:1" unsigned="">
          <typename><typedef-ref name="uint8_t" ref="0x2b6104f08160"/></typename>
        </type-int>
      </interface-parameters>
      <interface-functions>
        <function-ref name="read" ref="0x2b6106746a70" scoped=""/>
        <function-ref name="write" ref="0x2b6106746c00" scoped=""/>
      </interface-functions>
    </interface><interface loc="44:/opt/tinyos-release-tinyos-2_1_2//tos/chips/cc2420/spi/CC2420SpiWireC.nc" name="Strobe" provided="1" ref="0x2b6106745510">
      <component-ref nicename="CC2420SpiWireC" qname="CC2420SpiWireC"/>
      <type-interface alignment="I:2" size="I:2"><interface-ref name="Strobe" ref="0x2b6106745510" scoped=""/></type-interface>
      <instance>
        <interfacedef-ref nicename="CC2420Strobe" qname="CC2420Strobe"/>
      </instance>
      <interface-parameters>
        <type-int alignment="I:1" cname="unsigned char" size="I:1" unsigned="">
          <typename><typedef-ref name="uint8_t" ref="0x2b6104f08160"/></typename>
        </type-int>
      </interface-parameters>
      <interface-functions>
        <function-ref name="strobe" ref="0x2b6106745890" scoped=""/>
      </interface-functions>
    </interface><interface loc="41:/opt/tinyos-release-tinyos-2_1_2//tos/chips/cc2420/spi/CC2420SpiWireC.nc" name="Fifo" provided="1" ref="0x2b61067494d0">
      <component-ref nicename="CC2420SpiWireC" qname="CC2420SpiWireC"/>
      <type-interface alignment="I:2" size="I:2"><interface-ref name="Fifo" ref="0x2b61067494d0" scoped=""/></type-interface>
      <instance>
        <interfacedef-ref nicename="CC2420Fifo" qname="CC2420Fifo"/>
      </instance>
      <interface-parameters>
        <type-int alignment="I:1" cname="unsigned char" size="I:1" unsigned="">
          <typename><typedef-ref name="uint8_t" ref="0x2b6104f08160"/></typename>
        </type-int>
      </interface-parameters>
      <interface-functions>
        <function-ref name="continueRead" ref="0x2b6106749850" scoped=""/>
        <function-ref name="writeDone" ref="0x2b61067499e0" scoped=""/>
        <function-ref name="write" ref="0x2b6106749b70" scoped=""/>
        <function-ref name="beginRead" ref="0x2b6106749d00" scoped=""/>
        <function-ref name="readDone" ref="0x2b6106748020" scoped=""/>
      </interface-functions>
    </interface><interface loc="40:/opt/tinyos-release-tinyos-2_1_2//tos/chips/cc2420/spi/CC2420SpiWireC.nc" name="ChipSpiResource" provided="1" ref="0x2b610674a4e0">
      <component-ref nicename="CC2420SpiWireC" qname="CC2420SpiWireC"/>
      <type-interface alignment="I:2" size="I:2"><interface-ref name="ChipSpiResource" ref="0x2b610674a4e0" scoped=""/></type-interface>
      <instance>
        <interfacedef-ref nicename="ChipSpiResource" qname="ChipSpiResource"/>
      </instance>
      <interface-functions>
        <function-ref name="releasing" ref="0x2b610674a860" scoped=""/>
        <function-ref name="abortRelease" ref="0x2b610674a9f0" scoped=""/>
        <function-ref name="attemptRelease" ref="0x2b610674ab80" scoped=""/>
      </interface-functions>
    </interface><interface loc="42:/opt/tinyos-release-tinyos-2_1_2//tos/chips/cc2420/spi/CC2420SpiWireC.nc" name="Ram" provided="1" ref="0x2b61067488c0">
      <component-ref nicename="CC2420SpiWireC" qname="CC2420SpiWireC"/>
      <type-interface alignment="I:2" size="I:2"><interface-ref name="Ram" ref="0x2b61067488c0" scoped=""/></type-interface>
      <instance>
        <interfacedef-ref nicename="CC2420Ram" qname="CC2420Ram"/>
      </instance>
      <interface-parameters>
        <type-int alignment="I:2" cname="unsigned int" size="I:2" unsigned="">
          <typename><typedef-ref name="uint16_t" ref="0x2b6104f08520"/></typename>
        </type-int>
      </interface-parameters>
      <interface-functions>
        <function-ref name="read" ref="0x2b6106748c40" scoped=""/>
        <function-ref name="write" ref="0x2b6106748dd0" scoped=""/>
      </interface-functions>
    </interface><interface loc="39:/opt/tinyos-release-tinyos-2_1_2//tos/chips/cc2420/spi/CC2420SpiWireC.nc" name="Resource" provided="1" ref="0x2b610674b660">
      <component-ref nicename="CC2420SpiWireC" qname="CC2420SpiWireC"/>
      <type-interface alignment="I:2" size="I:2"><interface-ref name="Resource" ref="0x2b610674b660" scoped=""/></type-interface>
      <instance>
        <interfacedef-ref nicename="Resource" qname="Resource"/>
      </instance>
      <interface-parameters>
        <type-int alignment="I:1" cname="unsigned char" size="I:1" unsigned="">
          <typename><typedef-ref name="uint8_t" ref="0x2b6104f08160"/></typename>
        </type-int>
      </interface-parameters>
      <interface-functions>
        <function-ref name="release" ref="0x2b610674b9e0" scoped=""/>
        <function-ref name="immediateRequest" ref="0x2b610674bb70" scoped=""/>
        <function-ref name="request" ref="0x2b610674bd00" scoped=""/>
        <function-ref name="granted" ref="0x2b610674a020" scoped=""/>
        <function-ref name="isOwner" ref="0x2b610674a1b0" scoped=""/>
      </interface-functions>
    </interface><component loc="37:/opt/tinyos-release-tinyos-2_1_2//tos/chips/cc2420/spi/CC2420SpiWireC.nc" nicename="CC2420SpiWireC" qname="CC2420SpiWireC">
      <documentation loc="32:/opt/tinyos-release-tinyos-2_1_2//tos/chips/cc2420/spi/CC2420SpiWireC.nc">
        <short>
 </short>
        <long>
 @author Jonathan Hui &lt;jhui@archrock.com&gt;
 @version $Revision: 1.1 $ $Date: 2007-07-04 00:37:16 $
</long>
      </documentation>
      <configuration/>
      <wiring>
        <wire loc="52:/opt/tinyos-release-tinyos-2_1_2//tos/chips/cc2420/spi/CC2420SpiWireC.nc">
          <from><interface-ref name="Fifo" ref="0x2b61067494d0" scoped=""/></from>
          <to><interface-ref name="Fifo" ref="0x2b6106740bb0" scoped=""/></to>
        </wire>
        <wire loc="56:/opt/tinyos-release-tinyos-2_1_2//tos/chips/cc2420/spi/CC2420SpiWireC.nc">
          <from><interface-ref name="ChipSpiResource" ref="0x2b610674a4e0" scoped=""/></from>
          <to><interface-ref name="ChipSpiResource" ref="0x2b6106744940" scoped=""/></to>
        </wire>
        <wire loc="53:/opt/tinyos-release-tinyos-2_1_2//tos/chips/cc2420/spi/CC2420SpiWireC.nc">
          <from><interface-ref name="Ram" ref="0x2b61067488c0" scoped=""/></from>
          <to><interface-ref name="Ram" ref="0x2b610673d020" scoped=""/></to>
        </wire>
        <wire loc="54:/opt/tinyos-release-tinyos-2_1_2//tos/chips/cc2420/spi/CC2420SpiWireC.nc">
          <from><interface-ref name="Reg" ref="0x2b61067466f0" scoped=""/></from>
          <to><interface-ref name="Reg" ref="0x2b610673ddb0" scoped=""/></to>
        </wire>
        <wire loc="51:/opt/tinyos-release-tinyos-2_1_2//tos/chips/cc2420/spi/CC2420SpiWireC.nc">
          <from><interface-ref name="Resource" ref="0x2b610674b660" scoped=""/></from>
          <to><interface-ref name="Resource" ref="0x2b6106741810" scoped=""/></to>
        </wire>
        <wire loc="55:/opt/tinyos-release-tinyos-2_1_2//tos/chips/cc2420/spi/CC2420SpiWireC.nc">
          <from><interface-ref name="Strobe" ref="0x2b6106745510" scoped=""/></from>
          <to><interface-ref name="Strobe" ref="0x2b610673cba0" scoped=""/></to>
        </wire>
        <wire loc="59:/opt/tinyos-release-tinyos-2_1_2//tos/chips/cc2420/spi/CC2420SpiWireC.nc">
          <from><interface-ref name="WorkingState" ref="0x2b6106780020" scoped=""/></from>
          <to><interface-ref name="State" ref="0x2b61067a8770" scoped=""/></to>
        </wire>
        <wire loc="62:/opt/tinyos-release-tinyos-2_1_2//tos/chips/cc2420/spi/CC2420SpiWireC.nc">
          <from><interface-ref name="SpiResource" ref="0x2b610673b400" scoped=""/></from>
          <to><interface-ref name="Resource" ref="0x2b61067cfc40" scoped=""/></to>
        </wire>
        <wire loc="63:/opt/tinyos-release-tinyos-2_1_2//tos/chips/cc2420/spi/CC2420SpiWireC.nc">
          <from><interface-ref name="SpiByte" ref="0x2b6106739080" scoped=""/></from>
          <to><interface-ref name="SpiByte" ref="0x2b61067ce8f0" scoped=""/></to>
        </wire>
        <wire loc="64:/opt/tinyos-release-tinyos-2_1_2//tos/chips/cc2420/spi/CC2420SpiWireC.nc">
          <from><interface-ref name="SpiPacket" ref="0x2b6106777680" scoped=""/></from>
          <to><interface-ref name="SpiPacket" ref="0x2b6106b27020" scoped=""/></to>
        </wire>
        <wire loc="67:/opt/tinyos-release-tinyos-2_1_2//tos/chips/cc2420/spi/CC2420SpiWireC.nc">
          <from><interface-ref name="Leds" ref="0x2b6106780df0" scoped=""/></from>
          <to><interface-ref name="Leds" ref="0x2b6105f285b0" scoped=""/></to>
        </wire>
      </wiring>
    </component></referenced></component>