<?xml version="1.0" ?><component loc="46:/opt/tinyos-release-tinyos-2_1_2//tos/chips/cc2420/CC2420ActiveMessageP.nc" nicename="CC2420ActiveMessageP" qname="CC2420ActiveMessageP" safe="">
      <documentation loc="33:/opt/tinyos-release-tinyos-2_1_2//tos/chips/cc2420/CC2420ActiveMessageP.nc">
        <short>
 Active message implementation on top of the CC2420 radio.</short>
        <long>
 Active message implementation on top of the CC2420 radio. This
 implementation uses the 16-bit addressing mode of 802.15.4: the
 only additional byte it adds is the AM id byte, as the first byte
 of the data payload.

 @author Philip Levis
 @version $Revision: 1.22 $ $Date: 2010-06-29 22:07:44 $
</long>
      </documentation>
      <module/>
    <specification><interface loc="59:/opt/tinyos-release-tinyos-2_1_2//tos/chips/cc2420/CC2420ActiveMessageP.nc" name="SubReceive" provided="0" ref="0x2b6106fad690">
      <component-ref nicename="CC2420ActiveMessageP" qname="CC2420ActiveMessageP"/>
      <type-interface alignment="I:2" size="I:2"><interface-ref name="SubReceive" ref="0x2b6106fad690" scoped=""/></type-interface>
      <instance>
        <interfacedef-ref nicename="Receive" qname="Receive"/>
      </instance>
      <interface-functions>
        <function-ref name="receive" ref="0x2b6106fada10" scoped=""/>
      </interface-functions>
    </interface><interface loc="58:/opt/tinyos-release-tinyos-2_1_2//tos/chips/cc2420/CC2420ActiveMessageP.nc" name="SubSend" provided="0" ref="0x2b6106fae860">
      <component-ref nicename="CC2420ActiveMessageP" qname="CC2420ActiveMessageP"/>
      <type-interface alignment="I:2" size="I:2"><interface-ref name="SubSend" ref="0x2b6106fae860" scoped=""/></type-interface>
      <instance>
        <interfacedef-ref nicename="Send" qname="Send"/>
      </instance>
      <interface-functions>
        <function-ref name="send" ref="0x2b6106faebe0" scoped=""/>
        <function-ref name="getPayload" ref="0x2b6106faed70" scoped=""/>
        <function-ref name="maxPayloadLength" ref="0x2b6106fad020" scoped=""/>
        <function-ref name="cancel" ref="0x2b6106fad1b0" scoped=""/>
        <function-ref name="sendDone" ref="0x2b6106fad340" scoped=""/>
      </interface-functions>
    </interface><interface loc="62:/opt/tinyos-release-tinyos-2_1_2//tos/chips/cc2420/CC2420ActiveMessageP.nc" name="CC2420Config" provided="0" ref="0x2b6106fab610">
      <component-ref nicename="CC2420ActiveMessageP" qname="CC2420ActiveMessageP"/>
      <type-interface alignment="I:2" size="I:2"><interface-ref name="CC2420Config" ref="0x2b6106fab610" scoped=""/></type-interface>
      <instance>
        <interfacedef-ref nicename="CC2420Config" qname="CC2420Config"/>
      </instance>
      <interface-functions>
        <function-ref name="setAutoAck" ref="0x2b6106fab990" scoped=""/>
        <function-ref name="isAddressRecognitionEnabled" ref="0x2b6106fabb20" scoped=""/>
        <function-ref name="setAddressRecognition" ref="0x2b6106fabcb0" scoped=""/>
        <function-ref name="syncDone" ref="0x2b6106fabe40" scoped=""/>
        <function-ref name="isHwAddressRecognitionDefault" ref="0x2b6106faa020" scoped=""/>
        <function-ref name="setShortAddr" ref="0x2b6106faa1b0" scoped=""/>
        <function-ref name="setChannel" ref="0x2b6106faa340" scoped=""/>
        <function-ref name="isAutoAckEnabled" ref="0x2b6106faa4d0" scoped=""/>
        <function-ref name="setPanAddr" ref="0x2b6106faa660" scoped=""/>
        <function-ref name="isHwAutoAckDefault" ref="0x2b6106faa7f0" scoped=""/>
        <function-ref name="getExtAddr" ref="0x2b6106faa980" scoped=""/>
        <function-ref name="getShortAddr" ref="0x2b6106faab10" scoped=""/>
        <function-ref name="sync" ref="0x2b6106faaca0" scoped=""/>
        <function-ref name="getChannel" ref="0x2b6106fa9020" scoped=""/>
        <function-ref name="getPanAddr" ref="0x2b6106fa91b0" scoped=""/>
      </interface-functions>
    </interface><interface loc="54:/opt/tinyos-release-tinyos-2_1_2//tos/chips/cc2420/CC2420ActiveMessageP.nc" name="RadioBackoff" provided="1" ref="0x2b6106faf8b0">
      <component-ref nicename="CC2420ActiveMessageP" qname="CC2420ActiveMessageP"/>
      <type-interface alignment="I:2" size="I:2"><interface-ref name="RadioBackoff" ref="0x2b6106faf8b0" scoped=""/></type-interface>
      <instance>
        <interfacedef-ref nicename="RadioBackoff" qname="RadioBackoff"/>
      </instance>
      <interface-parameters>
        <type-int alignment="I:1" cname="unsigned char" size="I:1" unsigned="">
          <typename><typedef-ref name="am_id_t" ref="0x2b6105d4adc0"/></typename>
        </type-int>
      </interface-parameters>
      <interface-functions>
        <function-ref name="requestCca" ref="0x2b6106fafc30" scoped=""/>
        <function-ref name="requestInitialBackoff" ref="0x2b6106fafdc0" scoped=""/>
        <function-ref name="setCongestionBackoff" ref="0x2b6106fae020" scoped=""/>
        <function-ref name="setInitialBackoff" ref="0x2b6106fae1b0" scoped=""/>
        <function-ref name="setCca" ref="0x2b6106fae340" scoped=""/>
        <function-ref name="requestCongestionBackoff" ref="0x2b6106fae4d0" scoped=""/>
      </interface-functions>
    </interface><interface loc="53:/opt/tinyos-release-tinyos-2_1_2//tos/chips/cc2420/CC2420ActiveMessageP.nc" name="SendNotifier" provided="1" ref="0x2b6106fb0ce0">
      <component-ref nicename="CC2420ActiveMessageP" qname="CC2420ActiveMessageP"/>
      <type-interface alignment="I:2" size="I:2"><interface-ref name="SendNotifier" ref="0x2b6106fb0ce0" scoped=""/></type-interface>
      <instance>
        <interfacedef-ref nicename="SendNotifier" qname="SendNotifier"/>
      </instance>
      <interface-parameters>
        <type-int alignment="I:1" cname="unsigned char" size="I:1" unsigned="">
          <typename><typedef-ref name="am_id_t" ref="0x2b6105d4adc0"/></typename>
        </type-int>
      </interface-parameters>
      <interface-functions>
        <function-ref name="aboutToSend" ref="0x2b6106faf0a0" scoped=""/>
      </interface-functions>
    </interface><interface loc="64:/opt/tinyos-release-tinyos-2_1_2//tos/chips/cc2420/CC2420ActiveMessageP.nc" name="SubBackoff" provided="0" ref="0x2b6106fa81f0">
      <component-ref nicename="CC2420ActiveMessageP" qname="CC2420ActiveMessageP"/>
      <type-interface alignment="I:2" size="I:2"><interface-ref name="SubBackoff" ref="0x2b6106fa81f0" scoped=""/></type-interface>
      <instance>
        <interfacedef-ref nicename="RadioBackoff" qname="RadioBackoff"/>
      </instance>
      <interface-functions>
        <function-ref name="requestCca" ref="0x2b6106fa8570" scoped=""/>
        <function-ref name="requestInitialBackoff" ref="0x2b6106fa8700" scoped=""/>
        <function-ref name="setCongestionBackoff" ref="0x2b6106fa8890" scoped=""/>
        <function-ref name="setInitialBackoff" ref="0x2b6106fa8a20" scoped=""/>
        <function-ref name="setCca" ref="0x2b6106fa8bb0" scoped=""/>
        <function-ref name="requestCongestionBackoff" ref="0x2b6106fa8d40" scoped=""/>
      </interface-functions>
    </interface><interface loc="52:/opt/tinyos-release-tinyos-2_1_2//tos/chips/cc2420/CC2420ActiveMessageP.nc" name="Packet" provided="1" ref="0x2b6106fb1a80">
      <component-ref nicename="CC2420ActiveMessageP" qname="CC2420ActiveMessageP"/>
      <type-interface alignment="I:2" size="I:2"><interface-ref name="Packet" ref="0x2b6106fb1a80" scoped=""/></type-interface>
      <instance>
        <interfacedef-ref nicename="Packet" qname="Packet"/>
      </instance>
      <interface-functions>
        <function-ref name="clear" ref="0x2b6106fb1e00" scoped=""/>
        <function-ref name="payloadLength" ref="0x2b6106fb0020" scoped=""/>
        <function-ref name="getPayload" ref="0x2b6106fb01b0" scoped=""/>
        <function-ref name="maxPayloadLength" ref="0x2b6106fb0340" scoped=""/>
        <function-ref name="setPayloadLength" ref="0x2b6106fb04d0" scoped=""/>
      </interface-functions>
    </interface><interface loc="48:/opt/tinyos-release-tinyos-2_1_2//tos/chips/cc2420/CC2420ActiveMessageP.nc" name="AMSend" provided="1" ref="0x2b6106fb5020">
      <component-ref nicename="CC2420ActiveMessageP" qname="CC2420ActiveMessageP"/>
      <type-interface alignment="I:2" size="I:2"><interface-ref name="AMSend" ref="0x2b6106fb5020" scoped=""/></type-interface>
      <instance>
        <interfacedef-ref nicename="AMSend" qname="AMSend"/>
      </instance>
      <interface-parameters>
        <type-int alignment="I:1" cname="unsigned char" size="I:1" unsigned="">
          <typename><typedef-ref name="am_id_t" ref="0x2b6105d4adc0"/></typename>
        </type-int>
      </interface-parameters>
      <interface-functions>
        <function-ref name="send" ref="0x2b6106fb53a0" scoped=""/>
        <function-ref name="getPayload" ref="0x2b6106fb5530" scoped=""/>
        <function-ref name="maxPayloadLength" ref="0x2b6106fb56c0" scoped=""/>
        <function-ref name="cancel" ref="0x2b6106fb5850" scoped=""/>
        <function-ref name="sendDone" ref="0x2b6106fb59e0" scoped=""/>
      </interface-functions>
    </interface><interface loc="50:/opt/tinyos-release-tinyos-2_1_2//tos/chips/cc2420/CC2420ActiveMessageP.nc" name="Snoop" provided="1" ref="0x2b6106fb4df0">
      <component-ref nicename="CC2420ActiveMessageP" qname="CC2420ActiveMessageP"/>
      <type-interface alignment="I:2" size="I:2"><interface-ref name="Snoop" ref="0x2b6106fb4df0" scoped=""/></type-interface>
      <instance>
        <interfacedef-ref nicename="Receive" qname="Receive"/>
      </instance>
      <interface-parameters>
        <type-int alignment="I:1" cname="unsigned char" size="I:1" unsigned="">
          <typename><typedef-ref name="am_id_t" ref="0x2b6105d4adc0"/></typename>
        </type-int>
      </interface-parameters>
      <interface-functions>
        <function-ref name="receive" ref="0x2b6106fb21c0" scoped=""/>
      </interface-functions>
    </interface><interface loc="60:/opt/tinyos-release-tinyos-2_1_2//tos/chips/cc2420/CC2420ActiveMessageP.nc" name="CC2420Packet" provided="0" ref="0x2b6106fadce0">
      <component-ref nicename="CC2420ActiveMessageP" qname="CC2420ActiveMessageP"/>
      <type-interface alignment="I:2" size="I:2"><interface-ref name="CC2420Packet" ref="0x2b6106fadce0" scoped=""/></type-interface>
      <instance>
        <interfacedef-ref nicename="CC2420Packet" qname="CC2420Packet"/>
      </instance>
      <interface-functions>
        <function-ref name="setPower" ref="0x2b6106fac0a0" scoped=""/>
        <function-ref name="setNetwork" ref="0x2b6106fac230" scoped=""/>
        <function-ref name="getRssi" ref="0x2b6106fac3c0" scoped=""/>
        <function-ref name="getNetwork" ref="0x2b6106fac550" scoped=""/>
        <function-ref name="getPower" ref="0x2b6106fac6e0" scoped=""/>
        <function-ref name="getLqi" ref="0x2b6106fac870" scoped=""/>
      </interface-functions>
    </interface><interface loc="63:/opt/tinyos-release-tinyos-2_1_2//tos/chips/cc2420/CC2420ActiveMessageP.nc" name="ActiveMessageAddress" provided="0" ref="0x2b6106fa94d0">
      <component-ref nicename="CC2420ActiveMessageP" qname="CC2420ActiveMessageP"/>
      <type-interface alignment="I:2" size="I:2"><interface-ref name="ActiveMessageAddress" ref="0x2b6106fa94d0" scoped=""/></type-interface>
      <instance>
        <interfacedef-ref nicename="ActiveMessageAddress" qname="ActiveMessageAddress"/>
      </instance>
      <interface-functions>
        <function-ref name="amAddress" ref="0x2b6106fa9950" scoped=""/>
        <function-ref name="changed" ref="0x2b6106fa9ae0" scoped=""/>
        <function-ref name="amGroup" ref="0x2b6106fa9c70" scoped=""/>
        <function-ref name="setAddress" ref="0x2b6106fa9e00" scoped=""/>
      </interface-functions>
    </interface><interface loc="61:/opt/tinyos-release-tinyos-2_1_2//tos/chips/cc2420/CC2420ActiveMessageP.nc" name="CC2420PacketBody" provided="0" ref="0x2b6106facb70">
      <component-ref nicename="CC2420ActiveMessageP" qname="CC2420ActiveMessageP"/>
      <type-interface alignment="I:2" size="I:2"><interface-ref name="CC2420PacketBody" ref="0x2b6106facb70" scoped=""/></type-interface>
      <instance>
        <interfacedef-ref nicename="CC2420PacketBody" qname="CC2420PacketBody"/>
      </instance>
      <interface-functions>
        <function-ref name="getPayload" ref="0x2b6106fab020" scoped=""/>
        <function-ref name="getHeader" ref="0x2b6106fab1b0" scoped=""/>
        <function-ref name="getMetadata" ref="0x2b6106fab340" scoped=""/>
      </interface-functions>
    </interface><interface loc="49:/opt/tinyos-release-tinyos-2_1_2//tos/chips/cc2420/CC2420ActiveMessageP.nc" name="Receive" provided="1" ref="0x2b6106fb4210">
      <component-ref nicename="CC2420ActiveMessageP" qname="CC2420ActiveMessageP"/>
      <type-interface alignment="I:2" size="I:2"><interface-ref name="Receive" ref="0x2b6106fb4210" scoped=""/></type-interface>
      <instance>
        <interfacedef-ref nicename="Receive" qname="Receive"/>
      </instance>
      <interface-parameters>
        <type-int alignment="I:1" cname="unsigned char" size="I:1" unsigned="">
          <typename><typedef-ref name="am_id_t" ref="0x2b6105d4adc0"/></typename>
        </type-int>
      </interface-parameters>
      <interface-functions>
        <function-ref name="receive" ref="0x2b6106fb4590" scoped=""/>
      </interface-functions>
    </interface><interface loc="67:/opt/tinyos-release-tinyos-2_1_2//tos/chips/cc2420/CC2420ActiveMessageP.nc" name="Leds" provided="0" ref="0x2b6106fa6d30">
      <component-ref nicename="CC2420ActiveMessageP" qname="CC2420ActiveMessageP"/>
      <type-interface alignment="I:2" size="I:2"><interface-ref name="Leds" ref="0x2b6106fa6d30" scoped=""/></type-interface>
      <instance>
        <interfacedef-ref nicename="Leds" qname="Leds"/>
      </instance>
      <interface-functions>
        <function-ref name="led0Off" ref="0x2b6106fa50e0" scoped=""/>
        <function-ref name="led0Toggle" ref="0x2b6106fa5270" scoped=""/>
        <function-ref name="led1On" ref="0x2b6106fa5400" scoped=""/>
        <function-ref name="led1Toggle" ref="0x2b6106fa5590" scoped=""/>
        <function-ref name="led2Toggle" ref="0x2b6106fa5720" scoped=""/>
        <function-ref name="get" ref="0x2b6106fa58b0" scoped=""/>
        <function-ref name="led1Off" ref="0x2b6106fa5a40" scoped=""/>
        <function-ref name="led2Off" ref="0x2b6106fa41b0" scoped=""/>
        <function-ref name="set" ref="0x2b6106fa5bd0" scoped=""/>
        <function-ref name="led0On" ref="0x2b6106fa5d60" scoped=""/>
        <function-ref name="led2On" ref="0x2b6106fa4020" scoped=""/>
      </interface-functions>
    </interface><interface loc="51:/opt/tinyos-release-tinyos-2_1_2//tos/chips/cc2420/CC2420ActiveMessageP.nc" name="AMPacket" provided="1" ref="0x2b6106fb2470">
      <component-ref nicename="CC2420ActiveMessageP" qname="CC2420ActiveMessageP"/>
      <type-interface alignment="I:2" size="I:2"><interface-ref name="AMPacket" ref="0x2b6106fb2470" scoped=""/></type-interface>
      <instance>
        <interfacedef-ref nicename="AMPacket" qname="AMPacket"/>
      </instance>
      <interface-functions>
        <function-ref name="group" ref="0x2b6106fb27f0" scoped=""/>
        <function-ref name="source" ref="0x2b6106fb2980" scoped=""/>
        <function-ref name="address" ref="0x2b6106fb2b10" scoped=""/>
        <function-ref name="destination" ref="0x2b6106fb2ca0" scoped=""/>
        <function-ref name="setSource" ref="0x2b6106fb2e30" scoped=""/>
        <function-ref name="setDestination" ref="0x2b6106fb1020" scoped=""/>
        <function-ref name="type" ref="0x2b6106fb11b0" scoped=""/>
        <function-ref name="setType" ref="0x2b6106fb1340" scoped=""/>
        <function-ref name="isForMe" ref="0x2b6106fb14d0" scoped=""/>
        <function-ref name="setGroup" ref="0x2b6106fb1660" scoped=""/>
        <function-ref name="localGroup" ref="0x2b6106fb17f0" scoped=""/>
      </interface-functions>
    </interface><interface loc="66:/opt/tinyos-release-tinyos-2_1_2//tos/chips/cc2420/CC2420ActiveMessageP.nc" name="RadioResource" provided="0" ref="0x2b6106fa60f0">
      <component-ref nicename="CC2420ActiveMessageP" qname="CC2420ActiveMessageP"/>
      <type-interface alignment="I:2" size="I:2"><interface-ref name="RadioResource" ref="0x2b6106fa60f0" scoped=""/></type-interface>
      <instance>
        <interfacedef-ref nicename="Resource" qname="Resource"/>
      </instance>
      <interface-functions>
        <function-ref name="release" ref="0x2b6106fa6470" scoped=""/>
        <function-ref name="immediateRequest" ref="0x2b6106fa6600" scoped=""/>
        <function-ref name="request" ref="0x2b6106fa6790" scoped=""/>
        <function-ref name="granted" ref="0x2b6106fa6920" scoped=""/>
        <function-ref name="isOwner" ref="0x2b6106fa6ab0" scoped=""/>
      </interface-functions>
    </interface></specification><referenced/></component>