<?xml version="1.0" ?><component loc="44:/opt/tinyos-release-tinyos-2_1_2//tos/chips/cc2420/lowpan/CC2420TinyosNetworkP.nc" nicename="CC2420TinyosNetworkP" qname="CC2420TinyosNetworkP" safe="">
      <documentation loc="32:/opt/tinyos-release-tinyos-2_1_2//tos/chips/cc2420/lowpan/CC2420TinyosNetworkP.nc">
        <short>
 Fills in the network ID byte for outgoing packets for compatibility with
 other 6LowPAN networks.</short>
        <long>
 Fills in the network ID byte for outgoing packets for compatibility with
 other 6LowPAN networks.  Filters incoming packets that are not
 TinyOS network compatible.  Provides the 6LowpanSnoop interface to
 sniff for packets that were not originated from TinyOS.

 @author David Moss
</long>
      </documentation>
      <module/>
    <specification><interface loc="58:/opt/tinyos-release-tinyos-2_1_2//tos/chips/cc2420/lowpan/CC2420TinyosNetworkP.nc" name="SubSend" provided="0" ref="0x2b6106f0dd70">
      <component-ref nicename="CC2420TinyosNetworkP" qname="CC2420TinyosNetworkP"/>
      <type-interface alignment="I:2" size="I:2"><interface-ref name="SubSend" ref="0x2b6106f0dd70" scoped=""/></type-interface>
      <instance>
        <interfacedef-ref nicename="Send" qname="Send"/>
      </instance>
      <interface-functions>
        <function-ref name="send" ref="0x2b6106f0c180" scoped=""/>
        <function-ref name="getPayload" ref="0x2b6106f0c310" scoped=""/>
        <function-ref name="maxPayloadLength" ref="0x2b6106f0c4a0" scoped=""/>
        <function-ref name="cancel" ref="0x2b6106f0c630" scoped=""/>
        <function-ref name="sendDone" ref="0x2b6106f0c7c0" scoped=""/>
      </interface-functions>
    </interface><interface loc="59:/opt/tinyos-release-tinyos-2_1_2//tos/chips/cc2420/lowpan/CC2420TinyosNetworkP.nc" name="SubReceive" provided="0" ref="0x2b6106f0cb10">
      <component-ref nicename="CC2420TinyosNetworkP" qname="CC2420TinyosNetworkP"/>
      <type-interface alignment="I:2" size="I:2"><interface-ref name="SubReceive" ref="0x2b6106f0cb10" scoped=""/></type-interface>
      <instance>
        <interfacedef-ref nicename="Receive" qname="Receive"/>
      </instance>
      <interface-functions>
        <function-ref name="receive" ref="0x2b6106f0b020" scoped=""/>
      </interface-functions>
    </interface><interface loc="180:/opt/tinyos-release-tinyos-2_1_2//tos/chips/cc2420/lowpan/CC2420TinyosNetworkP.nc" name="grantTask" provided="0" ref="0x2b6106f44db0">
      <component-ref nicename="CC2420TinyosNetworkP" qname="CC2420TinyosNetworkP"/>
      <type-interface alignment="I:2" size="I:2"><interface-ref name="grantTask" ref="0x2b6106f44db0" scoped=""/></type-interface>
      <instance>
        <interfacedef-ref nicename="TaskBasic" qname="TaskBasic"/>
      </instance>
      <interface-functions>
        <function-ref name="postTask" ref="0x2b6106f43180" scoped=""/>
        <function-ref name="runTask" ref="0x2b6106f43310" scoped=""/>
      </interface-functions>
    </interface><interface loc="60:/opt/tinyos-release-tinyos-2_1_2//tos/chips/cc2420/lowpan/CC2420TinyosNetworkP.nc" name="CC2420Packet" provided="0" ref="0x2b6106f0b2f0">
      <component-ref nicename="CC2420TinyosNetworkP" qname="CC2420TinyosNetworkP"/>
      <type-interface alignment="I:2" size="I:2"><interface-ref name="CC2420Packet" ref="0x2b6106f0b2f0" scoped=""/></type-interface>
      <instance>
        <interfacedef-ref nicename="CC2420Packet" qname="CC2420Packet"/>
      </instance>
      <interface-functions>
        <function-ref name="setPower" ref="0x2b6106f0b670" scoped=""/>
        <function-ref name="setNetwork" ref="0x2b6106f0b800" scoped=""/>
        <function-ref name="getRssi" ref="0x2b6106f0b990" scoped=""/>
        <function-ref name="getNetwork" ref="0x2b6106f0bb20" scoped=""/>
        <function-ref name="getPower" ref="0x2b6106f0bcb0" scoped=""/>
        <function-ref name="getLqi" ref="0x2b6106f0be40" scoped=""/>
      </interface-functions>
    </interface><interface loc="51:/opt/tinyos-release-tinyos-2_1_2//tos/chips/cc2420/lowpan/CC2420TinyosNetworkP.nc" name="ActiveSend" provided="1" ref="0x2b6106f0fa20">
      <component-ref nicename="CC2420TinyosNetworkP" qname="CC2420TinyosNetworkP"/>
      <type-interface alignment="I:2" size="I:2"><interface-ref name="ActiveSend" ref="0x2b6106f0fa20" scoped=""/></type-interface>
      <instance>
        <interfacedef-ref nicename="Send" qname="Send"/>
      </instance>
      <interface-functions>
        <function-ref name="send" ref="0x2b6106f0fda0" scoped=""/>
        <function-ref name="getPayload" ref="0x2b6106f0e020" scoped=""/>
        <function-ref name="maxPayloadLength" ref="0x2b6106f0e1b0" scoped=""/>
        <function-ref name="cancel" ref="0x2b6106f0e340" scoped=""/>
        <function-ref name="sendDone" ref="0x2b6106f0e4d0" scoped=""/>
      </interface-functions>
    </interface><interface loc="62:/opt/tinyos-release-tinyos-2_1_2//tos/chips/cc2420/lowpan/CC2420TinyosNetworkP.nc" name="Queue" provided="0" ref="0x2b6106f0ab70">
      <component-ref nicename="CC2420TinyosNetworkP" qname="CC2420TinyosNetworkP"/>
      <type-interface alignment="I:2" size="I:2"><interface-ref name="Queue" ref="0x2b6106f0ab70" scoped=""/></type-interface>
      <instance>
        <interfacedef-ref nicename="ResourceQueue" qname="ResourceQueue"/>
      </instance>
      <interface-functions>
        <function-ref name="enqueue" ref="0x2b6106f09020" scoped=""/>
        <function-ref name="isEmpty" ref="0x2b6106f091b0" scoped=""/>
        <function-ref name="isEnqueued" ref="0x2b6106f09340" scoped=""/>
        <function-ref name="dequeue" ref="0x2b6106f094d0" scoped=""/>
      </interface-functions>
    </interface><interface loc="61:/opt/tinyos-release-tinyos-2_1_2//tos/chips/cc2420/lowpan/CC2420TinyosNetworkP.nc" name="CC2420PacketBody" provided="0" ref="0x2b6106f0a170">
      <component-ref nicename="CC2420TinyosNetworkP" qname="CC2420TinyosNetworkP"/>
      <type-interface alignment="I:2" size="I:2"><interface-ref name="CC2420PacketBody" ref="0x2b6106f0a170" scoped=""/></type-interface>
      <instance>
        <interfacedef-ref nicename="CC2420PacketBody" qname="CC2420PacketBody"/>
      </instance>
      <interface-functions>
        <function-ref name="getPayload" ref="0x2b6106f0a4f0" scoped=""/>
        <function-ref name="getHeader" ref="0x2b6106f0a680" scoped=""/>
        <function-ref name="getMetadata" ref="0x2b6106f0a810" scoped=""/>
      </interface-functions>
    </interface><interface loc="49:/opt/tinyos-release-tinyos-2_1_2//tos/chips/cc2420/lowpan/CC2420TinyosNetworkP.nc" name="BareReceive" provided="1" ref="0x2b6106f0f370">
      <component-ref nicename="CC2420TinyosNetworkP" qname="CC2420TinyosNetworkP"/>
      <type-interface alignment="I:2" size="I:2"><interface-ref name="BareReceive" ref="0x2b6106f0f370" scoped=""/></type-interface>
      <instance>
        <interfacedef-ref nicename="Receive" qname="Receive"/>
      </instance>
      <interface-functions>
        <function-ref name="receive" ref="0x2b6106f0f6f0" scoped=""/>
      </interface-functions>
    </interface><interface loc="46:/opt/tinyos-release-tinyos-2_1_2//tos/chips/cc2420/lowpan/CC2420TinyosNetworkP.nc" name="Resource" provided="1" ref="0x2b6106f127b0">
      <component-ref nicename="CC2420TinyosNetworkP" qname="CC2420TinyosNetworkP"/>
      <type-interface alignment="I:2" size="I:2"><interface-ref name="Resource" ref="0x2b6106f127b0" scoped=""/></type-interface>
      <instance>
        <interfacedef-ref nicename="Resource" qname="Resource"/>
      </instance>
      <interface-parameters>
        <type-int alignment="I:1" cname="unsigned char" size="I:1" unsigned="">
          <typename><typedef-ref name="uint8_t" ref="0x2b6104f08160"/></typename>
        </type-int>
      </interface-parameters>
      <interface-functions>
        <function-ref name="release" ref="0x2b6106f12b30" scoped=""/>
        <function-ref name="immediateRequest" ref="0x2b6106f12cc0" scoped=""/>
        <function-ref name="request" ref="0x2b6106f12e50" scoped=""/>
        <function-ref name="granted" ref="0x2b6106f11020" scoped=""/>
        <function-ref name="isOwner" ref="0x2b6106f111b0" scoped=""/>
      </interface-functions>
    </interface><interface loc="48:/opt/tinyos-release-tinyos-2_1_2//tos/chips/cc2420/lowpan/CC2420TinyosNetworkP.nc" name="BareSend" provided="1" ref="0x2b6106f114d0">
      <component-ref nicename="CC2420TinyosNetworkP" qname="CC2420TinyosNetworkP"/>
      <type-interface alignment="I:2" size="I:2"><interface-ref name="BareSend" ref="0x2b6106f114d0" scoped=""/></type-interface>
      <instance>
        <interfacedef-ref nicename="Send" qname="Send"/>
      </instance>
      <interface-functions>
        <function-ref name="send" ref="0x2b6106f11850" scoped=""/>
        <function-ref name="getPayload" ref="0x2b6106f119e0" scoped=""/>
        <function-ref name="maxPayloadLength" ref="0x2b6106f11b70" scoped=""/>
        <function-ref name="cancel" ref="0x2b6106f11d00" scoped=""/>
        <function-ref name="sendDone" ref="0x2b6106f0f020" scoped=""/>
      </interface-functions>
    </interface><interface loc="52:/opt/tinyos-release-tinyos-2_1_2//tos/chips/cc2420/lowpan/CC2420TinyosNetworkP.nc" name="ActiveReceive" provided="1" ref="0x2b6106f0e840">
      <component-ref nicename="CC2420TinyosNetworkP" qname="CC2420TinyosNetworkP"/>
      <type-interface alignment="I:2" size="I:2"><interface-ref name="ActiveReceive" ref="0x2b6106f0e840" scoped=""/></type-interface>
      <instance>
        <interfacedef-ref nicename="Receive" qname="Receive"/>
      </instance>
      <interface-functions>
        <function-ref name="receive" ref="0x2b6106f0ebc0" scoped=""/>
      </interface-functions>
    </interface><interface loc="54:/opt/tinyos-release-tinyos-2_1_2//tos/chips/cc2420/lowpan/CC2420TinyosNetworkP.nc" name="BarePacket" provided="1" ref="0x2b6106f0d020">
      <component-ref nicename="CC2420TinyosNetworkP" qname="CC2420TinyosNetworkP"/>
      <type-interface alignment="I:2" size="I:2"><interface-ref name="BarePacket" ref="0x2b6106f0d020" scoped=""/></type-interface>
      <instance>
        <interfacedef-ref nicename="Packet" qname="Packet"/>
      </instance>
      <interface-functions>
        <function-ref name="clear" ref="0x2b6106f0d3a0" scoped=""/>
        <function-ref name="payloadLength" ref="0x2b6106f0d530" scoped=""/>
        <function-ref name="getPayload" ref="0x2b6106f0d6c0" scoped=""/>
        <function-ref name="maxPayloadLength" ref="0x2b6106f0d850" scoped=""/>
        <function-ref name="setPayloadLength" ref="0x2b6106f0d9e0" scoped=""/>
      </interface-functions>
    </interface></specification><referenced/></component>