<?xml version="1.0" ?><component loc="41:/opt/tinyos-release-tinyos-2_1_2//tos/chips/cc2420/CC2420RadioC.nc" nicename="CC2420RadioC" qname="CC2420RadioC">
      <documentation loc="24:/opt/tinyos-release-tinyos-2_1_2//tos/chips/cc2420/CC2420RadioC.nc">
        <short>
 Radio wiring for the CC2420.</short>
        <long>
 Radio wiring for the CC2420.  This layer seperates the common
 wiring of the lower-layer components of the CC2420 stack and makes
 them available to clients like the AM stack and the IEEE802.15.4
 stack.

 This component provides the highest-level internal interface to
 other components of the CC2420 stack.

 @author Philip Levis
 @author David Moss
 @author Stephen Dawson-Haggerty
 @version $Revision: 1.2 $ $Date: 2009/08/20 01:37:44 $
</long>
      </documentation>
      <configuration/>
      <wiring>
        <wire loc="97:/opt/tinyos-release-tinyos-2_1_2//tos/chips/cc2420/CC2420RadioC.nc">
          <from><interface-ref name="SplitControl" ref="0x2b6106400340" scoped=""/></from>
          <to><interface-ref name="SplitControl" ref="0x2b6106f7eb80" scoped=""/></to>
        </wire>
        <wire loc="86:/opt/tinyos-release-tinyos-2_1_2//tos/chips/cc2420/CC2420RadioC.nc">
          <from><interface-ref name="LinkPacketMetadata" ref="0x2b61064259d0" scoped=""/></from>
          <to><interface-ref name="LinkPacketMetadata" ref="0x2b6106deca70" scoped=""/></to>
        </wire>
        <wire loc="82:/opt/tinyos-release-tinyos-2_1_2//tos/chips/cc2420/CC2420RadioC.nc">
          <from><interface-ref name="PacketLink" ref="0x2b6106424b70" scoped=""/></from>
          <to><interface-ref name="PacketLink" ref="0x2b6106f6a020" scoped=""/></to>
        </wire>
        <wire loc="84:/opt/tinyos-release-tinyos-2_1_2//tos/chips/cc2420/CC2420RadioC.nc">
          <from><interface-ref name="CC2420Packet" ref="0x2b6106426140" scoped=""/></from>
          <to><interface-ref name="CC2420Packet" ref="0x2b6106df0680" scoped=""/></to>
        </wire>
        <wire loc="93:/opt/tinyos-release-tinyos-2_1_2//tos/chips/cc2420/CC2420RadioC.nc">
          <from><interface-ref name="ActiveSend" ref="0x2b61063f7d10" scoped=""/></from>
          <to><interface-ref name="ActiveSend" ref="0x2b6106f1aca0" scoped=""/></to>
        </wire>
        <wire loc="83:/opt/tinyos-release-tinyos-2_1_2//tos/chips/cc2420/CC2420RadioC.nc">
          <from><interface-ref name="LowPowerListening" ref="0x2b6106424080" scoped=""/></from>
          <to><interface-ref name="LowPowerListening" ref="0x2b6106f7e080" scoped=""/></to>
        </wire>
        <wire loc="90:/opt/tinyos-release-tinyos-2_1_2//tos/chips/cc2420/CC2420RadioC.nc">
          <from><interface-ref name="BareReceive" ref="0x2b61063fd820" scoped=""/></from>
          <to><interface-ref name="Receive" ref="0x2b6106f1a5f0" scoped=""/></to>
        </wire>
        <wire loc="85:/opt/tinyos-release-tinyos-2_1_2//tos/chips/cc2420/CC2420RadioC.nc">
          <from><interface-ref name="PacketAcknowledgements" ref="0x2b6106425020" scoped=""/></from>
          <to><interface-ref name="Acks" ref="0x2b6106ded6e0" scoped=""/></to>
        </wire>
        <wire loc="88:/opt/tinyos-release-tinyos-2_1_2//tos/chips/cc2420/CC2420RadioC.nc">
          <from><interface-ref name="Resource" ref="0x2b61063f9770" scoped=""/></from>
          <to><interface-ref name="Resource" ref="0x2b6106f1ccb0" scoped=""/></to>
        </wire>
        <wire loc="89:/opt/tinyos-release-tinyos-2_1_2//tos/chips/cc2420/CC2420RadioC.nc">
          <from><interface-ref name="BareSend" ref="0x2b6106428a30" scoped=""/></from>
          <to><interface-ref name="Send" ref="0x2b6106f1b960" scoped=""/></to>
        </wire>
        <wire loc="91:/opt/tinyos-release-tinyos-2_1_2//tos/chips/cc2420/CC2420RadioC.nc">
          <from><interface-ref name="BarePacket" ref="0x2b61063f7020" scoped=""/></from>
          <to><interface-ref name="BarePacket" ref="0x2b6106f18170" scoped=""/></to>
        </wire>
        <wire loc="94:/opt/tinyos-release-tinyos-2_1_2//tos/chips/cc2420/CC2420RadioC.nc">
          <from><interface-ref name="ActiveReceive" ref="0x2b6106427a90" scoped=""/></from>
          <to><interface-ref name="ActiveReceive" ref="0x2b6106f19a50" scoped=""/></to>
        </wire>
        <wire loc="98:/opt/tinyos-release-tinyos-2_1_2//tos/chips/cc2420/CC2420RadioC.nc">
          <from><interface-ref name="SubControl" ref="0x2b6106f7bd90" scoped=""/></from>
          <to><interface-ref name="SplitControl" ref="0x2b61064203b0" scoped=""/></to>
        </wire>
        <wire loc="101:/opt/tinyos-release-tinyos-2_1_2//tos/chips/cc2420/CC2420RadioC.nc">
          <from><interface-ref name="SubSend" ref="0x2b6106f176b0" scoped=""/></from>
          <to><interface-ref name="Send" ref="0x2b6106e9d260" scoped=""/></to>
        </wire>
        <wire loc="102:/opt/tinyos-release-tinyos-2_1_2//tos/chips/cc2420/CC2420RadioC.nc">
          <from><interface-ref name="SubSend" ref="0x2b6106e9c020" scoped=""/></from>
          <to><interface-ref name="Send" ref="0x2b6106f6d360" scoped=""/></to>
        </wire>
        <wire loc="103:/opt/tinyos-release-tinyos-2_1_2//tos/chips/cc2420/CC2420RadioC.nc">
          <from><interface-ref name="SubSend" ref="0x2b6106f6ad70" scoped=""/></from>
          <to><interface-ref name="Send" ref="0x2b6106f82d00" scoped=""/></to>
        </wire>
        <wire loc="104:/opt/tinyos-release-tinyos-2_1_2//tos/chips/cc2420/CC2420RadioC.nc">
          <from><interface-ref name="SubSend" ref="0x2b6106f7c860" scoped=""/></from>
          <to><interface-ref name="Send" ref="0x2b610641f020" scoped=""/></to>
        </wire>
        <wire loc="107:/opt/tinyos-release-tinyos-2_1_2//tos/chips/cc2420/CC2420RadioC.nc">
          <from><interface-ref name="SubReceive" ref="0x2b6106f17020" scoped=""/></from>
          <to><interface-ref name="Receive" ref="0x2b6106f7f980" scoped=""/></to>
        </wire>
        <wire loc="108:/opt/tinyos-release-tinyos-2_1_2//tos/chips/cc2420/CC2420RadioC.nc">
          <from><interface-ref name="SubReceive" ref="0x2b6106f7b690" scoped=""/></from>
          <to><interface-ref name="Receive" ref="0x2b6106ee8ab0" scoped=""/></to>
        </wire>
        <wire loc="109:/opt/tinyos-release-tinyos-2_1_2//tos/chips/cc2420/CC2420RadioC.nc">
          <from><interface-ref name="SubReceive" ref="0x2b6106ee5950" scoped=""/></from>
          <to><interface-ref name="Receive" ref="0x2b610641fcc0" scoped=""/></to>
        </wire>
      </wiring>
    <specification><interface loc="43:/opt/tinyos-release-tinyos-2_1_2//tos/chips/cc2420/CC2420RadioC.nc" name="SplitControl" provided="1" ref="0x2b6106400340">
      <component-ref nicename="CC2420RadioC" qname="CC2420RadioC"/>
      <type-interface alignment="I:2" size="I:2"><interface-ref name="SplitControl" ref="0x2b6106400340" scoped=""/></type-interface>
      <instance>
        <interfacedef-ref nicename="SplitControl" qname="SplitControl"/>
      </instance>
      <interface-functions>
        <function-ref name="startDone" ref="0x2b61064006c0" scoped=""/>
        <function-ref name="stopDone" ref="0x2b6106400850" scoped=""/>
        <function-ref name="start" ref="0x2b61064009e0" scoped=""/>
        <function-ref name="stop" ref="0x2b6106400b70" scoped=""/>
      </interface-functions>
    </interface><interface loc="55:/opt/tinyos-release-tinyos-2_1_2//tos/chips/cc2420/CC2420RadioC.nc" name="LinkPacketMetadata" provided="1" ref="0x2b61064259d0">
      <component-ref nicename="CC2420RadioC" qname="CC2420RadioC"/>
      <type-interface alignment="I:2" size="I:2"><interface-ref name="LinkPacketMetadata" ref="0x2b61064259d0" scoped=""/></type-interface>
      <instance>
        <interfacedef-ref nicename="LinkPacketMetadata" qname="LinkPacketMetadata"/>
      </instance>
      <interface-functions>
        <function-ref name="highChannelQuality" ref="0x2b6106425d50" scoped=""/>
      </interface-functions>
    </interface><interface loc="57:/opt/tinyos-release-tinyos-2_1_2//tos/chips/cc2420/CC2420RadioC.nc" name="PacketLink" provided="1" ref="0x2b6106424b70">
      <component-ref nicename="CC2420RadioC" qname="CC2420RadioC"/>
      <type-interface alignment="I:2" size="I:2"><interface-ref name="PacketLink" ref="0x2b6106424b70" scoped=""/></type-interface>
      <instance>
        <interfacedef-ref nicename="PacketLink" qname="PacketLink"/>
      </instance>
      <interface-functions>
        <function-ref name="getRetryDelay" ref="0x2b6106423020" scoped=""/>
        <function-ref name="setRetries" ref="0x2b61064231b0" scoped=""/>
        <function-ref name="getRetries" ref="0x2b6106423340" scoped=""/>
        <function-ref name="setRetryDelay" ref="0x2b61064234d0" scoped=""/>
        <function-ref name="wasDelivered" ref="0x2b6106423660" scoped=""/>
      </interface-functions>
    </interface><interface loc="53:/opt/tinyos-release-tinyos-2_1_2//tos/chips/cc2420/CC2420RadioC.nc" name="CC2420Packet" provided="1" ref="0x2b6106426140">
      <component-ref nicename="CC2420RadioC" qname="CC2420RadioC"/>
      <type-interface alignment="I:2" size="I:2"><interface-ref name="CC2420Packet" ref="0x2b6106426140" scoped=""/></type-interface>
      <instance>
        <interfacedef-ref nicename="CC2420Packet" qname="CC2420Packet"/>
      </instance>
      <interface-functions>
        <function-ref name="setPower" ref="0x2b61064264c0" scoped=""/>
        <function-ref name="setNetwork" ref="0x2b6106426650" scoped=""/>
        <function-ref name="getRssi" ref="0x2b61064267e0" scoped=""/>
        <function-ref name="getNetwork" ref="0x2b6106426970" scoped=""/>
        <function-ref name="getPower" ref="0x2b6106426b00" scoped=""/>
        <function-ref name="getLqi" ref="0x2b6106426c90" scoped=""/>
      </interface-functions>
    </interface><interface loc="50:/opt/tinyos-release-tinyos-2_1_2//tos/chips/cc2420/CC2420RadioC.nc" name="ActiveSend" provided="1" ref="0x2b61063f7d10">
      <component-ref nicename="CC2420RadioC" qname="CC2420RadioC"/>
      <type-interface alignment="I:2" size="I:2"><interface-ref name="ActiveSend" ref="0x2b61063f7d10" scoped=""/></type-interface>
      <instance>
        <interfacedef-ref nicename="Send" qname="Send"/>
      </instance>
      <interface-functions>
        <function-ref name="send" ref="0x2b61064270e0" scoped=""/>
        <function-ref name="getPayload" ref="0x2b6106427270" scoped=""/>
        <function-ref name="maxPayloadLength" ref="0x2b6106427400" scoped=""/>
        <function-ref name="cancel" ref="0x2b6106427590" scoped=""/>
        <function-ref name="sendDone" ref="0x2b6106427720" scoped=""/>
      </interface-functions>
    </interface><interface loc="56:/opt/tinyos-release-tinyos-2_1_2//tos/chips/cc2420/CC2420RadioC.nc" name="LowPowerListening" provided="1" ref="0x2b6106424080">
      <component-ref nicename="CC2420RadioC" qname="CC2420RadioC"/>
      <type-interface alignment="I:2" size="I:2"><interface-ref name="LowPowerListening" ref="0x2b6106424080" scoped=""/></type-interface>
      <instance>
        <interfacedef-ref nicename="LowPowerListening" qname="LowPowerListening"/>
      </instance>
      <interface-functions>
        <function-ref name="setRemoteWakeupInterval" ref="0x2b6106424400" scoped=""/>
        <function-ref name="getRemoteWakeupInterval" ref="0x2b6106424590" scoped=""/>
        <function-ref name="getLocalWakeupInterval" ref="0x2b6106424720" scoped=""/>
        <function-ref name="setLocalWakeupInterval" ref="0x2b61064248b0" scoped=""/>
      </interface-functions>
    </interface><interface loc="47:/opt/tinyos-release-tinyos-2_1_2//tos/chips/cc2420/CC2420RadioC.nc" name="BareReceive" provided="1" ref="0x2b61063fd820">
      <component-ref nicename="CC2420RadioC" qname="CC2420RadioC"/>
      <type-interface alignment="I:2" size="I:2"><interface-ref name="BareReceive" ref="0x2b61063fd820" scoped=""/></type-interface>
      <instance>
        <interfacedef-ref nicename="Receive" qname="Receive"/>
      </instance>
      <interface-functions>
        <function-ref name="receive" ref="0x2b61063fdba0" scoped=""/>
      </interface-functions>
    </interface><interface loc="54:/opt/tinyos-release-tinyos-2_1_2//tos/chips/cc2420/CC2420RadioC.nc" name="PacketAcknowledgements" provided="1" ref="0x2b6106425020">
      <component-ref nicename="CC2420RadioC" qname="CC2420RadioC"/>
      <type-interface alignment="I:2" size="I:2"><interface-ref name="PacketAcknowledgements" ref="0x2b6106425020" scoped=""/></type-interface>
      <instance>
        <interfacedef-ref nicename="PacketAcknowledgements" qname="PacketAcknowledgements"/>
      </instance>
      <interface-functions>
        <function-ref name="requestAck" ref="0x2b61064253a0" scoped=""/>
        <function-ref name="noAck" ref="0x2b6106425530" scoped=""/>
        <function-ref name="wasAcked" ref="0x2b61064256c0" scoped=""/>
      </interface-functions>
    </interface><interface loc="45:/opt/tinyos-release-tinyos-2_1_2//tos/chips/cc2420/CC2420RadioC.nc" name="Resource" provided="1" ref="0x2b61063f9770">
      <component-ref nicename="CC2420RadioC" qname="CC2420RadioC"/>
      <type-interface alignment="I:2" size="I:2"><interface-ref name="Resource" ref="0x2b61063f9770" scoped=""/></type-interface>
      <instance>
        <interfacedef-ref nicename="Resource" qname="Resource"/>
      </instance>
      <interface-parameters>
        <type-int alignment="I:1" cname="unsigned char" size="I:1" unsigned="">
          <typename><typedef-ref name="uint8_t" ref="0x2b6104f08160"/></typename>
        </type-int>
      </interface-parameters>
      <interface-functions>
        <function-ref name="release" ref="0x2b61063f9af0" scoped=""/>
        <function-ref name="immediateRequest" ref="0x2b61063f9c80" scoped=""/>
        <function-ref name="request" ref="0x2b61063f9e10" scoped=""/>
        <function-ref name="granted" ref="0x2b61063fe020" scoped=""/>
        <function-ref name="isOwner" ref="0x2b61063fe1b0" scoped=""/>
      </interface-functions>
    </interface><interface loc="46:/opt/tinyos-release-tinyos-2_1_2//tos/chips/cc2420/CC2420RadioC.nc" name="BareSend" provided="1" ref="0x2b6106428a30">
      <component-ref nicename="CC2420RadioC" qname="CC2420RadioC"/>
      <type-interface alignment="I:2" size="I:2"><interface-ref name="BareSend" ref="0x2b6106428a30" scoped=""/></type-interface>
      <instance>
        <interfacedef-ref nicename="Send" qname="Send"/>
      </instance>
      <interface-functions>
        <function-ref name="send" ref="0x2b6106428db0" scoped=""/>
        <function-ref name="getPayload" ref="0x2b61063fd020" scoped=""/>
        <function-ref name="maxPayloadLength" ref="0x2b61063fd1b0" scoped=""/>
        <function-ref name="cancel" ref="0x2b61063fd340" scoped=""/>
        <function-ref name="sendDone" ref="0x2b61063fd4d0" scoped=""/>
      </interface-functions>
    </interface><interface loc="48:/opt/tinyos-release-tinyos-2_1_2//tos/chips/cc2420/CC2420RadioC.nc" name="BarePacket" provided="1" ref="0x2b61063f7020">
      <component-ref nicename="CC2420RadioC" qname="CC2420RadioC"/>
      <type-interface alignment="I:2" size="I:2"><interface-ref name="BarePacket" ref="0x2b61063f7020" scoped=""/></type-interface>
      <instance>
        <interfacedef-ref nicename="Packet" qname="Packet"/>
      </instance>
      <interface-functions>
        <function-ref name="clear" ref="0x2b61063f73a0" scoped=""/>
        <function-ref name="payloadLength" ref="0x2b61063f7530" scoped=""/>
        <function-ref name="getPayload" ref="0x2b61063f76c0" scoped=""/>
        <function-ref name="maxPayloadLength" ref="0x2b61063f7850" scoped=""/>
        <function-ref name="setPayloadLength" ref="0x2b61063f79e0" scoped=""/>
      </interface-functions>
    </interface><interface loc="51:/opt/tinyos-release-tinyos-2_1_2//tos/chips/cc2420/CC2420RadioC.nc" name="ActiveReceive" provided="1" ref="0x2b6106427a90">
      <component-ref nicename="CC2420RadioC" qname="CC2420RadioC"/>
      <type-interface alignment="I:2" size="I:2"><interface-ref name="ActiveReceive" ref="0x2b6106427a90" scoped=""/></type-interface>
      <instance>
        <interfacedef-ref nicename="Receive" qname="Receive"/>
      </instance>
      <interface-functions>
        <function-ref name="receive" ref="0x2b6106427e10" scoped=""/>
      </interface-functions>
    </interface></specification><referenced><interface loc="69:/opt/tinyos-release-tinyos-2_1_2//tos/chips/cc2420/lowpan/CC2420TinyosNetworkC.nc" name="ActiveReceive" provided="1" ref="0x2b6106f19a50">
      <component-ref nicename="CC2420TinyosNetworkC" qname="CC2420TinyosNetworkC"/>
      <type-interface alignment="I:2" size="I:2"><interface-ref name="ActiveReceive" ref="0x2b6106f19a50" scoped=""/></type-interface>
      <instance>
        <interfacedef-ref nicename="Receive" qname="Receive"/>
      </instance>
      <interface-functions>
        <function-ref name="receive" ref="0x2b6106f19dd0" scoped=""/>
      </interface-functions>
    </interface><interface loc="53:/opt/tinyos-release-tinyos-2_1_2//tos/chips/cc2420/lpl/DummyLplC.nc" name="SubControl" provided="0" ref="0x2b6106f7bd90">
      <component-ref nicename="DummyLplC" qname="DummyLplC"/>
      <type-interface alignment="I:2" size="I:2"><interface-ref name="SubControl" ref="0x2b6106f7bd90" scoped=""/></type-interface>
      <instance>
        <interfacedef-ref nicename="SplitControl" qname="SplitControl"/>
      </instance>
      <interface-functions>
        <function-ref name="startDone" ref="0x2b6106f7a180" scoped=""/>
        <function-ref name="stopDone" ref="0x2b6106f7a310" scoped=""/>
        <function-ref name="start" ref="0x2b6106f7a4a0" scoped=""/>
        <function-ref name="stop" ref="0x2b6106f7a630" scoped=""/>
      </interface-functions>
    </interface><interface loc="66:/opt/tinyos-release-tinyos-2_1_2//tos/chips/cc2420/lowpan/CC2420TinyosNetworkC.nc" name="Receive" provided="1" ref="0x2b6106f1a5f0">
      <component-ref nicename="CC2420TinyosNetworkC" qname="CC2420TinyosNetworkC"/>
      <type-interface alignment="I:2" size="I:2"><interface-ref name="Receive" ref="0x2b6106f1a5f0" scoped=""/></type-interface>
      <instance>
        <interfacedef-ref nicename="Receive" qname="Receive"/>
      </instance>
      <interface-functions>
        <function-ref name="receive" ref="0x2b6106f1a970" scoped=""/>
      </interface-functions>
    </interface><interface loc="65:/opt/tinyos-release-tinyos-2_1_2//tos/chips/cc2420/lowpan/CC2420TinyosNetworkC.nc" name="Send" provided="1" ref="0x2b6106f1b960">
      <component-ref nicename="CC2420TinyosNetworkC" qname="CC2420TinyosNetworkC"/>
      <type-interface alignment="I:2" size="I:2"><interface-ref name="Send" ref="0x2b6106f1b960" scoped=""/></type-interface>
      <instance>
        <interfacedef-ref nicename="Send" qname="Send"/>
      </instance>
      <interface-functions>
        <function-ref name="send" ref="0x2b6106f1bce0" scoped=""/>
        <function-ref name="getPayload" ref="0x2b6106f1be70" scoped=""/>
        <function-ref name="maxPayloadLength" ref="0x2b6106f1a030" scoped=""/>
        <function-ref name="cancel" ref="0x2b6106f1a1c0" scoped=""/>
        <function-ref name="sendDone" ref="0x2b6106f1a350" scoped=""/>
      </interface-functions>
    </interface><interface loc="47:/opt/tinyos-release-tinyos-2_1_2//tos/chips/cc2420/unique/UniqueReceiveC.nc" name="SubReceive" provided="0" ref="0x2b6106ee5950">
      <component-ref nicename="UniqueReceiveC" qname="UniqueReceiveC"/>
      <type-interface alignment="I:2" size="I:2"><interface-ref name="SubReceive" ref="0x2b6106ee5950" scoped=""/></type-interface>
      <instance>
        <interfacedef-ref nicename="Receive" qname="Receive"/>
      </instance>
      <interface-functions>
        <function-ref name="receive" ref="0x2b6106ee5cd0" scoped=""/>
      </interface-functions>
    </interface><interface loc="40:/opt/tinyos-release-tinyos-2_1_2//tos/chips/cc2420/unique/UniqueSendC.nc" name="Send" provided="1" ref="0x2b6106e9d260">
      <component-ref nicename="UniqueSendC" qname="UniqueSendC"/>
      <type-interface alignment="I:2" size="I:2"><interface-ref name="Send" ref="0x2b6106e9d260" scoped=""/></type-interface>
      <instance>
        <interfacedef-ref nicename="Send" qname="Send"/>
      </instance>
      <interface-functions>
        <function-ref name="send" ref="0x2b6106e9d5e0" scoped=""/>
        <function-ref name="getPayload" ref="0x2b6106e9d770" scoped=""/>
        <function-ref name="maxPayloadLength" ref="0x2b6106e9d900" scoped=""/>
        <function-ref name="cancel" ref="0x2b6106e9da90" scoped=""/>
        <function-ref name="sendDone" ref="0x2b6106e9dc20" scoped=""/>
      </interface-functions>
    </interface><interface loc="42:/opt/tinyos-release-tinyos-2_1_2//tos/chips/cc2420/unique/UniqueReceiveC.nc" name="Receive" provided="1" ref="0x2b6106ee8ab0">
      <component-ref nicename="UniqueReceiveC" qname="UniqueReceiveC"/>
      <type-interface alignment="I:2" size="I:2"><interface-ref name="Receive" ref="0x2b6106ee8ab0" scoped=""/></type-interface>
      <instance>
        <interfacedef-ref nicename="Receive" qname="Receive"/>
      </instance>
      <interface-functions>
        <function-ref name="receive" ref="0x2b6106ee8e30" scoped=""/>
      </interface-functions>
    </interface><interface loc="64:/opt/tinyos-release-tinyos-2_1_2//tos/chips/cc2420/lowpan/CC2420TinyosNetworkC.nc" name="Resource" provided="1" ref="0x2b6106f1ccb0">
      <component-ref nicename="CC2420TinyosNetworkC" qname="CC2420TinyosNetworkC"/>
      <type-interface alignment="I:2" size="I:2"><interface-ref name="Resource" ref="0x2b6106f1ccb0" scoped=""/></type-interface>
      <instance>
        <interfacedef-ref nicename="Resource" qname="Resource"/>
      </instance>
      <interface-parameters>
        <type-int alignment="I:1" cname="unsigned char" size="I:1" unsigned="">
          <typename><typedef-ref name="uint8_t" ref="0x2b6104f08160"/></typename>
        </type-int>
      </interface-parameters>
      <interface-functions>
        <function-ref name="release" ref="0x2b6106f1b0a0" scoped=""/>
        <function-ref name="immediateRequest" ref="0x2b6106f1b230" scoped=""/>
        <function-ref name="request" ref="0x2b6106f1b3c0" scoped=""/>
        <function-ref name="granted" ref="0x2b6106f1b550" scoped=""/>
        <function-ref name="isOwner" ref="0x2b6106f1b6e0" scoped=""/>
      </interface-functions>
    </interface><interface loc="46:/opt/tinyos-release-tinyos-2_1_2//tos/chips/cc2420/csma/CC2420CsmaC.nc" name="Receive" provided="1" ref="0x2b610641fcc0">
      <component-ref nicename="CC2420CsmaC" qname="CC2420CsmaC"/>
      <type-interface alignment="I:2" size="I:2"><interface-ref name="Receive" ref="0x2b610641fcc0" scoped=""/></type-interface>
      <instance>
        <interfacedef-ref nicename="Receive" qname="Receive"/>
      </instance>
      <interface-functions>
        <function-ref name="receive" ref="0x2b610641e0a0" scoped=""/>
      </interface-functions>
    </interface><interface loc="41:/opt/tinyos-release-tinyos-2_1_2//tos/chips/cc2420/link/PacketLinkDummyC.nc" name="PacketLink" provided="1" ref="0x2b6106f6a020">
      <component-ref nicename="PacketLinkDummyC" qname="PacketLinkDummyC"/>
      <type-interface alignment="I:2" size="I:2"><interface-ref name="PacketLink" ref="0x2b6106f6a020" scoped=""/></type-interface>
      <instance>
        <interfacedef-ref nicename="PacketLink" qname="PacketLink"/>
      </instance>
      <interface-functions>
        <function-ref name="getRetryDelay" ref="0x2b6106f6a3a0" scoped=""/>
        <function-ref name="setRetries" ref="0x2b6106f6a530" scoped=""/>
        <function-ref name="getRetries" ref="0x2b6106f6a6c0" scoped=""/>
        <function-ref name="setRetryDelay" ref="0x2b6106f6a850" scoped=""/>
        <function-ref name="wasDelivered" ref="0x2b6106f6a9e0" scoped=""/>
      </interface-functions>
    </interface><interface loc="44:/opt/tinyos-release-tinyos-2_1_2//tos/chips/cc2420/packet/CC2420PacketC.nc" name="LinkPacketMetadata" provided="1" ref="0x2b6106deca70">
      <component-ref nicename="CC2420PacketC" qname="CC2420PacketC"/>
      <type-interface alignment="I:2" size="I:2"><interface-ref name="LinkPacketMetadata" ref="0x2b6106deca70" scoped=""/></type-interface>
      <instance>
        <interfacedef-ref nicename="LinkPacketMetadata" qname="LinkPacketMetadata"/>
      </instance>
      <interface-functions>
        <function-ref name="highChannelQuality" ref="0x2b6106decdf0" scoped=""/>
      </interface-functions>
    </interface><interface loc="76:/opt/tinyos-release-tinyos-2_1_2//tos/chips/cc2420/lowpan/CC2420TinyosNetworkC.nc" name="SubSend" provided="0" ref="0x2b6106f176b0">
      <component-ref nicename="CC2420TinyosNetworkC" qname="CC2420TinyosNetworkC"/>
      <type-interface alignment="I:2" size="I:2"><interface-ref name="SubSend" ref="0x2b6106f176b0" scoped=""/></type-interface>
      <instance>
        <interfacedef-ref nicename="Send" qname="Send"/>
      </instance>
      <interface-functions>
        <function-ref name="send" ref="0x2b6106f17a30" scoped=""/>
        <function-ref name="getPayload" ref="0x2b6106f17bc0" scoped=""/>
        <function-ref name="maxPayloadLength" ref="0x2b6106f17d50" scoped=""/>
        <function-ref name="cancel" ref="0x2b6106f16020" scoped=""/>
        <function-ref name="sendDone" ref="0x2b6106f161b0" scoped=""/>
      </interface-functions>
    </interface><interface loc="45:/opt/tinyos-release-tinyos-2_1_2//tos/chips/cc2420/lpl/DummyLplC.nc" name="LowPowerListening" provided="1" ref="0x2b6106f7e080">
      <component-ref nicename="DummyLplC" qname="DummyLplC"/>
      <type-interface alignment="I:2" size="I:2"><interface-ref name="LowPowerListening" ref="0x2b6106f7e080" scoped=""/></type-interface>
      <instance>
        <interfacedef-ref nicename="LowPowerListening" qname="LowPowerListening"/>
      </instance>
      <interface-functions>
        <function-ref name="setRemoteWakeupInterval" ref="0x2b6106f7e400" scoped=""/>
        <function-ref name="getRemoteWakeupInterval" ref="0x2b6106f7e590" scoped=""/>
        <function-ref name="getLocalWakeupInterval" ref="0x2b6106f7e720" scoped=""/>
        <function-ref name="setLocalWakeupInterval" ref="0x2b6106f7e8b0" scoped=""/>
      </interface-functions>
    </interface><interface loc="40:/opt/tinyos-release-tinyos-2_1_2//tos/chips/cc2420/link/PacketLinkDummyC.nc" name="Send" provided="1" ref="0x2b6106f6d360">
      <component-ref nicename="PacketLinkDummyC" qname="PacketLinkDummyC"/>
      <type-interface alignment="I:2" size="I:2"><interface-ref name="Send" ref="0x2b6106f6d360" scoped=""/></type-interface>
      <instance>
        <interfacedef-ref nicename="Send" qname="Send"/>
      </instance>
      <interface-functions>
        <function-ref name="send" ref="0x2b6106f6d6e0" scoped=""/>
        <function-ref name="getPayload" ref="0x2b6106f6d870" scoped=""/>
        <function-ref name="maxPayloadLength" ref="0x2b6106f6da00" scoped=""/>
        <function-ref name="cancel" ref="0x2b6106f6db90" scoped=""/>
        <function-ref name="sendDone" ref="0x2b6106f6dd20" scoped=""/>
      </interface-functions>
    </interface><interface loc="68:/opt/tinyos-release-tinyos-2_1_2//tos/chips/cc2420/lowpan/CC2420TinyosNetworkC.nc" name="ActiveSend" provided="1" ref="0x2b6106f1aca0">
      <component-ref nicename="CC2420TinyosNetworkC" qname="CC2420TinyosNetworkC"/>
      <type-interface alignment="I:2" size="I:2"><interface-ref name="ActiveSend" ref="0x2b6106f1aca0" scoped=""/></type-interface>
      <instance>
        <interfacedef-ref nicename="Send" qname="Send"/>
      </instance>
      <interface-functions>
        <function-ref name="send" ref="0x2b6106f190a0" scoped=""/>
        <function-ref name="getPayload" ref="0x2b6106f19230" scoped=""/>
        <function-ref name="maxPayloadLength" ref="0x2b6106f193c0" scoped=""/>
        <function-ref name="cancel" ref="0x2b6106f19550" scoped=""/>
        <function-ref name="sendDone" ref="0x2b6106f196e0" scoped=""/>
      </interface-functions>
    </interface><interface loc="45:/opt/tinyos-release-tinyos-2_1_2//tos/chips/cc2420/csma/CC2420CsmaC.nc" name="Send" provided="1" ref="0x2b610641f020">
      <component-ref nicename="CC2420CsmaC" qname="CC2420CsmaC"/>
      <type-interface alignment="I:2" size="I:2"><interface-ref name="Send" ref="0x2b610641f020" scoped=""/></type-interface>
      <instance>
        <interfacedef-ref nicename="Send" qname="Send"/>
      </instance>
      <interface-functions>
        <function-ref name="send" ref="0x2b610641f3a0" scoped=""/>
        <function-ref name="getPayload" ref="0x2b610641f530" scoped=""/>
        <function-ref name="maxPayloadLength" ref="0x2b610641f6c0" scoped=""/>
        <function-ref name="cancel" ref="0x2b610641f850" scoped=""/>
        <function-ref name="sendDone" ref="0x2b610641f9e0" scoped=""/>
      </interface-functions>
    </interface><interface loc="46:/opt/tinyos-release-tinyos-2_1_2//tos/chips/cc2420/lpl/DummyLplC.nc" name="SplitControl" provided="1" ref="0x2b6106f7eb80">
      <component-ref nicename="DummyLplC" qname="DummyLplC"/>
      <type-interface alignment="I:2" size="I:2"><interface-ref name="SplitControl" ref="0x2b6106f7eb80" scoped=""/></type-interface>
      <instance>
        <interfacedef-ref nicename="SplitControl" qname="SplitControl"/>
      </instance>
      <interface-functions>
        <function-ref name="startDone" ref="0x2b6106f7d020" scoped=""/>
        <function-ref name="stopDone" ref="0x2b6106f7d1b0" scoped=""/>
        <function-ref name="start" ref="0x2b6106f7d340" scoped=""/>
        <function-ref name="stop" ref="0x2b6106f7d4d0" scoped=""/>
      </interface-functions>
    </interface><interface loc="44:/opt/tinyos-release-tinyos-2_1_2//tos/chips/cc2420/csma/CC2420CsmaC.nc" name="SplitControl" provided="1" ref="0x2b61064203b0">
      <component-ref nicename="CC2420CsmaC" qname="CC2420CsmaC"/>
      <type-interface alignment="I:2" size="I:2"><interface-ref name="SplitControl" ref="0x2b61064203b0" scoped=""/></type-interface>
      <instance>
        <interfacedef-ref nicename="SplitControl" qname="SplitControl"/>
      </instance>
      <interface-functions>
        <function-ref name="startDone" ref="0x2b6106420730" scoped=""/>
        <function-ref name="stopDone" ref="0x2b61064208c0" scoped=""/>
        <function-ref name="start" ref="0x2b6106420a50" scoped=""/>
        <function-ref name="stop" ref="0x2b6106420be0" scoped=""/>
      </interface-functions>
    </interface><interface loc="52:/opt/tinyos-release-tinyos-2_1_2//tos/chips/cc2420/lpl/DummyLplC.nc" name="SubReceive" provided="0" ref="0x2b6106f7b690">
      <component-ref nicename="DummyLplC" qname="DummyLplC"/>
      <type-interface alignment="I:2" size="I:2"><interface-ref name="SubReceive" ref="0x2b6106f7b690" scoped=""/></type-interface>
      <instance>
        <interfacedef-ref nicename="Receive" qname="Receive"/>
      </instance>
      <interface-functions>
        <function-ref name="receive" ref="0x2b6106f7ba10" scoped=""/>
      </interface-functions>
    </interface><interface loc="42:/opt/tinyos-release-tinyos-2_1_2//tos/chips/cc2420/packet/CC2420PacketC.nc" name="Acks" provided="1" ref="0x2b6106ded6e0">
      <component-ref nicename="CC2420PacketC" qname="CC2420PacketC"/>
      <type-interface alignment="I:2" size="I:2"><interface-ref name="Acks" ref="0x2b6106ded6e0" scoped=""/></type-interface>
      <instance>
        <interfacedef-ref nicename="PacketAcknowledgements" qname="PacketAcknowledgements"/>
      </instance>
      <interface-functions>
        <function-ref name="requestAck" ref="0x2b6106deda60" scoped=""/>
        <function-ref name="noAck" ref="0x2b6106dedbf0" scoped=""/>
        <function-ref name="wasAcked" ref="0x2b6106dedd80" scoped=""/>
      </interface-functions>
    </interface><interface loc="41:/opt/tinyos-release-tinyos-2_1_2//tos/chips/cc2420/packet/CC2420PacketC.nc" name="CC2420Packet" provided="1" ref="0x2b6106df0680">
      <component-ref nicename="CC2420PacketC" qname="CC2420PacketC"/>
      <type-interface alignment="I:2" size="I:2"><interface-ref name="CC2420Packet" ref="0x2b6106df0680" scoped=""/></type-interface>
      <instance>
        <interfacedef-ref nicename="CC2420Packet" qname="CC2420Packet"/>
      </instance>
      <interface-functions>
        <function-ref name="setPower" ref="0x2b6106df0a00" scoped=""/>
        <function-ref name="setNetwork" ref="0x2b6106df0b90" scoped=""/>
        <function-ref name="getRssi" ref="0x2b6106df0d20" scoped=""/>
        <function-ref name="getNetwork" ref="0x2b6106ded020" scoped=""/>
        <function-ref name="getPower" ref="0x2b6106ded1b0" scoped=""/>
        <function-ref name="getLqi" ref="0x2b6106ded340" scoped=""/>
      </interface-functions>
    </interface><interface loc="45:/opt/tinyos-release-tinyos-2_1_2//tos/chips/cc2420/link/PacketLinkDummyC.nc" name="SubSend" provided="0" ref="0x2b6106f6ad70">
      <component-ref nicename="PacketLinkDummyC" qname="PacketLinkDummyC"/>
      <type-interface alignment="I:2" size="I:2"><interface-ref name="SubSend" ref="0x2b6106f6ad70" scoped=""/></type-interface>
      <instance>
        <interfacedef-ref nicename="Send" qname="Send"/>
      </instance>
      <interface-functions>
        <function-ref name="send" ref="0x2b6106f69180" scoped=""/>
        <function-ref name="getPayload" ref="0x2b6106f69310" scoped=""/>
        <function-ref name="maxPayloadLength" ref="0x2b6106f694a0" scoped=""/>
        <function-ref name="cancel" ref="0x2b6106f69630" scoped=""/>
        <function-ref name="sendDone" ref="0x2b6106f697c0" scoped=""/>
      </interface-functions>
    </interface><interface loc="43:/opt/tinyos-release-tinyos-2_1_2//tos/chips/cc2420/lpl/DummyLplC.nc" name="Send" provided="1" ref="0x2b6106f82d00">
      <component-ref nicename="DummyLplC" qname="DummyLplC"/>
      <type-interface alignment="I:2" size="I:2"><interface-ref name="Send" ref="0x2b6106f82d00" scoped=""/></type-interface>
      <instance>
        <interfacedef-ref nicename="Send" qname="Send"/>
      </instance>
      <interface-functions>
        <function-ref name="send" ref="0x2b6106f7f0a0" scoped=""/>
        <function-ref name="getPayload" ref="0x2b6106f7f230" scoped=""/>
        <function-ref name="maxPayloadLength" ref="0x2b6106f7f3c0" scoped=""/>
        <function-ref name="cancel" ref="0x2b6106f7f550" scoped=""/>
        <function-ref name="sendDone" ref="0x2b6106f7f6e0" scoped=""/>
      </interface-functions>
    </interface><interface loc="71:/opt/tinyos-release-tinyos-2_1_2//tos/chips/cc2420/lowpan/CC2420TinyosNetworkC.nc" name="BarePacket" provided="1" ref="0x2b6106f18170">
      <component-ref nicename="CC2420TinyosNetworkC" qname="CC2420TinyosNetworkC"/>
      <type-interface alignment="I:2" size="I:2"><interface-ref name="BarePacket" ref="0x2b6106f18170" scoped=""/></type-interface>
      <instance>
        <interfacedef-ref nicename="Packet" qname="Packet"/>
      </instance>
      <interface-functions>
        <function-ref name="clear" ref="0x2b6106f184f0" scoped=""/>
        <function-ref name="payloadLength" ref="0x2b6106f18680" scoped=""/>
        <function-ref name="getPayload" ref="0x2b6106f18810" scoped=""/>
        <function-ref name="maxPayloadLength" ref="0x2b6106f189a0" scoped=""/>
        <function-ref name="setPayloadLength" ref="0x2b6106f18b30" scoped=""/>
      </interface-functions>
    </interface><interface loc="51:/opt/tinyos-release-tinyos-2_1_2//tos/chips/cc2420/lpl/DummyLplC.nc" name="SubSend" provided="0" ref="0x2b6106f7c860">
      <component-ref nicename="DummyLplC" qname="DummyLplC"/>
      <type-interface alignment="I:2" size="I:2"><interface-ref name="SubSend" ref="0x2b6106f7c860" scoped=""/></type-interface>
      <instance>
        <interfacedef-ref nicename="Send" qname="Send"/>
      </instance>
      <interface-functions>
        <function-ref name="send" ref="0x2b6106f7cbe0" scoped=""/>
        <function-ref name="getPayload" ref="0x2b6106f7cd70" scoped=""/>
        <function-ref name="maxPayloadLength" ref="0x2b6106f7b020" scoped=""/>
        <function-ref name="cancel" ref="0x2b6106f7b1b0" scoped=""/>
        <function-ref name="sendDone" ref="0x2b6106f7b340" scoped=""/>
      </interface-functions>
    </interface><interface loc="75:/opt/tinyos-release-tinyos-2_1_2//tos/chips/cc2420/lowpan/CC2420TinyosNetworkC.nc" name="SubReceive" provided="0" ref="0x2b6106f17020">
      <component-ref nicename="CC2420TinyosNetworkC" qname="CC2420TinyosNetworkC"/>
      <type-interface alignment="I:2" size="I:2"><interface-ref name="SubReceive" ref="0x2b6106f17020" scoped=""/></type-interface>
      <instance>
        <interfacedef-ref nicename="Receive" qname="Receive"/>
      </instance>
      <interface-functions>
        <function-ref name="receive" ref="0x2b6106f173a0" scoped=""/>
      </interface-functions>
    </interface><interface loc="44:/opt/tinyos-release-tinyos-2_1_2//tos/chips/cc2420/lpl/DummyLplC.nc" name="Receive" provided="1" ref="0x2b6106f7f980">
      <component-ref nicename="DummyLplC" qname="DummyLplC"/>
      <type-interface alignment="I:2" size="I:2"><interface-ref name="Receive" ref="0x2b6106f7f980" scoped=""/></type-interface>
      <instance>
        <interfacedef-ref nicename="Receive" qname="Receive"/>
      </instance>
      <interface-functions>
        <function-ref name="receive" ref="0x2b6106f7fd00" scoped=""/>
      </interface-functions>
    </interface><interface loc="44:/opt/tinyos-release-tinyos-2_1_2//tos/chips/cc2420/unique/UniqueSendC.nc" name="SubSend" provided="0" ref="0x2b6106e9c020">
      <component-ref nicename="UniqueSendC" qname="UniqueSendC"/>
      <type-interface alignment="I:2" size="I:2"><interface-ref name="SubSend" ref="0x2b6106e9c020" scoped=""/></type-interface>
      <instance>
        <interfacedef-ref nicename="Send" qname="Send"/>
      </instance>
      <interface-functions>
        <function-ref name="send" ref="0x2b6106e9c3a0" scoped=""/>
        <function-ref name="getPayload" ref="0x2b6106e9c530" scoped=""/>
        <function-ref name="maxPayloadLength" ref="0x2b6106e9c6c0" scoped=""/>
        <function-ref name="cancel" ref="0x2b6106e9c850" scoped=""/>
        <function-ref name="sendDone" ref="0x2b6106e9c9e0" scoped=""/>
      </interface-functions>
    </interface><component loc="40:/opt/tinyos-release-tinyos-2_1_2//tos/chips/cc2420/unique/UniqueReceiveC.nc" nicename="UniqueReceiveC" qname="UniqueReceiveC">
      <documentation loc="32:/opt/tinyos-release-tinyos-2_1_2//tos/chips/cc2420/unique/UniqueReceiveC.nc">
        <short>
 This layer keeps a history of the past RECEIVE_HISTORY_SIZE received messages
 If the source address and dsn number of a newly received message matches
 our recent history, we drop the message because we've already seen it.</short>
        <long>
 This layer keeps a history of the past RECEIVE_HISTORY_SIZE received messages
 If the source address and dsn number of a newly received message matches
 our recent history, we drop the message because we've already seen it.
 This should sit at the bottom of the stack
 @author David Moss
</long>
      </documentation>
      <configuration/>
      <wiring>
        <wire loc="56:/opt/tinyos-release-tinyos-2_1_2//tos/chips/cc2420/unique/UniqueReceiveC.nc">
          <from><interface-ref name="Receive" ref="0x2b6106ee8ab0" scoped=""/></from>
          <to><interface-ref name="Receive" ref="0x2b6106ee4e40" scoped=""/></to>
        </wire>
        <wire loc="57:/opt/tinyos-release-tinyos-2_1_2//tos/chips/cc2420/unique/UniqueReceiveC.nc">
          <from><interface-ref name="DuplicateReceive" ref="0x2b6106ee5200" scoped=""/></from>
          <to><interface-ref name="DuplicateReceive" ref="0x2b6106ee1570" scoped=""/></to>
        </wire>
        <wire loc="58:/opt/tinyos-release-tinyos-2_1_2//tos/chips/cc2420/unique/UniqueReceiveC.nc">
          <from><interface-ref name="SubReceive" ref="0x2b6106edf3f0" scoped=""/></from>
          <to><interface-ref name="SubReceive" ref="0x2b6106ee5950" scoped=""/></to>
        </wire>
        <wire loc="60:/opt/tinyos-release-tinyos-2_1_2//tos/chips/cc2420/unique/UniqueReceiveC.nc">
          <from><interface-ref name="SoftwareInit" ref="0x2b6105d641b0" scoped=""/></from>
          <to><interface-ref name="Init" ref="0x2b6106ee1b70" scoped=""/></to>
        </wire>
        <wire loc="62:/opt/tinyos-release-tinyos-2_1_2//tos/chips/cc2420/unique/UniqueReceiveC.nc">
          <from><interface-ref name="CC2420PacketBody" ref="0x2b6106edfa70" scoped=""/></from>
          <to><interface-ref name="CC2420PacketBody" ref="0x2b6106dec0c0" scoped=""/></to>
        </wire>
      </wiring>
    </component><component loc="38:/opt/tinyos-release-tinyos-2_1_2//tos/chips/cc2420/link/PacketLinkDummyC.nc" nicename="PacketLinkDummyC" qname="PacketLinkDummyC">
      <documentation loc="32:/opt/tinyos-release-tinyos-2_1_2//tos/chips/cc2420/link/PacketLinkDummyC.nc">
        <short>
 Dummy configuration for PacketLink Layer
 </short>
        <long>
 Dummy configuration for PacketLink Layer
 @author David Moss
 @author Jon Wyant
</long>
      </documentation>
      <configuration/>
      <wiring>
        <wire loc="54:/opt/tinyos-release-tinyos-2_1_2//tos/chips/cc2420/link/PacketLinkDummyC.nc">
          <from><interface-ref name="Send" ref="0x2b6106f6d360" scoped=""/></from>
          <to><interface-ref name="SubSend" ref="0x2b6106f6ad70" scoped=""/></to>
        </wire>
        <wire loc="53:/opt/tinyos-release-tinyos-2_1_2//tos/chips/cc2420/link/PacketLinkDummyC.nc">
          <from><interface-ref name="PacketLink" ref="0x2b6106f6a020" scoped=""/></from>
          <to><interface-ref name="PacketLink" ref="0x2b6106f68420" scoped=""/></to>
        </wire>
        <wire loc="56:/opt/tinyos-release-tinyos-2_1_2//tos/chips/cc2420/link/PacketLinkDummyC.nc">
          <from><interface-ref name="PacketAcknowledgements" ref="0x2b6106f651c0" scoped=""/></from>
          <to><interface-ref name="PacketAcknowledgements" ref="0x2b6106425020" scoped=""/></to>
        </wire>
      </wiring>
    </component><component loc="42:/opt/tinyos-release-tinyos-2_1_2//tos/chips/cc2420/csma/CC2420CsmaC.nc" nicename="CC2420CsmaC" qname="CC2420CsmaC">
      <documentation loc="32:/opt/tinyos-release-tinyos-2_1_2//tos/chips/cc2420/csma/CC2420CsmaC.nc">
        <short>
 Basic implementation of a CSMA MAC for the ChipCon CC2420 radio.</short>
        <long>
 Basic implementation of a CSMA MAC for the ChipCon CC2420 radio.

 @author Jonathan Hui &lt;jhui@archrock.com&gt;
 @version $Revision: 1.2 $ $Date: 2008-05-14 21:33:07 $
</long>
      </documentation>
      <configuration/>
      <wiring>
        <wire loc="55:/opt/tinyos-release-tinyos-2_1_2//tos/chips/cc2420/csma/CC2420CsmaC.nc">
          <from><interface-ref name="SplitControl" ref="0x2b61064203b0" scoped=""/></from>
          <to><interface-ref name="SplitControl" ref="0x2b610641a080" scoped=""/></to>
        </wire>
        <wire loc="54:/opt/tinyos-release-tinyos-2_1_2//tos/chips/cc2420/csma/CC2420CsmaC.nc">
          <from><interface-ref name="RadioBackoff" ref="0x2b610641e3b0" scoped=""/></from>
          <to><interface-ref name="RadioBackoff" ref="0x2b6106419970" scoped=""/></to>
        </wire>
        <wire loc="56:/opt/tinyos-release-tinyos-2_1_2//tos/chips/cc2420/csma/CC2420CsmaC.nc">
          <from><interface-ref name="Send" ref="0x2b610641f020" scoped=""/></from>
          <to><interface-ref name="Send" ref="0x2b610641ab70" scoped=""/></to>
        </wire>
        <wire loc="68:/opt/tinyos-release-tinyos-2_1_2//tos/chips/cc2420/csma/CC2420CsmaC.nc">
          <from><interface-ref name="Receive" ref="0x2b610641fcc0" scoped=""/></from>
          <to><interface-ref name="Receive" ref="0x2b6106d529a0" scoped=""/></to>
        </wire>
        <wire loc="59:/opt/tinyos-release-tinyos-2_1_2//tos/chips/cc2420/csma/CC2420CsmaC.nc">
          <from><interface-ref name="Resource" ref="0x2b61064187d0" scoped=""/></from>
          <to><interface-ref name="Resource" ref="0x2b6106498730" scoped=""/></to>
        </wire>
        <wire loc="60:/opt/tinyos-release-tinyos-2_1_2//tos/chips/cc2420/csma/CC2420CsmaC.nc">
          <from><interface-ref name="CC2420Power" ref="0x2b610644acd0" scoped=""/></from>
          <to><interface-ref name="CC2420Power" ref="0x2b6106493a60" scoped=""/></to>
        </wire>
        <wire loc="69:/opt/tinyos-release-tinyos-2_1_2//tos/chips/cc2420/csma/CC2420CsmaC.nc">
          <from><interface-ref name="SubControl" ref="0x2b6106415020" scoped=""/></from>
          <to><interface-ref name="StdControl" ref="0x2b6106d56680" scoped=""/></to>
        </wire>
        <wire loc="63:/opt/tinyos-release-tinyos-2_1_2//tos/chips/cc2420/csma/CC2420CsmaC.nc">
          <from><interface-ref name="SubControl" ref="0x2b6106415020" scoped=""/></from>
          <to><interface-ref name="StdControl" ref="0x2b6106c756d0" scoped=""/></to>
        </wire>
        <wire loc="64:/opt/tinyos-release-tinyos-2_1_2//tos/chips/cc2420/csma/CC2420CsmaC.nc">
          <from><interface-ref name="CC2420Transmit" ref="0x2b6106442d30" scoped=""/></from>
          <to><interface-ref name="CC2420Transmit" ref="0x2b6106c71020" scoped=""/></to>
        </wire>
        <wire loc="65:/opt/tinyos-release-tinyos-2_1_2//tos/chips/cc2420/csma/CC2420CsmaC.nc">
          <from><interface-ref name="SubBackoff" ref="0x2b6106449ae0" scoped=""/></from>
          <to><interface-ref name="RadioBackoff" ref="0x2b6106c71cb0" scoped=""/></to>
        </wire>
        <wire loc="72:/opt/tinyos-release-tinyos-2_1_2//tos/chips/cc2420/csma/CC2420CsmaC.nc">
          <from><interface-ref name="CC2420Packet" ref="0x2b610643d020" scoped=""/></from>
          <to><interface-ref name="CC2420Packet" ref="0x2b6106df0680" scoped=""/></to>
        </wire>
        <wire loc="73:/opt/tinyos-release-tinyos-2_1_2//tos/chips/cc2420/csma/CC2420CsmaC.nc">
          <from><interface-ref name="CC2420PacketBody" ref="0x2b6106436660" scoped=""/></from>
          <to><interface-ref name="CC2420PacketBody" ref="0x2b6106dec0c0" scoped=""/></to>
        </wire>
        <wire loc="76:/opt/tinyos-release-tinyos-2_1_2//tos/chips/cc2420/csma/CC2420CsmaC.nc">
          <from><interface-ref name="Random" ref="0x2b6106440020" scoped=""/></from>
          <to><interface-ref name="Random" ref="0x2b6106ebca20" scoped=""/></to>
        </wire>
        <wire loc="79:/opt/tinyos-release-tinyos-2_1_2//tos/chips/cc2420/csma/CC2420CsmaC.nc">
          <from><interface-ref name="SplitControlState" ref="0x2b6106431e40" scoped=""/></from>
          <to><interface-ref name="State" ref="0x2b6106ebeaa0" scoped=""/></to>
        </wire>
        <wire loc="82:/opt/tinyos-release-tinyos-2_1_2//tos/chips/cc2420/csma/CC2420CsmaC.nc">
          <from><interface-ref name="Leds" ref="0x2b61064407f0" scoped=""/></from>
          <to><interface-ref name="Leds" ref="0x2b6105f285b0" scoped=""/></to>
        </wire>
      </wiring>
    </component><component loc="62:/opt/tinyos-release-tinyos-2_1_2//tos/chips/cc2420/lowpan/CC2420TinyosNetworkC.nc" nicename="CC2420TinyosNetworkC" qname="CC2420TinyosNetworkC">
      <documentation loc="32:/opt/tinyos-release-tinyos-2_1_2//tos/chips/cc2420/lowpan/CC2420TinyosNetworkC.nc">
        <short>
 Original TinyOS T-Frames use a packet header that is not compatible with
 other 6LowPAN networks.</short>
        <long>
 Original TinyOS T-Frames use a packet header that is not compatible with
 other 6LowPAN networks.  They do not include the network byte 
 responsible for identifying the packing as being sourced from a TinyOS
 network.

 TinyOS I-Frames are interoperability packets that do include a network
 byte as defined by 6LowPAN specifications.  The I-Frame header type is
 the default packet header used in TinyOS networks.

 Since either packet header is acceptable, this layer must do some 
 preprocessing (sorry) to figure out whether or not it needs to include 
 the functionality to process I-frames.  If I-Frames are used, then
 the network byte is added on the way out and checked on the way in.
 If the packet came from a network different from a TinyOS network, the
 user may access it through the DispatchP's NonTinyosReceive[] Receive 
 interface and process it in a different radio stack.

 If T-Frames are used instead, this layer is simply pass-through wiring to the
 layer beneath.  

 Define &quot;CC2420_IFRAME_TYPE&quot; to use the interoperability frame and 
 this layer
 
 @author David Moss
</long>
      </documentation>
      <configuration/>
      <wiring>
        <wire loc="91:/opt/tinyos-release-tinyos-2_1_2//tos/chips/cc2420/lowpan/CC2420TinyosNetworkC.nc">
          <from><interface-ref name="Send" ref="0x2b6106f1b960" scoped=""/></from>
          <to><interface-ref name="BareSend" ref="0x2b6106f114d0" scoped=""/></to>
        </wire>
        <wire loc="97:/opt/tinyos-release-tinyos-2_1_2//tos/chips/cc2420/lowpan/CC2420TinyosNetworkC.nc">
          <from><interface-ref name="ActiveSend" ref="0x2b6106f1aca0" scoped=""/></from>
          <to><interface-ref name="ActiveSend" ref="0x2b6106f0fa20" scoped=""/></to>
        </wire>
        <wire loc="92:/opt/tinyos-release-tinyos-2_1_2//tos/chips/cc2420/lowpan/CC2420TinyosNetworkC.nc">
          <from><interface-ref name="Receive" ref="0x2b6106f1a5f0" scoped=""/></from>
          <to><interface-ref name="BareReceive" ref="0x2b6106f0f370" scoped=""/></to>
        </wire>
        <wire loc="96:/opt/tinyos-release-tinyos-2_1_2//tos/chips/cc2420/lowpan/CC2420TinyosNetworkC.nc">
          <from><interface-ref name="Resource" ref="0x2b6106f1ccb0" scoped=""/></from>
          <to><interface-ref name="Resource" ref="0x2b6106f127b0" scoped=""/></to>
        </wire>
        <wire loc="98:/opt/tinyos-release-tinyos-2_1_2//tos/chips/cc2420/lowpan/CC2420TinyosNetworkC.nc">
          <from><interface-ref name="ActiveReceive" ref="0x2b6106f19a50" scoped=""/></from>
          <to><interface-ref name="ActiveReceive" ref="0x2b6106f0e840" scoped=""/></to>
        </wire>
        <wire loc="93:/opt/tinyos-release-tinyos-2_1_2//tos/chips/cc2420/lowpan/CC2420TinyosNetworkC.nc">
          <from><interface-ref name="BarePacket" ref="0x2b6106f18170" scoped=""/></from>
          <to><interface-ref name="BarePacket" ref="0x2b6106f0d020" scoped=""/></to>
        </wire>
        <wire loc="94:/opt/tinyos-release-tinyos-2_1_2//tos/chips/cc2420/lowpan/CC2420TinyosNetworkC.nc">
          <from><interface-ref name="SubSend" ref="0x2b6106f0dd70" scoped=""/></from>
          <to><interface-ref name="SubSend" ref="0x2b6106f176b0" scoped=""/></to>
        </wire>
        <wire loc="95:/opt/tinyos-release-tinyos-2_1_2//tos/chips/cc2420/lowpan/CC2420TinyosNetworkC.nc">
          <from><interface-ref name="SubReceive" ref="0x2b6106f0cb10" scoped=""/></from>
          <to><interface-ref name="SubReceive" ref="0x2b6106f17020" scoped=""/></to>
        </wire>
        <wire loc="100:/opt/tinyos-release-tinyos-2_1_2//tos/chips/cc2420/lowpan/CC2420TinyosNetworkC.nc">
          <from><interface-ref name="CC2420Packet" ref="0x2b6106f0b2f0" scoped=""/></from>
          <to><interface-ref name="CC2420Packet" ref="0x2b6106df0680" scoped=""/></to>
        </wire>
        <wire loc="101:/opt/tinyos-release-tinyos-2_1_2//tos/chips/cc2420/lowpan/CC2420TinyosNetworkC.nc">
          <from><interface-ref name="CC2420PacketBody" ref="0x2b6106f0a170" scoped=""/></from>
          <to><interface-ref name="CC2420PacketBody" ref="0x2b6106dec0c0" scoped=""/></to>
        </wire>
        <wire loc="102:/opt/tinyos-release-tinyos-2_1_2//tos/chips/cc2420/lowpan/CC2420TinyosNetworkC.nc">
          <from><interface-ref name="Queue" ref="0x2b6106f0ab70" scoped=""/></from>
          <to><interface-ref name="FcfsQueue" ref="0x2b6106f8a410" scoped=""/></to>
        </wire>
        <wire loc="104:/opt/tinyos-release-tinyos-2_1_2//tos/chips/cc2420/lowpan/CC2420TinyosNetworkC.nc">
          <from><interface-ref name="SoftwareInit" ref="0x2b6105d641b0" scoped=""/></from>
          <to><interface-ref name="Init" ref="0x2b6106f8bdd0" scoped=""/></to>
        </wire>
      </wiring>
    </component><component loc="38:/opt/tinyos-release-tinyos-2_1_2//tos/chips/cc2420/packet/CC2420PacketC.nc" nicename="CC2420PacketC" qname="CC2420PacketC">
      <documentation loc="32:/opt/tinyos-release-tinyos-2_1_2//tos/chips/cc2420/packet/CC2420PacketC.nc">
        <short>
 </short>
        <long>
 @author Jonathan Hui &lt;jhui@archrock.com&gt;
 @author David Moss
 @author Chad Metcalf
</long>
      </documentation>
      <configuration/>
      <wiring>
        <wire loc="58:/opt/tinyos-release-tinyos-2_1_2//tos/chips/cc2420/packet/CC2420PacketC.nc">
          <from><interface-ref name="LinkPacketMetadata" ref="0x2b6106deca70" scoped=""/></from>
          <to><interface-ref name="LinkPacketMetadata" ref="0x2b6106ddd020" scoped=""/></to>
        </wire>
        <wire loc="55:/opt/tinyos-release-tinyos-2_1_2//tos/chips/cc2420/packet/CC2420PacketC.nc">
          <from><interface-ref name="CC2420Packet" ref="0x2b6106df0680" scoped=""/></from>
          <to><interface-ref name="CC2420Packet" ref="0x2b6106de2d30" scoped=""/></to>
        </wire>
        <wire loc="59:/opt/tinyos-release-tinyos-2_1_2//tos/chips/cc2420/packet/CC2420PacketC.nc">
          <from><interface-ref name="PacketTimeStamp32khz" ref="0x2b6106deb550" scoped=""/></from>
          <to><interface-ref name="PacketTimeStamp32khz" ref="0x2b6106ddda80" scoped=""/></to>
        </wire>
        <wire loc="57:/opt/tinyos-release-tinyos-2_1_2//tos/chips/cc2420/packet/CC2420PacketC.nc">
          <from><interface-ref name="CC2420PacketBody" ref="0x2b6106dec0c0" scoped=""/></from>
          <to><interface-ref name="CC2420PacketBody" ref="0x2b6106dde640" scoped=""/></to>
        </wire>
        <wire loc="61:/opt/tinyos-release-tinyos-2_1_2//tos/chips/cc2420/packet/CC2420PacketC.nc">
          <from><interface-ref name="PacketTimeSyncOffset" ref="0x2b6106de3480" scoped=""/></from>
          <to><interface-ref name="PacketTimeSyncOffset" ref="0x2b6106dd58b0" scoped=""/></to>
        </wire>
        <wire loc="60:/opt/tinyos-release-tinyos-2_1_2//tos/chips/cc2420/packet/CC2420PacketC.nc">
          <from><interface-ref name="PacketTimeStampMilli" ref="0x2b6106de7660" scoped=""/></from>
          <to><interface-ref name="PacketTimeStampMilli" ref="0x2b6106dd9af0" scoped=""/></to>
        </wire>
        <wire loc="56:/opt/tinyos-release-tinyos-2_1_2//tos/chips/cc2420/packet/CC2420PacketC.nc">
          <from><interface-ref name="Acks" ref="0x2b6106ded6e0" scoped=""/></from>
          <to><interface-ref name="Acks" ref="0x2b6106ddfc50" scoped=""/></to>
        </wire>
        <wire loc="64:/opt/tinyos-release-tinyos-2_1_2//tos/chips/cc2420/packet/CC2420PacketC.nc">
          <from><interface-ref name="Counter" ref="0x2b6106e43020" scoped=""/></from>
          <to><interface-ref name="Counter" ref="0x2b6106568d70" scoped=""/></to>
        </wire>
        <wire loc="65:/opt/tinyos-release-tinyos-2_1_2//tos/chips/cc2420/packet/CC2420PacketC.nc">
          <from><interface-ref name="LocalTime32khz" ref="0x2b6106dd23b0" scoped=""/></from>
          <to><interface-ref name="LocalTime" ref="0x2b6106e46cf0" scoped=""/></to>
        </wire>
        <wire loc="69:/opt/tinyos-release-tinyos-2_1_2//tos/chips/cc2420/packet/CC2420PacketC.nc">
          <from><interface-ref name="LocalTimeMilli" ref="0x2b6106dd16e0" scoped=""/></from>
          <to><interface-ref name="LocalTime" ref="0x2b610621d1a0" scoped=""/></to>
        </wire>
      </wiring>
    </component><component loc="38:/opt/tinyos-release-tinyos-2_1_2//tos/chips/cc2420/unique/UniqueSendC.nc" nicename="UniqueSendC" qname="UniqueSendC">
      <documentation loc="32:/opt/tinyos-release-tinyos-2_1_2//tos/chips/cc2420/unique/UniqueSendC.nc">
        <short>
 Generate a unique dsn byte for this outgoing packet
 This should sit at the top of the stack
 </short>
        <long>
 Generate a unique dsn byte for this outgoing packet
 This should sit at the top of the stack
 @author David Moss
</long>
      </documentation>
      <configuration/>
      <wiring>
        <wire loc="55:/opt/tinyos-release-tinyos-2_1_2//tos/chips/cc2420/unique/UniqueSendC.nc">
          <from><interface-ref name="Send" ref="0x2b6106e9d260" scoped=""/></from>
          <to><interface-ref name="Send" ref="0x2b6106e9ba30" scoped=""/></to>
        </wire>
        <wire loc="56:/opt/tinyos-release-tinyos-2_1_2//tos/chips/cc2420/unique/UniqueSendC.nc">
          <from><interface-ref name="SubSend" ref="0x2b6106e98e60" scoped=""/></from>
          <to><interface-ref name="SubSend" ref="0x2b6106e9c020" scoped=""/></to>
        </wire>
        <wire loc="58:/opt/tinyos-release-tinyos-2_1_2//tos/chips/cc2420/unique/UniqueSendC.nc">
          <from><interface-ref name="SoftwareInit" ref="0x2b6105d641b0" scoped=""/></from>
          <to><interface-ref name="Init" ref="0x2b6106e98750" scoped=""/></to>
        </wire>
        <wire loc="60:/opt/tinyos-release-tinyos-2_1_2//tos/chips/cc2420/unique/UniqueSendC.nc">
          <from><interface-ref name="State" ref="0x2b6106e97ae0" scoped=""/></from>
          <to><interface-ref name="State" ref="0x2b6106e99690" scoped=""/></to>
        </wire>
        <wire loc="61:/opt/tinyos-release-tinyos-2_1_2//tos/chips/cc2420/unique/UniqueSendC.nc">
          <from><interface-ref name="Random" ref="0x2b6106e968f0" scoped=""/></from>
          <to><interface-ref name="Random" ref="0x2b6106ebca20" scoped=""/></to>
        </wire>
        <wire loc="62:/opt/tinyos-release-tinyos-2_1_2//tos/chips/cc2420/unique/UniqueSendC.nc">
          <from><interface-ref name="CC2420PacketBody" ref="0x2b6106e95170" scoped=""/></from>
          <to><interface-ref name="CC2420PacketBody" ref="0x2b6106dec0c0" scoped=""/></to>
        </wire>
      </wiring>
    </component><component loc="41:/opt/tinyos-release-tinyos-2_1_2//tos/chips/cc2420/lpl/DummyLplC.nc" nicename="DummyLplC" qname="DummyLplC">
      <documentation loc="32:/opt/tinyos-release-tinyos-2_1_2//tos/chips/cc2420/lpl/DummyLplC.nc">
        <short>
 Dummy low power listening interface used when LowPowerListening is not
 compiled in with the application.</short>
        <long>
 Dummy low power listening interface used when LowPowerListening is not
 compiled in with the application.
 Sleep interval is always 0, and duty cycle is always 100%
 @author David Moss
</long>
      </documentation>
      <configuration/>
      <wiring>
        <wire loc="63:/opt/tinyos-release-tinyos-2_1_2//tos/chips/cc2420/lpl/DummyLplC.nc">
          <from><interface-ref name="SplitControl" ref="0x2b6106f7eb80" scoped=""/></from>
          <to><interface-ref name="SubControl" ref="0x2b6106f7bd90" scoped=""/></to>
        </wire>
        <wire loc="61:/opt/tinyos-release-tinyos-2_1_2//tos/chips/cc2420/lpl/DummyLplC.nc">
          <from><interface-ref name="Send" ref="0x2b6106f82d00" scoped=""/></from>
          <to><interface-ref name="SubSend" ref="0x2b6106f7c860" scoped=""/></to>
        </wire>
        <wire loc="64:/opt/tinyos-release-tinyos-2_1_2//tos/chips/cc2420/lpl/DummyLplC.nc">
          <from><interface-ref name="LowPowerListening" ref="0x2b6106f7e080" scoped=""/></from>
          <to><interface-ref name="LowPowerListening" ref="0x2b6106f772d0" scoped=""/></to>
        </wire>
        <wire loc="65:/opt/tinyos-release-tinyos-2_1_2//tos/chips/cc2420/lpl/DummyLplC.nc">
          <from><interface-ref name="SendState" ref="0x2b6106f7d800" scoped=""/></from>
          <to><interface-ref name="State" ref="0x2b6106f79580" scoped=""/></to>
        </wire>
        <wire loc="62:/opt/tinyos-release-tinyos-2_1_2//tos/chips/cc2420/lpl/DummyLplC.nc">
          <from><interface-ref name="Receive" ref="0x2b6106f7f980" scoped=""/></from>
          <to><interface-ref name="SubReceive" ref="0x2b6106f7b690" scoped=""/></to>
        </wire>
      </wiring>
    </component></referenced></component>