<?xml version="1.0" ?><component loc="38:/opt/tinyos-release-tinyos-2_1_2//tos/chips/cc2420/packet/CC2420PacketC.nc" nicename="CC2420PacketC" qname="CC2420PacketC">
      <documentation loc="32:/opt/tinyos-release-tinyos-2_1_2//tos/chips/cc2420/packet/CC2420PacketC.nc">
        <short>
 </short>
        <long>
 @author Jonathan Hui &lt;jhui@archrock.com&gt;
 @author David Moss
 @author Chad Metcalf
</long>
      </documentation>
      <configuration/>
      <wiring>
        <wire loc="58:/opt/tinyos-release-tinyos-2_1_2//tos/chips/cc2420/packet/CC2420PacketC.nc">
          <from><interface-ref name="LinkPacketMetadata" ref="0x2b6106deca70" scoped=""/></from>
          <to><interface-ref name="LinkPacketMetadata" ref="0x2b6106ddd020" scoped=""/></to>
        </wire>
        <wire loc="55:/opt/tinyos-release-tinyos-2_1_2//tos/chips/cc2420/packet/CC2420PacketC.nc">
          <from><interface-ref name="CC2420Packet" ref="0x2b6106df0680" scoped=""/></from>
          <to><interface-ref name="CC2420Packet" ref="0x2b6106de2d30" scoped=""/></to>
        </wire>
        <wire loc="59:/opt/tinyos-release-tinyos-2_1_2//tos/chips/cc2420/packet/CC2420PacketC.nc">
          <from><interface-ref name="PacketTimeStamp32khz" ref="0x2b6106deb550" scoped=""/></from>
          <to><interface-ref name="PacketTimeStamp32khz" ref="0x2b6106ddda80" scoped=""/></to>
        </wire>
        <wire loc="57:/opt/tinyos-release-tinyos-2_1_2//tos/chips/cc2420/packet/CC2420PacketC.nc">
          <from><interface-ref name="CC2420PacketBody" ref="0x2b6106dec0c0" scoped=""/></from>
          <to><interface-ref name="CC2420PacketBody" ref="0x2b6106dde640" scoped=""/></to>
        </wire>
        <wire loc="61:/opt/tinyos-release-tinyos-2_1_2//tos/chips/cc2420/packet/CC2420PacketC.nc">
          <from><interface-ref name="PacketTimeSyncOffset" ref="0x2b6106de3480" scoped=""/></from>
          <to><interface-ref name="PacketTimeSyncOffset" ref="0x2b6106dd58b0" scoped=""/></to>
        </wire>
        <wire loc="60:/opt/tinyos-release-tinyos-2_1_2//tos/chips/cc2420/packet/CC2420PacketC.nc">
          <from><interface-ref name="PacketTimeStampMilli" ref="0x2b6106de7660" scoped=""/></from>
          <to><interface-ref name="PacketTimeStampMilli" ref="0x2b6106dd9af0" scoped=""/></to>
        </wire>
        <wire loc="56:/opt/tinyos-release-tinyos-2_1_2//tos/chips/cc2420/packet/CC2420PacketC.nc">
          <from><interface-ref name="Acks" ref="0x2b6106ded6e0" scoped=""/></from>
          <to><interface-ref name="Acks" ref="0x2b6106ddfc50" scoped=""/></to>
        </wire>
        <wire loc="64:/opt/tinyos-release-tinyos-2_1_2//tos/chips/cc2420/packet/CC2420PacketC.nc">
          <from><interface-ref name="Counter" ref="0x2b6106e43020" scoped=""/></from>
          <to><interface-ref name="Counter" ref="0x2b6106568d70" scoped=""/></to>
        </wire>
        <wire loc="65:/opt/tinyos-release-tinyos-2_1_2//tos/chips/cc2420/packet/CC2420PacketC.nc">
          <from><interface-ref name="LocalTime32khz" ref="0x2b6106dd23b0" scoped=""/></from>
          <to><interface-ref name="LocalTime" ref="0x2b6106e46cf0" scoped=""/></to>
        </wire>
        <wire loc="69:/opt/tinyos-release-tinyos-2_1_2//tos/chips/cc2420/packet/CC2420PacketC.nc">
          <from><interface-ref name="LocalTimeMilli" ref="0x2b6106dd16e0" scoped=""/></from>
          <to><interface-ref name="LocalTime" ref="0x2b610621d1a0" scoped=""/></to>
        </wire>
      </wiring>
    <specification><interface loc="44:/opt/tinyos-release-tinyos-2_1_2//tos/chips/cc2420/packet/CC2420PacketC.nc" name="LinkPacketMetadata" provided="1" ref="0x2b6106deca70">
      <component-ref nicename="CC2420PacketC" qname="CC2420PacketC"/>
      <type-interface alignment="I:2" size="I:2"><interface-ref name="LinkPacketMetadata" ref="0x2b6106deca70" scoped=""/></type-interface>
      <instance>
        <interfacedef-ref nicename="LinkPacketMetadata" qname="LinkPacketMetadata"/>
      </instance>
      <interface-functions>
        <function-ref name="highChannelQuality" ref="0x2b6106decdf0" scoped=""/>
      </interface-functions>
    </interface><interface loc="41:/opt/tinyos-release-tinyos-2_1_2//tos/chips/cc2420/packet/CC2420PacketC.nc" name="CC2420Packet" provided="1" ref="0x2b6106df0680">
      <component-ref nicename="CC2420PacketC" qname="CC2420PacketC"/>
      <type-interface alignment="I:2" size="I:2"><interface-ref name="CC2420Packet" ref="0x2b6106df0680" scoped=""/></type-interface>
      <instance>
        <interfacedef-ref nicename="CC2420Packet" qname="CC2420Packet"/>
      </instance>
      <interface-functions>
        <function-ref name="setPower" ref="0x2b6106df0a00" scoped=""/>
        <function-ref name="setNetwork" ref="0x2b6106df0b90" scoped=""/>
        <function-ref name="getRssi" ref="0x2b6106df0d20" scoped=""/>
        <function-ref name="getNetwork" ref="0x2b6106ded020" scoped=""/>
        <function-ref name="getPower" ref="0x2b6106ded1b0" scoped=""/>
        <function-ref name="getLqi" ref="0x2b6106ded340" scoped=""/>
      </interface-functions>
    </interface><interface loc="46:/opt/tinyos-release-tinyos-2_1_2//tos/chips/cc2420/packet/CC2420PacketC.nc" name="PacketTimeStamp32khz" provided="1" ref="0x2b6106deb550">
      <component-ref nicename="CC2420PacketC" qname="CC2420PacketC"/>
      <type-interface alignment="I:2" size="I:2"><interface-ref name="PacketTimeStamp32khz" ref="0x2b6106deb550" scoped=""/></type-interface>
      <instance>
        <interfacedef-ref nicename="PacketTimeStamp" qname="PacketTimeStamp"/>
        <arguments>
          <type-tag alignment="I:2" size="I:2"><struct-ref ref="0x2b6105f51d70"/>
            <typename><typedef-ref name="T32khz" ref="0x2b6105f4f180"/></typename>
          </type-tag>
          <type-int alignment="I:2" cname="unsigned long" size="I:4" unsigned="">
            <typename><typedef-ref name="uint32_t" ref="0x2b6104f08920"/></typename>
          </type-int>
        </arguments>
      </instance>
      <interface-functions>
        <function-ref name="timestamp" ref="0x2b6106deab00" scoped=""/>
        <function-ref name="clear" ref="0x2b6106de82a0" scoped=""/>
        <function-ref name="isValid" ref="0x2b6106dea3d0" scoped=""/>
        <function-ref name="set" ref="0x2b6106de89d0" scoped=""/>
      </interface-functions>
    </interface><interface loc="43:/opt/tinyos-release-tinyos-2_1_2//tos/chips/cc2420/packet/CC2420PacketC.nc" name="CC2420PacketBody" provided="1" ref="0x2b6106dec0c0">
      <component-ref nicename="CC2420PacketC" qname="CC2420PacketC"/>
      <type-interface alignment="I:2" size="I:2"><interface-ref name="CC2420PacketBody" ref="0x2b6106dec0c0" scoped=""/></type-interface>
      <instance>
        <interfacedef-ref nicename="CC2420PacketBody" qname="CC2420PacketBody"/>
      </instance>
      <interface-functions>
        <function-ref name="getPayload" ref="0x2b6106dec440" scoped=""/>
        <function-ref name="getHeader" ref="0x2b6106dec5d0" scoped=""/>
        <function-ref name="getMetadata" ref="0x2b6106dec760" scoped=""/>
      </interface-functions>
    </interface><interface loc="48:/opt/tinyos-release-tinyos-2_1_2//tos/chips/cc2420/packet/CC2420PacketC.nc" name="PacketTimeSyncOffset" provided="1" ref="0x2b6106de3480">
      <component-ref nicename="CC2420PacketC" qname="CC2420PacketC"/>
      <type-interface alignment="I:2" size="I:2"><interface-ref name="PacketTimeSyncOffset" ref="0x2b6106de3480" scoped=""/></type-interface>
      <instance>
        <interfacedef-ref nicename="PacketTimeSyncOffset" qname="PacketTimeSyncOffset"/>
      </instance>
      <interface-functions>
        <function-ref name="get" ref="0x2b6106de3800" scoped=""/>
        <function-ref name="isSet" ref="0x2b6106de3990" scoped=""/>
        <function-ref name="cancel" ref="0x2b6106de3b20" scoped=""/>
        <function-ref name="set" ref="0x2b6106de3cb0" scoped=""/>
      </interface-functions>
    </interface><interface loc="47:/opt/tinyos-release-tinyos-2_1_2//tos/chips/cc2420/packet/CC2420PacketC.nc" name="PacketTimeStampMilli" provided="1" ref="0x2b6106de7660">
      <component-ref nicename="CC2420PacketC" qname="CC2420PacketC"/>
      <type-interface alignment="I:2" size="I:2"><interface-ref name="PacketTimeStampMilli" ref="0x2b6106de7660" scoped=""/></type-interface>
      <instance>
        <interfacedef-ref nicename="PacketTimeStamp" qname="PacketTimeStamp"/>
        <arguments>
          <type-tag alignment="I:2" size="I:2"><struct-ref ref="0x2b6105f515c0"/>
            <typename><typedef-ref name="TMilli" ref="0x2b6105f51930"/></typename>
          </type-tag>
          <type-int alignment="I:2" cname="unsigned long" size="I:4" unsigned="">
            <typename><typedef-ref name="uint32_t" ref="0x2b6104f08920"/></typename>
          </type-int>
        </arguments>
      </instance>
      <interface-functions>
        <function-ref name="timestamp" ref="0x2b6106de6ce0" scoped=""/>
        <function-ref name="clear" ref="0x2b6106de4460" scoped=""/>
        <function-ref name="isValid" ref="0x2b6106de65b0" scoped=""/>
        <function-ref name="set" ref="0x2b6106de4b90" scoped=""/>
      </interface-functions>
    </interface><interface loc="42:/opt/tinyos-release-tinyos-2_1_2//tos/chips/cc2420/packet/CC2420PacketC.nc" name="Acks" provided="1" ref="0x2b6106ded6e0">
      <component-ref nicename="CC2420PacketC" qname="CC2420PacketC"/>
      <type-interface alignment="I:2" size="I:2"><interface-ref name="Acks" ref="0x2b6106ded6e0" scoped=""/></type-interface>
      <instance>
        <interfacedef-ref nicename="PacketAcknowledgements" qname="PacketAcknowledgements"/>
      </instance>
      <interface-functions>
        <function-ref name="requestAck" ref="0x2b6106deda60" scoped=""/>
        <function-ref name="noAck" ref="0x2b6106dedbf0" scoped=""/>
        <function-ref name="wasAcked" ref="0x2b6106dedd80" scoped=""/>
      </interface-functions>
    </interface></specification><referenced><interface loc="57:/opt/tinyos-release-tinyos-2_1_2//tos/chips/cc2420/packet/CC2420PacketP.nc" name="LocalTime32khz" provided="0" ref="0x2b6106dd23b0">
      <component-ref nicename="CC2420PacketP" qname="CC2420PacketP"/>
      <type-interface alignment="I:2" size="I:2"><interface-ref name="LocalTime32khz" ref="0x2b6106dd23b0" scoped=""/></type-interface>
      <instance>
        <interfacedef-ref nicename="LocalTime" qname="LocalTime"/>
        <arguments>
          <type-tag alignment="I:2" size="I:2"><struct-ref ref="0x2b6105f51d70"/>
            <typename><typedef-ref name="T32khz" ref="0x2b6105f4f180"/></typename>
          </type-tag>
        </arguments>
      </instance>
      <interface-functions>
        <function-ref name="get" ref="0x2b6106dd1020" scoped=""/>
      </interface-functions>
    </interface><interface loc="48:/opt/tinyos-release-tinyos-2_1_2//tos/lib/timer/CounterToLocalTimeC.nc" name="LocalTime" provided="1" ref="0x2b6106e46cf0">
      <component-ref nicename="CC2420PacketC.CounterToLocalTimeC" qname="CC2420PacketC.CounterToLocalTimeC"/>
      <type-interface alignment="I:2" size="I:2"><interface-ref name="LocalTime" ref="0x2b6106e46cf0" scoped=""/></type-interface>
      <instance>
        <interfacedef-ref nicename="LocalTime" qname="LocalTime"/>
        <arguments>
          <type-tag alignment="I:2" size="I:2"><struct-ref ref="0x2b6105f51d70"/>
            <typename><typedef-ref name="T32khz" ref="0x2b6105f4f180"/></typename>
          </type-tag>
        </arguments>
      </instance>
      <interface-functions>
        <function-ref name="get" ref="0x2b6106e44980" scoped=""/>
      </interface-functions>
    </interface><interface loc="43:/opt/tinyos-release-tinyos-2_1_2//tos/chips/msp430/timer/Counter32khz32C.nc" name="Counter" provided="1" ref="0x2b6106568d70">
      <component-ref nicename="Counter32khz32C" qname="Counter32khz32C"/>
      <type-interface alignment="I:2" size="I:2"><interface-ref name="Counter" ref="0x2b6106568d70" scoped=""/></type-interface>
      <instance>
        <interfacedef-ref nicename="Counter" qname="Counter"/>
        <arguments>
          <type-tag alignment="I:2" size="I:2"><struct-ref ref="0x2b6105f51d70"/>
            <typename><typedef-ref name="T32khz" ref="0x2b6105f4f180"/></typename>
          </type-tag>
          <type-int alignment="I:2" cname="unsigned long" size="I:4" unsigned="">
            <typename><typedef-ref name="uint32_t" ref="0x2b6104f08920"/></typename>
          </type-int>
        </arguments>
      </instance>
      <interface-functions>
        <function-ref name="get" ref="0x2b6106565ba0" scoped=""/>
        <function-ref name="clearOverflow" ref="0x2b6106564550" scoped=""/>
        <function-ref name="isOverflowPending" ref="0x2b6106564090" scoped=""/>
        <function-ref name="overflow" ref="0x2b6106564a10" scoped=""/>
      </interface-functions>
    </interface><interface loc="51:/opt/tinyos-release-tinyos-2_1_2//tos/chips/cc2420/packet/CC2420PacketP.nc" name="PacketTimeStamp32khz" provided="1" ref="0x2b6106ddda80">
      <component-ref nicename="CC2420PacketP" qname="CC2420PacketP"/>
      <type-interface alignment="I:2" size="I:2"><interface-ref name="PacketTimeStamp32khz" ref="0x2b6106ddda80" scoped=""/></type-interface>
      <instance>
        <interfacedef-ref nicename="PacketTimeStamp" qname="PacketTimeStamp"/>
        <arguments>
          <type-tag alignment="I:2" size="I:2"><struct-ref ref="0x2b6105f51d70"/>
            <typename><typedef-ref name="T32khz" ref="0x2b6105f4f180"/></typename>
          </type-tag>
          <type-int alignment="I:2" cname="unsigned long" size="I:4" unsigned="">
            <typename><typedef-ref name="uint32_t" ref="0x2b6104f08920"/></typename>
          </type-int>
        </arguments>
      </instance>
      <interface-functions>
        <function-ref name="timestamp" ref="0x2b6106dda020" scoped=""/>
        <function-ref name="clear" ref="0x2b6106dda750" scoped=""/>
        <function-ref name="isValid" ref="0x2b6106ddb8d0" scoped=""/>
        <function-ref name="set" ref="0x2b6106ddae80" scoped=""/>
      </interface-functions>
    </interface><interface loc="49:/opt/tinyos-release-tinyos-2_1_2//tos/lib/timer/CounterToLocalTimeC.nc" name="Counter" provided="0" ref="0x2b6106e43020">
      <component-ref nicename="CC2420PacketC.CounterToLocalTimeC" qname="CC2420PacketC.CounterToLocalTimeC"/>
      <type-interface alignment="I:2" size="I:2"><interface-ref name="Counter" ref="0x2b6106e43020" scoped=""/></type-interface>
      <instance>
        <interfacedef-ref nicename="Counter" qname="Counter"/>
        <arguments>
          <type-tag alignment="I:2" size="I:2"><struct-ref ref="0x2b6105f51d70"/>
            <typename><typedef-ref name="T32khz" ref="0x2b6105f4f180"/></typename>
          </type-tag>
          <type-int alignment="I:2" cname="unsigned long" size="I:4" unsigned="">
            <typename><typedef-ref name="uint32_t" ref="0x2b6104f08920"/></typename>
          </type-int>
        </arguments>
      </instance>
      <interface-functions>
        <function-ref name="get" ref="0x2b6106e43e30" scoped=""/>
        <function-ref name="clearOverflow" ref="0x2b6106e42800" scoped=""/>
        <function-ref name="isOverflowPending" ref="0x2b6106e42340" scoped=""/>
        <function-ref name="overflow" ref="0x2b6106e42cc0" scoped=""/>
      </interface-functions>
    </interface><interface loc="49:/opt/tinyos-release-tinyos-2_1_2//tos/chips/cc2420/packet/CC2420PacketP.nc" name="LinkPacketMetadata" provided="1" ref="0x2b6106ddd020">
      <component-ref nicename="CC2420PacketP" qname="CC2420PacketP"/>
      <type-interface alignment="I:2" size="I:2"><interface-ref name="LinkPacketMetadata" ref="0x2b6106ddd020" scoped=""/></type-interface>
      <instance>
        <interfacedef-ref nicename="LinkPacketMetadata" qname="LinkPacketMetadata"/>
      </instance>
      <interface-functions>
        <function-ref name="highChannelQuality" ref="0x2b6106ddd3a0" scoped=""/>
      </interface-functions>
    </interface><interface loc="53:/opt/tinyos-release-tinyos-2_1_2//tos/chips/cc2420/packet/CC2420PacketP.nc" name="PacketTimeSyncOffset" provided="1" ref="0x2b6106dd58b0">
      <component-ref nicename="CC2420PacketP" qname="CC2420PacketP"/>
      <type-interface alignment="I:2" size="I:2"><interface-ref name="PacketTimeSyncOffset" ref="0x2b6106dd58b0" scoped=""/></type-interface>
      <instance>
        <interfacedef-ref nicename="PacketTimeSyncOffset" qname="PacketTimeSyncOffset"/>
      </instance>
      <interface-functions>
        <function-ref name="get" ref="0x2b6106dd5c30" scoped=""/>
        <function-ref name="isSet" ref="0x2b6106dd5dc0" scoped=""/>
        <function-ref name="cancel" ref="0x2b6106dd3020" scoped=""/>
        <function-ref name="set" ref="0x2b6106dd31b0" scoped=""/>
      </interface-functions>
    </interface><interface loc="47:/opt/tinyos-release-tinyos-2_1_2//tos/chips/cc2420/packet/CC2420PacketP.nc" name="Acks" provided="1" ref="0x2b6106ddfc50">
      <component-ref nicename="CC2420PacketP" qname="CC2420PacketP"/>
      <type-interface alignment="I:2" size="I:2"><interface-ref name="Acks" ref="0x2b6106ddfc50" scoped=""/></type-interface>
      <instance>
        <interfacedef-ref nicename="PacketAcknowledgements" qname="PacketAcknowledgements"/>
      </instance>
      <interface-functions>
        <function-ref name="requestAck" ref="0x2b6106dde020" scoped=""/>
        <function-ref name="noAck" ref="0x2b6106dde1b0" scoped=""/>
        <function-ref name="wasAcked" ref="0x2b6106dde340" scoped=""/>
      </interface-functions>
    </interface><interface loc="46:/opt/tinyos-release-tinyos-2_1_2//tos/chips/cc2420/packet/CC2420PacketP.nc" name="CC2420Packet" provided="1" ref="0x2b6106de2d30">
      <component-ref nicename="CC2420PacketP" qname="CC2420PacketP"/>
      <type-interface alignment="I:2" size="I:2"><interface-ref name="CC2420Packet" ref="0x2b6106de2d30" scoped=""/></type-interface>
      <instance>
        <interfacedef-ref nicename="CC2420Packet" qname="CC2420Packet"/>
      </instance>
      <interface-functions>
        <function-ref name="setPower" ref="0x2b6106ddf0e0" scoped=""/>
        <function-ref name="setNetwork" ref="0x2b6106ddf270" scoped=""/>
        <function-ref name="getRssi" ref="0x2b6106ddf400" scoped=""/>
        <function-ref name="getNetwork" ref="0x2b6106ddf590" scoped=""/>
        <function-ref name="getPower" ref="0x2b6106ddf720" scoped=""/>
        <function-ref name="getLqi" ref="0x2b6106ddf8b0" scoped=""/>
      </interface-functions>
    </interface><interface loc="58:/opt/tinyos-release-tinyos-2_1_2//tos/chips/cc2420/packet/CC2420PacketP.nc" name="LocalTimeMilli" provided="0" ref="0x2b6106dd16e0">
      <component-ref nicename="CC2420PacketP" qname="CC2420PacketP"/>
      <type-interface alignment="I:2" size="I:2"><interface-ref name="LocalTimeMilli" ref="0x2b6106dd16e0" scoped=""/></type-interface>
      <instance>
        <interfacedef-ref nicename="LocalTime" qname="LocalTime"/>
        <arguments>
          <type-tag alignment="I:2" size="I:2"><struct-ref ref="0x2b6105f515c0"/>
            <typename><typedef-ref name="TMilli" ref="0x2b6105f51930"/></typename>
          </type-tag>
        </arguments>
      </instance>
      <interface-functions>
        <function-ref name="get" ref="0x2b6106dd03d0" scoped=""/>
      </interface-functions>
    </interface><interface loc="52:/opt/tinyos-release-tinyos-2_1_2//tos/chips/cc2420/packet/CC2420PacketP.nc" name="PacketTimeStampMilli" provided="1" ref="0x2b6106dd9af0">
      <component-ref nicename="CC2420PacketP" qname="CC2420PacketP"/>
      <type-interface alignment="I:2" size="I:2"><interface-ref name="PacketTimeStampMilli" ref="0x2b6106dd9af0" scoped=""/></type-interface>
      <instance>
        <interfacedef-ref nicename="PacketTimeStamp" qname="PacketTimeStamp"/>
        <arguments>
          <type-tag alignment="I:2" size="I:2"><struct-ref ref="0x2b6105f515c0"/>
            <typename><typedef-ref name="TMilli" ref="0x2b6105f51930"/></typename>
          </type-tag>
          <type-int alignment="I:2" cname="unsigned long" size="I:4" unsigned="">
            <typename><typedef-ref name="uint32_t" ref="0x2b6104f08920"/></typename>
          </type-int>
        </arguments>
      </instance>
      <interface-functions>
        <function-ref name="timestamp" ref="0x2b6106dd60d0" scoped=""/>
        <function-ref name="clear" ref="0x2b6106dd6800" scoped=""/>
        <function-ref name="isValid" ref="0x2b6106dd7970" scoped=""/>
        <function-ref name="set" ref="0x2b6106dd5020" scoped=""/>
      </interface-functions>
    </interface><interface loc="47:/opt/tinyos-release-tinyos-2_1_2//tos/chips/msp430/timer/HilTimerMilliC.nc" name="LocalTime" provided="1" ref="0x2b610621d1a0">
      <component-ref nicename="HilTimerMilliC" qname="HilTimerMilliC"/>
      <type-interface alignment="I:2" size="I:2"><interface-ref name="LocalTime" ref="0x2b610621d1a0" scoped=""/></type-interface>
      <instance>
        <interfacedef-ref nicename="LocalTime" qname="LocalTime"/>
        <arguments>
          <type-tag alignment="I:2" size="I:2"><struct-ref ref="0x2b6105f515c0"/>
            <typename><typedef-ref name="TMilli" ref="0x2b6105f51930"/></typename>
          </type-tag>
        </arguments>
      </instance>
      <interface-functions>
        <function-ref name="get" ref="0x2b610621ddd0" scoped=""/>
      </interface-functions>
    </interface><interface loc="48:/opt/tinyos-release-tinyos-2_1_2//tos/chips/cc2420/packet/CC2420PacketP.nc" name="CC2420PacketBody" provided="1" ref="0x2b6106dde640">
      <component-ref nicename="CC2420PacketP" qname="CC2420PacketP"/>
      <type-interface alignment="I:2" size="I:2"><interface-ref name="CC2420PacketBody" ref="0x2b6106dde640" scoped=""/></type-interface>
      <instance>
        <interfacedef-ref nicename="CC2420PacketBody" qname="CC2420PacketBody"/>
      </instance>
      <interface-functions>
        <function-ref name="getPayload" ref="0x2b6106dde9c0" scoped=""/>
        <function-ref name="getHeader" ref="0x2b6106ddeb50" scoped=""/>
        <function-ref name="getMetadata" ref="0x2b6106ddece0" scoped=""/>
      </interface-functions>
    </interface><component loc="46(CC2420PacketC.CounterToLocalTimeC):/opt/tinyos-release-tinyos-2_1_2//tos/lib/timer/CounterToLocalTimeC.nc" nicename="CC2420PacketC.CounterToLocalTimeC" qname="CC2420PacketC.CounterToLocalTimeC">
      <documentation loc="36:/opt/tinyos-release-tinyos-2_1_2//tos/lib/timer/CounterToLocalTimeC.nc">
        <short>
 CounterToLocalTimeC converts a 32-bit LocalTime to a Counter.</short>
        <long>
 CounterToLocalTimeC converts a 32-bit LocalTime to a Counter.  

 &lt;p&gt;See TEP102 for more details.
 @param precision_tag A type indicating the precision of the LocalTime and
 Counter being converted.

 @author Cory Sharp &lt;cssharp@eecs.berkeley.edu&gt;
</long>
      </documentation>
      <instance number="1">
        <component-ref nicename="CounterToLocalTimeC" qname="CounterToLocalTimeC"/>
        <arguments>
          <type-tag alignment="I:2" size="I:2"><struct-ref ref="0x2b6105f51d70"/>
            <typename><typedef-ref name="T32khz" ref="0x2b6105f4f180"/></typename>
          </type-tag>
        </arguments>
      </instance>
      <module/>
    </component><component loc="41:/opt/tinyos-release-tinyos-2_1_2//tos/chips/msp430/timer/Counter32khz32C.nc" nicename="Counter32khz32C" qname="Counter32khz32C">
      <documentation loc="33:/opt/tinyos-release-tinyos-2_1_2//tos/chips/msp430/timer/Counter32khz32C.nc">
        <short>
 Counter32khz32C provides at 32-bit counter at 32768 ticks per second.</short>
        <long>
 Counter32khz32C provides at 32-bit counter at 32768 ticks per second.

 @author Cory Sharp &lt;cssharp@eecs.berkeley.edu&gt;
 @see  Please refer to TEP 102 for more information about this component and its
          intended use.
</long>
      </documentation>
      <configuration/>
      <wiring>
        <wire loc="50:/opt/tinyos-release-tinyos-2_1_2//tos/chips/msp430/timer/Counter32khz32C.nc">
          <from><interface-ref name="Counter" ref="0x2b6106568d70" scoped=""/></from>
          <to><interface-ref name="Counter" ref="0x2b61065a0ad0" scoped=""/></to>
        </wire>
        <wire loc="52:/opt/tinyos-release-tinyos-2_1_2//tos/chips/msp430/timer/Counter32khz32C.nc">
          <from><interface-ref name="CounterFrom" ref="0x2b610659c020" scoped=""/></from>
          <to><interface-ref name="Msp430Counter32khz" ref="0x2b61062a2060" scoped=""/></to>
        </wire>
      </wiring>
    </component><component loc="43:/opt/tinyos-release-tinyos-2_1_2//tos/chips/msp430/timer/HilTimerMilliC.nc" nicename="HilTimerMilliC" qname="HilTimerMilliC">
      <documentation loc="33:/opt/tinyos-release-tinyos-2_1_2//tos/chips/msp430/timer/HilTimerMilliC.nc">
        <short>
 HilTimerMilliC provides a parameterized interface to a virtualized
 millisecond timer.</short>
        <long>
 HilTimerMilliC provides a parameterized interface to a virtualized
 millisecond timer.  TimerMilliC in tos/system/ uses this component to
 allocate new timers.

 @author Cory Sharp &lt;cssharp@eecs.berkeley.edu&gt;
 @see  Please refer to TEP 102 for more information about this component and its
          intended use.
</long>
      </documentation>
      <configuration/>
      <wiring>
        <wire loc="58:/opt/tinyos-release-tinyos-2_1_2//tos/chips/msp430/timer/HilTimerMilliC.nc">
          <from><interface-ref name="TimerMilli" ref="0x2b6106224670" scoped=""/></from>
          <to><interface-ref name="Timer" ref="0x2b610639b690" scoped=""/></to>
        </wire>
        <wire loc="59:/opt/tinyos-release-tinyos-2_1_2//tos/chips/msp430/timer/HilTimerMilliC.nc">
          <from><interface-ref name="LocalTime" ref="0x2b610621d1a0" scoped=""/></from>
          <to><interface-ref name="LocalTime" ref="0x2b610638ccf0" scoped=""/></to>
        </wire>
        <wire loc="57:/opt/tinyos-release-tinyos-2_1_2//tos/chips/msp430/timer/HilTimerMilliC.nc">
          <from><interface-ref name="Init" ref="0x2b6106228850" scoped=""/></from>
          <to><interface-ref name="Init" ref="0x2b6106303760" scoped=""/></to>
        </wire>
        <wire loc="61:/opt/tinyos-release-tinyos-2_1_2//tos/chips/msp430/timer/HilTimerMilliC.nc">
          <from><interface-ref name="TimerFrom" ref="0x2b6106395c30" scoped=""/></from>
          <to><interface-ref name="Timer" ref="0x2b6106343cf0" scoped=""/></to>
        </wire>
        <wire loc="62:/opt/tinyos-release-tinyos-2_1_2//tos/chips/msp430/timer/HilTimerMilliC.nc">
          <from><interface-ref name="Alarm" ref="0x2b610633d1d0" scoped=""/></from>
          <to><interface-ref name="Alarm" ref="0x2b6106302020" scoped=""/></to>
        </wire>
        <wire loc="63:/opt/tinyos-release-tinyos-2_1_2//tos/chips/msp430/timer/HilTimerMilliC.nc">
          <from><interface-ref name="Counter" ref="0x2b61063b9020" scoped=""/></from>
          <to><interface-ref name="Counter" ref="0x2b61062ab020" scoped=""/></to>
        </wire>
      </wiring>
    </component><component loc="43:/opt/tinyos-release-tinyos-2_1_2//tos/chips/cc2420/packet/CC2420PacketP.nc" nicename="CC2420PacketP" qname="CC2420PacketP" safe="">
      <documentation loc="32:/opt/tinyos-release-tinyos-2_1_2//tos/chips/cc2420/packet/CC2420PacketP.nc">
        <short>
 </short>
        <long>
 @author Jonathan Hui &lt;jhui@archrock.com&gt;
 @author David Moss
 @author Chad Metcalf
</long>
      </documentation>
      <module/>
    </component></referenced></component>