<?xml version="1.0" ?><component loc="42:/opt/tinyos-release-tinyos-2_1_2//tos/chips/cc2420/csma/CC2420CsmaC.nc" nicename="CC2420CsmaC" qname="CC2420CsmaC">
      <documentation loc="32:/opt/tinyos-release-tinyos-2_1_2//tos/chips/cc2420/csma/CC2420CsmaC.nc">
        <short>
 Basic implementation of a CSMA MAC for the ChipCon CC2420 radio.</short>
        <long>
 Basic implementation of a CSMA MAC for the ChipCon CC2420 radio.

 @author Jonathan Hui &lt;jhui@archrock.com&gt;
 @version $Revision: 1.2 $ $Date: 2008-05-14 21:33:07 $
</long>
      </documentation>
      <configuration/>
      <wiring>
        <wire loc="55:/opt/tinyos-release-tinyos-2_1_2//tos/chips/cc2420/csma/CC2420CsmaC.nc">
          <from><interface-ref name="SplitControl" ref="0x2b61064203b0" scoped=""/></from>
          <to><interface-ref name="SplitControl" ref="0x2b610641a080" scoped=""/></to>
        </wire>
        <wire loc="54:/opt/tinyos-release-tinyos-2_1_2//tos/chips/cc2420/csma/CC2420CsmaC.nc">
          <from><interface-ref name="RadioBackoff" ref="0x2b610641e3b0" scoped=""/></from>
          <to><interface-ref name="RadioBackoff" ref="0x2b6106419970" scoped=""/></to>
        </wire>
        <wire loc="56:/opt/tinyos-release-tinyos-2_1_2//tos/chips/cc2420/csma/CC2420CsmaC.nc">
          <from><interface-ref name="Send" ref="0x2b610641f020" scoped=""/></from>
          <to><interface-ref name="Send" ref="0x2b610641ab70" scoped=""/></to>
        </wire>
        <wire loc="68:/opt/tinyos-release-tinyos-2_1_2//tos/chips/cc2420/csma/CC2420CsmaC.nc">
          <from><interface-ref name="Receive" ref="0x2b610641fcc0" scoped=""/></from>
          <to><interface-ref name="Receive" ref="0x2b6106d529a0" scoped=""/></to>
        </wire>
        <wire loc="59:/opt/tinyos-release-tinyos-2_1_2//tos/chips/cc2420/csma/CC2420CsmaC.nc">
          <from><interface-ref name="Resource" ref="0x2b61064187d0" scoped=""/></from>
          <to><interface-ref name="Resource" ref="0x2b6106498730" scoped=""/></to>
        </wire>
        <wire loc="60:/opt/tinyos-release-tinyos-2_1_2//tos/chips/cc2420/csma/CC2420CsmaC.nc">
          <from><interface-ref name="CC2420Power" ref="0x2b610644acd0" scoped=""/></from>
          <to><interface-ref name="CC2420Power" ref="0x2b6106493a60" scoped=""/></to>
        </wire>
        <wire loc="69:/opt/tinyos-release-tinyos-2_1_2//tos/chips/cc2420/csma/CC2420CsmaC.nc">
          <from><interface-ref name="SubControl" ref="0x2b6106415020" scoped=""/></from>
          <to><interface-ref name="StdControl" ref="0x2b6106d56680" scoped=""/></to>
        </wire>
        <wire loc="63:/opt/tinyos-release-tinyos-2_1_2//tos/chips/cc2420/csma/CC2420CsmaC.nc">
          <from><interface-ref name="SubControl" ref="0x2b6106415020" scoped=""/></from>
          <to><interface-ref name="StdControl" ref="0x2b6106c756d0" scoped=""/></to>
        </wire>
        <wire loc="64:/opt/tinyos-release-tinyos-2_1_2//tos/chips/cc2420/csma/CC2420CsmaC.nc">
          <from><interface-ref name="CC2420Transmit" ref="0x2b6106442d30" scoped=""/></from>
          <to><interface-ref name="CC2420Transmit" ref="0x2b6106c71020" scoped=""/></to>
        </wire>
        <wire loc="65:/opt/tinyos-release-tinyos-2_1_2//tos/chips/cc2420/csma/CC2420CsmaC.nc">
          <from><interface-ref name="SubBackoff" ref="0x2b6106449ae0" scoped=""/></from>
          <to><interface-ref name="RadioBackoff" ref="0x2b6106c71cb0" scoped=""/></to>
        </wire>
        <wire loc="72:/opt/tinyos-release-tinyos-2_1_2//tos/chips/cc2420/csma/CC2420CsmaC.nc">
          <from><interface-ref name="CC2420Packet" ref="0x2b610643d020" scoped=""/></from>
          <to><interface-ref name="CC2420Packet" ref="0x2b6106df0680" scoped=""/></to>
        </wire>
        <wire loc="73:/opt/tinyos-release-tinyos-2_1_2//tos/chips/cc2420/csma/CC2420CsmaC.nc">
          <from><interface-ref name="CC2420PacketBody" ref="0x2b6106436660" scoped=""/></from>
          <to><interface-ref name="CC2420PacketBody" ref="0x2b6106dec0c0" scoped=""/></to>
        </wire>
        <wire loc="76:/opt/tinyos-release-tinyos-2_1_2//tos/chips/cc2420/csma/CC2420CsmaC.nc">
          <from><interface-ref name="Random" ref="0x2b6106440020" scoped=""/></from>
          <to><interface-ref name="Random" ref="0x2b6106ebca20" scoped=""/></to>
        </wire>
        <wire loc="79:/opt/tinyos-release-tinyos-2_1_2//tos/chips/cc2420/csma/CC2420CsmaC.nc">
          <from><interface-ref name="SplitControlState" ref="0x2b6106431e40" scoped=""/></from>
          <to><interface-ref name="State" ref="0x2b6106ebeaa0" scoped=""/></to>
        </wire>
        <wire loc="82:/opt/tinyos-release-tinyos-2_1_2//tos/chips/cc2420/csma/CC2420CsmaC.nc">
          <from><interface-ref name="Leds" ref="0x2b61064407f0" scoped=""/></from>
          <to><interface-ref name="Leds" ref="0x2b6105f285b0" scoped=""/></to>
        </wire>
      </wiring>
    <specification><interface loc="44:/opt/tinyos-release-tinyos-2_1_2//tos/chips/cc2420/csma/CC2420CsmaC.nc" name="SplitControl" provided="1" ref="0x2b61064203b0">
      <component-ref nicename="CC2420CsmaC" qname="CC2420CsmaC"/>
      <type-interface alignment="I:2" size="I:2"><interface-ref name="SplitControl" ref="0x2b61064203b0" scoped=""/></type-interface>
      <instance>
        <interfacedef-ref nicename="SplitControl" qname="SplitControl"/>
      </instance>
      <interface-functions>
        <function-ref name="startDone" ref="0x2b6106420730" scoped=""/>
        <function-ref name="stopDone" ref="0x2b61064208c0" scoped=""/>
        <function-ref name="start" ref="0x2b6106420a50" scoped=""/>
        <function-ref name="stop" ref="0x2b6106420be0" scoped=""/>
      </interface-functions>
    </interface><interface loc="47:/opt/tinyos-release-tinyos-2_1_2//tos/chips/cc2420/csma/CC2420CsmaC.nc" name="RadioBackoff" provided="1" ref="0x2b610641e3b0">
      <component-ref nicename="CC2420CsmaC" qname="CC2420CsmaC"/>
      <type-interface alignment="I:2" size="I:2"><interface-ref name="RadioBackoff" ref="0x2b610641e3b0" scoped=""/></type-interface>
      <instance>
        <interfacedef-ref nicename="RadioBackoff" qname="RadioBackoff"/>
      </instance>
      <interface-functions>
        <function-ref name="requestCca" ref="0x2b610641e730" scoped=""/>
        <function-ref name="requestInitialBackoff" ref="0x2b610641e8c0" scoped=""/>
        <function-ref name="setCongestionBackoff" ref="0x2b610641ea50" scoped=""/>
        <function-ref name="setInitialBackoff" ref="0x2b610641ebe0" scoped=""/>
        <function-ref name="setCca" ref="0x2b610641ed70" scoped=""/>
        <function-ref name="requestCongestionBackoff" ref="0x2b610641d020" scoped=""/>
      </interface-functions>
    </interface><interface loc="45:/opt/tinyos-release-tinyos-2_1_2//tos/chips/cc2420/csma/CC2420CsmaC.nc" name="Send" provided="1" ref="0x2b610641f020">
      <component-ref nicename="CC2420CsmaC" qname="CC2420CsmaC"/>
      <type-interface alignment="I:2" size="I:2"><interface-ref name="Send" ref="0x2b610641f020" scoped=""/></type-interface>
      <instance>
        <interfacedef-ref nicename="Send" qname="Send"/>
      </instance>
      <interface-functions>
        <function-ref name="send" ref="0x2b610641f3a0" scoped=""/>
        <function-ref name="getPayload" ref="0x2b610641f530" scoped=""/>
        <function-ref name="maxPayloadLength" ref="0x2b610641f6c0" scoped=""/>
        <function-ref name="cancel" ref="0x2b610641f850" scoped=""/>
        <function-ref name="sendDone" ref="0x2b610641f9e0" scoped=""/>
      </interface-functions>
    </interface><interface loc="46:/opt/tinyos-release-tinyos-2_1_2//tos/chips/cc2420/csma/CC2420CsmaC.nc" name="Receive" provided="1" ref="0x2b610641fcc0">
      <component-ref nicename="CC2420CsmaC" qname="CC2420CsmaC"/>
      <type-interface alignment="I:2" size="I:2"><interface-ref name="Receive" ref="0x2b610641fcc0" scoped=""/></type-interface>
      <instance>
        <interfacedef-ref nicename="Receive" qname="Receive"/>
      </instance>
      <interface-functions>
        <function-ref name="receive" ref="0x2b610641e0a0" scoped=""/>
      </interface-functions>
    </interface></specification><referenced><interface loc="49:/opt/tinyos-release-tinyos-2_1_2//tos/chips/cc2420/csma/CC2420CsmaP.nc" name="Leds" provided="0" ref="0x2b61064407f0">
      <component-ref nicename="CC2420CsmaP" qname="CC2420CsmaP"/>
      <type-interface alignment="I:2" size="I:2"><interface-ref name="Leds" ref="0x2b61064407f0" scoped=""/></type-interface>
      <instance>
        <interfacedef-ref nicename="Leds" qname="Leds"/>
      </instance>
      <interface-functions>
        <function-ref name="led0Off" ref="0x2b6106440b70" scoped=""/>
        <function-ref name="led0Toggle" ref="0x2b6106440d00" scoped=""/>
        <function-ref name="led1On" ref="0x2b610643f020" scoped=""/>
        <function-ref name="led1Toggle" ref="0x2b610643f1b0" scoped=""/>
        <function-ref name="led2Toggle" ref="0x2b610643f340" scoped=""/>
        <function-ref name="get" ref="0x2b610643f4d0" scoped=""/>
        <function-ref name="led1Off" ref="0x2b610643f660" scoped=""/>
        <function-ref name="led2Off" ref="0x2b610643fca0" scoped=""/>
        <function-ref name="set" ref="0x2b610643f7f0" scoped=""/>
        <function-ref name="led0On" ref="0x2b610643f980" scoped=""/>
        <function-ref name="led2On" ref="0x2b610643fb10" scoped=""/>
      </interface-functions>
    </interface><interface loc="46:/opt/tinyos-release-tinyos-2_1_2//tos/chips/cc2420/csma/CC2420CsmaP.nc" name="CC2420Transmit" provided="0" ref="0x2b6106442d30">
      <component-ref nicename="CC2420CsmaP" qname="CC2420CsmaP"/>
      <type-interface alignment="I:2" size="I:2"><interface-ref name="CC2420Transmit" ref="0x2b6106442d30" scoped=""/></type-interface>
      <instance>
        <interfacedef-ref nicename="CC2420Transmit" qname="CC2420Transmit"/>
      </instance>
      <interface-functions>
        <function-ref name="send" ref="0x2b61064490e0" scoped=""/>
        <function-ref name="cancel" ref="0x2b6106449270" scoped=""/>
        <function-ref name="modify" ref="0x2b6106449400" scoped=""/>
        <function-ref name="sendDone" ref="0x2b6106449590" scoped=""/>
        <function-ref name="resend" ref="0x2b6106449720" scoped=""/>
      </interface-functions>
    </interface><interface loc="46:/opt/tinyos-release-tinyos-2_1_2//tos/system/LedsC.nc" name="Leds" provided="1" ref="0x2b6105f285b0">
      <component-ref nicename="LedsC" qname="LedsC"/>
      <type-interface alignment="I:2" size="I:2"><interface-ref name="Leds" ref="0x2b6105f285b0" scoped=""/></type-interface>
      <instance>
        <interfacedef-ref nicename="Leds" qname="Leds"/>
      </instance>
      <interface-functions>
        <function-ref name="led0Off" ref="0x2b6105f28930" scoped=""/>
        <function-ref name="led0Toggle" ref="0x2b6105f28ac0" scoped=""/>
        <function-ref name="led1On" ref="0x2b6105f28c50" scoped=""/>
        <function-ref name="led1Toggle" ref="0x2b6105f28de0" scoped=""/>
        <function-ref name="led2Toggle" ref="0x2b6105f91020" scoped=""/>
        <function-ref name="get" ref="0x2b6105f911b0" scoped=""/>
        <function-ref name="led1Off" ref="0x2b6105f91340" scoped=""/>
        <function-ref name="led2Off" ref="0x2b6105f91980" scoped=""/>
        <function-ref name="set" ref="0x2b6105f914d0" scoped=""/>
        <function-ref name="led0On" ref="0x2b6105f91660" scoped=""/>
        <function-ref name="led2On" ref="0x2b6105f917f0" scoped=""/>
      </interface-functions>
    </interface><interface loc="50:/opt/tinyos-release-tinyos-2_1_2//tos/chips/cc2420/csma/CC2420CsmaP.nc" name="CC2420Packet" provided="0" ref="0x2b610643d020">
      <component-ref nicename="CC2420CsmaP" qname="CC2420CsmaP"/>
      <type-interface alignment="I:2" size="I:2"><interface-ref name="CC2420Packet" ref="0x2b610643d020" scoped=""/></type-interface>
      <instance>
        <interfacedef-ref nicename="CC2420Packet" qname="CC2420Packet"/>
      </instance>
      <interface-functions>
        <function-ref name="setPower" ref="0x2b610643d3a0" scoped=""/>
        <function-ref name="setNetwork" ref="0x2b610643d530" scoped=""/>
        <function-ref name="getRssi" ref="0x2b610643d6c0" scoped=""/>
        <function-ref name="getNetwork" ref="0x2b610643d850" scoped=""/>
        <function-ref name="getPower" ref="0x2b610643d9e0" scoped=""/>
        <function-ref name="getLqi" ref="0x2b610643db70" scoped=""/>
      </interface-functions>
    </interface><interface loc="41:/opt/tinyos-release-tinyos-2_1_2//tos/chips/cc2420/receive/CC2420ReceiveC.nc" name="StdControl" provided="1" ref="0x2b6106d56680">
      <component-ref nicename="CC2420ReceiveC" qname="CC2420ReceiveC"/>
      <type-interface alignment="I:2" size="I:2"><interface-ref name="StdControl" ref="0x2b6106d56680" scoped=""/></type-interface>
      <instance>
        <interfacedef-ref nicename="StdControl" qname="StdControl"/>
      </instance>
      <interface-functions>
        <function-ref name="start" ref="0x2b6106d56a00" scoped=""/>
        <function-ref name="stop" ref="0x2b6106d56b90" scoped=""/>
      </interface-functions>
    </interface><interface loc="67:/opt/tinyos-release-tinyos-2_1_2//tos/system/StateC.nc" name="State" provided="1" ref="0x2b6106ebeaa0">
      <component-ref nicename="CC2420CsmaC.StateC" qname="CC2420CsmaC.StateC"/>
      <type-interface alignment="I:2" size="I:2"><interface-ref name="State" ref="0x2b6106ebeaa0" scoped=""/></type-interface>
      <instance>
        <interfacedef-ref nicename="State" qname="State"/>
      </instance>
      <interface-functions>
        <function-ref name="getState" ref="0x2b6106ebee20" scoped=""/>
        <function-ref name="toIdle" ref="0x2b6106ea6020" scoped=""/>
        <function-ref name="isState" ref="0x2b6106ea61b0" scoped=""/>
        <function-ref name="isIdle" ref="0x2b6106ea6340" scoped=""/>
        <function-ref name="requestState" ref="0x2b6106ea64d0" scoped=""/>
        <function-ref name="forceState" ref="0x2b6106ea6660" scoped=""/>
      </interface-functions>
    </interface><interface loc="43:/opt/tinyos-release-tinyos-2_1_2//tos/chips/cc2420/packet/CC2420PacketC.nc" name="CC2420PacketBody" provided="1" ref="0x2b6106dec0c0">
      <component-ref nicename="CC2420PacketC" qname="CC2420PacketC"/>
      <type-interface alignment="I:2" size="I:2"><interface-ref name="CC2420PacketBody" ref="0x2b6106dec0c0" scoped=""/></type-interface>
      <instance>
        <interfacedef-ref nicename="CC2420PacketBody" qname="CC2420PacketBody"/>
      </instance>
      <interface-functions>
        <function-ref name="getPayload" ref="0x2b6106dec440" scoped=""/>
        <function-ref name="getHeader" ref="0x2b6106dec5d0" scoped=""/>
        <function-ref name="getMetadata" ref="0x2b6106dec760" scoped=""/>
      </interface-functions>
    </interface><interface loc="47:/opt/tinyos-release-tinyos-2_1_2//tos/chips/cc2420/csma/CC2420CsmaP.nc" name="SubBackoff" provided="0" ref="0x2b6106449ae0">
      <component-ref nicename="CC2420CsmaP" qname="CC2420CsmaP"/>
      <type-interface alignment="I:2" size="I:2"><interface-ref name="SubBackoff" ref="0x2b6106449ae0" scoped=""/></type-interface>
      <instance>
        <interfacedef-ref nicename="RadioBackoff" qname="RadioBackoff"/>
      </instance>
      <interface-functions>
        <function-ref name="requestCca" ref="0x2b6106449e60" scoped=""/>
        <function-ref name="requestInitialBackoff" ref="0x2b6106448020" scoped=""/>
        <function-ref name="setCongestionBackoff" ref="0x2b61064481b0" scoped=""/>
        <function-ref name="setInitialBackoff" ref="0x2b6106448340" scoped=""/>
        <function-ref name="setCca" ref="0x2b61064484d0" scoped=""/>
        <function-ref name="requestCongestionBackoff" ref="0x2b6106448660" scoped=""/>
      </interface-functions>
    </interface><interface loc="41:/opt/tinyos-release-tinyos-2_1_2//tos/chips/cc2420/csma/CC2420CsmaP.nc" name="RadioBackoff" provided="1" ref="0x2b6106419970">
      <component-ref nicename="CC2420CsmaP" qname="CC2420CsmaP"/>
      <type-interface alignment="I:2" size="I:2"><interface-ref name="RadioBackoff" ref="0x2b6106419970" scoped=""/></type-interface>
      <instance>
        <interfacedef-ref nicename="RadioBackoff" qname="RadioBackoff"/>
      </instance>
      <interface-functions>
        <function-ref name="requestCca" ref="0x2b6106419cf0" scoped=""/>
        <function-ref name="requestInitialBackoff" ref="0x2b6106419e80" scoped=""/>
        <function-ref name="setCongestionBackoff" ref="0x2b6106418030" scoped=""/>
        <function-ref name="setInitialBackoff" ref="0x2b61064181c0" scoped=""/>
        <function-ref name="setCca" ref="0x2b6106418350" scoped=""/>
        <function-ref name="requestCongestionBackoff" ref="0x2b61064184e0" scoped=""/>
      </interface-functions>
    </interface><interface loc="45:/opt/tinyos-release-tinyos-2_1_2//tos/chips/cc2420/csma/CC2420CsmaP.nc" name="SubControl" provided="0" ref="0x2b6106415020">
      <component-ref nicename="CC2420CsmaP" qname="CC2420CsmaP"/>
      <type-interface alignment="I:2" size="I:2"><interface-ref name="SubControl" ref="0x2b6106415020" scoped=""/></type-interface>
      <instance>
        <interfacedef-ref nicename="StdControl" qname="StdControl"/>
      </instance>
      <interface-functions>
        <function-ref name="start" ref="0x2b61064153a0" scoped=""/>
        <function-ref name="stop" ref="0x2b6106415530" scoped=""/>
      </interface-functions>
    </interface><interface loc="39:/opt/tinyos-release-tinyos-2_1_2//tos/chips/cc2420/csma/CC2420CsmaP.nc" name="SplitControl" provided="1" ref="0x2b610641a080">
      <component-ref nicename="CC2420CsmaP" qname="CC2420CsmaP"/>
      <type-interface alignment="I:2" size="I:2"><interface-ref name="SplitControl" ref="0x2b610641a080" scoped=""/></type-interface>
      <instance>
        <interfacedef-ref nicename="SplitControl" qname="SplitControl"/>
      </instance>
      <interface-functions>
        <function-ref name="startDone" ref="0x2b610641a400" scoped=""/>
        <function-ref name="stopDone" ref="0x2b610641a590" scoped=""/>
        <function-ref name="start" ref="0x2b610641a720" scoped=""/>
        <function-ref name="stop" ref="0x2b610641a8b0" scoped=""/>
      </interface-functions>
    </interface><interface loc="44:/opt/tinyos-release-tinyos-2_1_2//tos/chips/cc2420/csma/CC2420CsmaP.nc" name="CC2420Power" provided="0" ref="0x2b610644acd0">
      <component-ref nicename="CC2420CsmaP" qname="CC2420CsmaP"/>
      <type-interface alignment="I:2" size="I:2"><interface-ref name="CC2420Power" ref="0x2b610644acd0" scoped=""/></type-interface>
      <instance>
        <interfacedef-ref nicename="CC2420Power" qname="CC2420Power"/>
      </instance>
      <interface-functions>
        <function-ref name="startOscillator" ref="0x2b61064160a0" scoped=""/>
        <function-ref name="rfOff" ref="0x2b6106416230" scoped=""/>
        <function-ref name="rxOn" ref="0x2b61064163c0" scoped=""/>
        <function-ref name="startVReg" ref="0x2b6106416550" scoped=""/>
        <function-ref name="stopVReg" ref="0x2b61064166e0" scoped=""/>
        <function-ref name="startOscillatorDone" ref="0x2b6106416870" scoped=""/>
        <function-ref name="stopOscillator" ref="0x2b6106416a00" scoped=""/>
        <function-ref name="startVRegDone" ref="0x2b6106416b90" scoped=""/>
      </interface-functions>
    </interface><interface loc="46:/opt/tinyos-release-tinyos-2_1_2//tos/system/RandomC.nc" name="Random" provided="1" ref="0x2b6106ebca20">
      <component-ref nicename="RandomC" qname="RandomC"/>
      <type-interface alignment="I:2" size="I:2"><interface-ref name="Random" ref="0x2b6106ebca20" scoped=""/></type-interface>
      <instance>
        <interfacedef-ref nicename="Random" qname="Random"/>
      </instance>
      <interface-functions>
        <function-ref name="rand16" ref="0x2b6106ebcda0" scoped=""/>
        <function-ref name="rand32" ref="0x2b6106eba020" scoped=""/>
      </interface-functions>
    </interface><interface loc="48:/opt/tinyos-release-tinyos-2_1_2//tos/chips/cc2420/csma/CC2420CsmaP.nc" name="Random" provided="0" ref="0x2b6106440020">
      <component-ref nicename="CC2420CsmaP" qname="CC2420CsmaP"/>
      <type-interface alignment="I:2" size="I:2"><interface-ref name="Random" ref="0x2b6106440020" scoped=""/></type-interface>
      <instance>
        <interfacedef-ref nicename="Random" qname="Random"/>
      </instance>
      <interface-functions>
        <function-ref name="rand16" ref="0x2b61064403a0" scoped=""/>
        <function-ref name="rand32" ref="0x2b6106440530" scoped=""/>
      </interface-functions>
    </interface><interface loc="44:/opt/tinyos-release-tinyos-2_1_2//tos/chips/cc2420/transmit/CC2420TransmitC.nc" name="StdControl" provided="1" ref="0x2b6106c756d0">
      <component-ref nicename="CC2420TransmitC" qname="CC2420TransmitC"/>
      <type-interface alignment="I:2" size="I:2"><interface-ref name="StdControl" ref="0x2b6106c756d0" scoped=""/></type-interface>
      <instance>
        <interfacedef-ref nicename="StdControl" qname="StdControl"/>
      </instance>
      <interface-functions>
        <function-ref name="start" ref="0x2b6106c75a50" scoped=""/>
        <function-ref name="stop" ref="0x2b6106c75be0" scoped=""/>
      </interface-functions>
    </interface><interface loc="52:/opt/tinyos-release-tinyos-2_1_2//tos/chips/cc2420/csma/CC2420CsmaP.nc" name="SplitControlState" provided="0" ref="0x2b6106431e40">
      <component-ref nicename="CC2420CsmaP" qname="CC2420CsmaP"/>
      <type-interface alignment="I:2" size="I:2"><interface-ref name="SplitControlState" ref="0x2b6106431e40" scoped=""/></type-interface>
      <instance>
        <interfacedef-ref nicename="State" qname="State"/>
      </instance>
      <interface-functions>
        <function-ref name="getState" ref="0x2b610643a310" scoped=""/>
        <function-ref name="toIdle" ref="0x2b610643a4a0" scoped=""/>
        <function-ref name="isState" ref="0x2b610643a630" scoped=""/>
        <function-ref name="isIdle" ref="0x2b610643a7c0" scoped=""/>
        <function-ref name="requestState" ref="0x2b610643a950" scoped=""/>
        <function-ref name="forceState" ref="0x2b610643aae0" scoped=""/>
      </interface-functions>
    </interface><interface loc="44:/opt/tinyos-release-tinyos-2_1_2//tos/chips/cc2420/control/CC2420ControlC.nc" name="Resource" provided="1" ref="0x2b6106498730">
      <component-ref nicename="CC2420ControlC" qname="CC2420ControlC"/>
      <type-interface alignment="I:2" size="I:2"><interface-ref name="Resource" ref="0x2b6106498730" scoped=""/></type-interface>
      <instance>
        <interfacedef-ref nicename="Resource" qname="Resource"/>
      </instance>
      <interface-functions>
        <function-ref name="release" ref="0x2b6106498ab0" scoped=""/>
        <function-ref name="immediateRequest" ref="0x2b6106498c40" scoped=""/>
        <function-ref name="request" ref="0x2b6106498dd0" scoped=""/>
        <function-ref name="granted" ref="0x2b6106495020" scoped=""/>
        <function-ref name="isOwner" ref="0x2b61064951b0" scoped=""/>
      </interface-functions>
    </interface><interface loc="40:/opt/tinyos-release-tinyos-2_1_2//tos/chips/cc2420/csma/CC2420CsmaP.nc" name="Send" provided="1" ref="0x2b610641ab70">
      <component-ref nicename="CC2420CsmaP" qname="CC2420CsmaP"/>
      <type-interface alignment="I:2" size="I:2"><interface-ref name="Send" ref="0x2b610641ab70" scoped=""/></type-interface>
      <instance>
        <interfacedef-ref nicename="Send" qname="Send"/>
      </instance>
      <interface-functions>
        <function-ref name="send" ref="0x2b6106419020" scoped=""/>
        <function-ref name="getPayload" ref="0x2b61064191b0" scoped=""/>
        <function-ref name="maxPayloadLength" ref="0x2b6106419340" scoped=""/>
        <function-ref name="cancel" ref="0x2b61064194d0" scoped=""/>
        <function-ref name="sendDone" ref="0x2b6106419660" scoped=""/>
      </interface-functions>
    </interface><interface loc="43:/opt/tinyos-release-tinyos-2_1_2//tos/chips/cc2420/receive/CC2420ReceiveC.nc" name="Receive" provided="1" ref="0x2b6106d529a0">
      <component-ref nicename="CC2420ReceiveC" qname="CC2420ReceiveC"/>
      <type-interface alignment="I:2" size="I:2"><interface-ref name="Receive" ref="0x2b6106d529a0" scoped=""/></type-interface>
      <instance>
        <interfacedef-ref nicename="Receive" qname="Receive"/>
      </instance>
      <interface-functions>
        <function-ref name="receive" ref="0x2b6106d52d20" scoped=""/>
      </interface-functions>
    </interface><interface loc="46:/opt/tinyos-release-tinyos-2_1_2//tos/chips/cc2420/control/CC2420ControlC.nc" name="CC2420Power" provided="1" ref="0x2b6106493a60">
      <component-ref nicename="CC2420ControlC" qname="CC2420ControlC"/>
      <type-interface alignment="I:2" size="I:2"><interface-ref name="CC2420Power" ref="0x2b6106493a60" scoped=""/></type-interface>
      <instance>
        <interfacedef-ref nicename="CC2420Power" qname="CC2420Power"/>
      </instance>
      <interface-functions>
        <function-ref name="startOscillator" ref="0x2b6106493de0" scoped=""/>
        <function-ref name="rfOff" ref="0x2b61064c2020" scoped=""/>
        <function-ref name="rxOn" ref="0x2b61064c21b0" scoped=""/>
        <function-ref name="startVReg" ref="0x2b61064c2340" scoped=""/>
        <function-ref name="stopVReg" ref="0x2b61064c24d0" scoped=""/>
        <function-ref name="startOscillatorDone" ref="0x2b61064c2660" scoped=""/>
        <function-ref name="stopOscillator" ref="0x2b61064c27f0" scoped=""/>
        <function-ref name="startVRegDone" ref="0x2b61064c2980" scoped=""/>
      </interface-functions>
    </interface><interface loc="43:/opt/tinyos-release-tinyos-2_1_2//tos/chips/cc2420/csma/CC2420CsmaP.nc" name="Resource" provided="0" ref="0x2b61064187d0">
      <component-ref nicename="CC2420CsmaP" qname="CC2420CsmaP"/>
      <type-interface alignment="I:2" size="I:2"><interface-ref name="Resource" ref="0x2b61064187d0" scoped=""/></type-interface>
      <instance>
        <interfacedef-ref nicename="Resource" qname="Resource"/>
      </instance>
      <interface-functions>
        <function-ref name="release" ref="0x2b6106418b50" scoped=""/>
        <function-ref name="immediateRequest" ref="0x2b6106418ce0" scoped=""/>
        <function-ref name="request" ref="0x2b6106418e70" scoped=""/>
        <function-ref name="granted" ref="0x2b6106417030" scoped=""/>
        <function-ref name="isOwner" ref="0x2b61064171c0" scoped=""/>
      </interface-functions>
    </interface><interface loc="41:/opt/tinyos-release-tinyos-2_1_2//tos/chips/cc2420/packet/CC2420PacketC.nc" name="CC2420Packet" provided="1" ref="0x2b6106df0680">
      <component-ref nicename="CC2420PacketC" qname="CC2420PacketC"/>
      <type-interface alignment="I:2" size="I:2"><interface-ref name="CC2420Packet" ref="0x2b6106df0680" scoped=""/></type-interface>
      <instance>
        <interfacedef-ref nicename="CC2420Packet" qname="CC2420Packet"/>
      </instance>
      <interface-functions>
        <function-ref name="setPower" ref="0x2b6106df0a00" scoped=""/>
        <function-ref name="setNetwork" ref="0x2b6106df0b90" scoped=""/>
        <function-ref name="getRssi" ref="0x2b6106df0d20" scoped=""/>
        <function-ref name="getNetwork" ref="0x2b6106ded020" scoped=""/>
        <function-ref name="getPower" ref="0x2b6106ded1b0" scoped=""/>
        <function-ref name="getLqi" ref="0x2b6106ded340" scoped=""/>
      </interface-functions>
    </interface><interface loc="45:/opt/tinyos-release-tinyos-2_1_2//tos/chips/cc2420/transmit/CC2420TransmitC.nc" name="CC2420Transmit" provided="1" ref="0x2b6106c71020">
      <component-ref nicename="CC2420TransmitC" qname="CC2420TransmitC"/>
      <type-interface alignment="I:2" size="I:2"><interface-ref name="CC2420Transmit" ref="0x2b6106c71020" scoped=""/></type-interface>
      <instance>
        <interfacedef-ref nicename="CC2420Transmit" qname="CC2420Transmit"/>
      </instance>
      <interface-functions>
        <function-ref name="send" ref="0x2b6106c713a0" scoped=""/>
        <function-ref name="cancel" ref="0x2b6106c71530" scoped=""/>
        <function-ref name="modify" ref="0x2b6106c716c0" scoped=""/>
        <function-ref name="sendDone" ref="0x2b6106c71850" scoped=""/>
        <function-ref name="resend" ref="0x2b6106c719e0" scoped=""/>
      </interface-functions>
    </interface><interface loc="46:/opt/tinyos-release-tinyos-2_1_2//tos/chips/cc2420/transmit/CC2420TransmitC.nc" name="RadioBackoff" provided="1" ref="0x2b6106c71cb0">
      <component-ref nicename="CC2420TransmitC" qname="CC2420TransmitC"/>
      <type-interface alignment="I:2" size="I:2"><interface-ref name="RadioBackoff" ref="0x2b6106c71cb0" scoped=""/></type-interface>
      <instance>
        <interfacedef-ref nicename="RadioBackoff" qname="RadioBackoff"/>
      </instance>
      <interface-functions>
        <function-ref name="requestCca" ref="0x2b6106c700a0" scoped=""/>
        <function-ref name="requestInitialBackoff" ref="0x2b6106c70230" scoped=""/>
        <function-ref name="setCongestionBackoff" ref="0x2b6106c703c0" scoped=""/>
        <function-ref name="setInitialBackoff" ref="0x2b6106c70550" scoped=""/>
        <function-ref name="setCca" ref="0x2b6106c706e0" scoped=""/>
        <function-ref name="requestCongestionBackoff" ref="0x2b6106c70870" scoped=""/>
      </interface-functions>
    </interface><interface loc="51:/opt/tinyos-release-tinyos-2_1_2//tos/chips/cc2420/csma/CC2420CsmaP.nc" name="CC2420PacketBody" provided="0" ref="0x2b6106436660">
      <component-ref nicename="CC2420CsmaP" qname="CC2420CsmaP"/>
      <type-interface alignment="I:2" size="I:2"><interface-ref name="CC2420PacketBody" ref="0x2b6106436660" scoped=""/></type-interface>
      <instance>
        <interfacedef-ref nicename="CC2420PacketBody" qname="CC2420PacketBody"/>
      </instance>
      <interface-functions>
        <function-ref name="getPayload" ref="0x2b61064369e0" scoped=""/>
        <function-ref name="getHeader" ref="0x2b6106436b70" scoped=""/>
        <function-ref name="getMetadata" ref="0x2b6106436d00" scoped=""/>
      </interface-functions>
    </interface><component loc="45:/opt/tinyos-release-tinyos-2_1_2//tos/system/LedsC.nc" nicename="LedsC" qname="LedsC">
      <documentation loc="34:/opt/tinyos-release-tinyos-2_1_2//tos/system/LedsC.nc">
        <short>

 The basic TinyOS LEDs abstraction.</short>
        <long>

 The basic TinyOS LEDs abstraction.

 @author Phil Buonadonna
 @author David Gay
 @author Philip Levis
 @author Joe Polastre
</long>
      </documentation>
      <configuration/>
      <wiring>
        <wire loc="51:/opt/tinyos-release-tinyos-2_1_2//tos/system/LedsC.nc">
          <from><interface-ref name="Leds" ref="0x2b6105f285b0" scoped=""/></from>
          <to><interface-ref name="Leds" ref="0x2b6105f8d020" scoped=""/></to>
        </wire>
        <wire loc="53:/opt/tinyos-release-tinyos-2_1_2//tos/system/LedsC.nc">
          <from><interface-ref name="Init" ref="0x2b6105fb5c40" scoped=""/></from>
          <to><interface-ref name="Init" ref="0x2b6105f908f0" scoped=""/></to>
        </wire>
        <wire loc="54:/opt/tinyos-release-tinyos-2_1_2//tos/system/LedsC.nc">
          <from><interface-ref name="Led0" ref="0x2b6105fad7b0" scoped=""/></from>
          <to><interface-ref name="Led0" ref="0x2b6105f8e3b0" scoped=""/></to>
        </wire>
        <wire loc="55:/opt/tinyos-release-tinyos-2_1_2//tos/system/LedsC.nc">
          <from><interface-ref name="Led1" ref="0x2b6105f8b980" scoped=""/></from>
          <to><interface-ref name="Led1" ref="0x2b6105fb76a0" scoped=""/></to>
        </wire>
        <wire loc="56:/opt/tinyos-release-tinyos-2_1_2//tos/system/LedsC.nc">
          <from><interface-ref name="Led2" ref="0x2b6105f8aca0" scoped=""/></from>
          <to><interface-ref name="Led2" ref="0x2b6105fb69c0" scoped=""/></to>
        </wire>
      </wiring>
    </component><component loc="43:/opt/tinyos-release-tinyos-2_1_2//tos/system/RandomC.nc" nicename="RandomC" qname="RandomC">
      <documentation loc="33:/opt/tinyos-release-tinyos-2_1_2//tos/system/RandomC.nc">
        <short>
 The standard TinyOS random number generator.</short>
        <long>
 The standard TinyOS random number generator. If your system requires a 
 specific random number generator, it should wire to that component
 directly. 

 @author  Barbara Hohlt 
 @author  Phil Levis 
 @date    March 1 2005
</long>
      </documentation>
      <configuration/>
      <wiring>
        <wire loc="56:/opt/tinyos-release-tinyos-2_1_2//tos/system/RandomC.nc">
          <from><interface-ref name="Random" ref="0x2b6106ebca20" scoped=""/></from>
          <to><interface-ref name="Random" ref="0x2b6106eb4a20" scoped=""/></to>
        </wire>
        <wire loc="55:/opt/tinyos-release-tinyos-2_1_2//tos/system/RandomC.nc">
          <from><interface-ref name="SeedInit" ref="0x2b6106eb8920" scoped=""/></from>
          <to><interface-ref name="SeedInit" ref="0x2b6106eb5940" scoped=""/></to>
        </wire>
        <wire loc="54:/opt/tinyos-release-tinyos-2_1_2//tos/system/RandomC.nc">
          <from><interface-ref name="Init" ref="0x2b6106ec09b0" scoped=""/></from>
          <to><interface-ref name="Init" ref="0x2b6106eb5080" scoped=""/></to>
        </wire>
        <wire loc="52:/opt/tinyos-release-tinyos-2_1_2//tos/system/RandomC.nc">
          <from><interface-ref name="SoftwareInit" ref="0x2b6105d641b0" scoped=""/></from>
          <to><interface-ref name="Init" ref="0x2b6106eb5080" scoped=""/></to>
        </wire>
      </wiring>
    </component><component loc="39:/opt/tinyos-release-tinyos-2_1_2//tos/chips/cc2420/receive/CC2420ReceiveC.nc" nicename="CC2420ReceiveC" qname="CC2420ReceiveC">
      <documentation loc="32:/opt/tinyos-release-tinyos-2_1_2//tos/chips/cc2420/receive/CC2420ReceiveC.nc">
        <short>
 Implementation of the receive path for the ChipCon CC2420 radio.</short>
        <long>
 Implementation of the receive path for the ChipCon CC2420 radio.

 @author Jonathan Hui &lt;jhui@archrock.com&gt;
 @version $Revision: 1.4 $ $Date: 2009-08-14 20:33:43 $
</long>
      </documentation>
      <configuration/>
      <wiring>
        <wire loc="62:/opt/tinyos-release-tinyos-2_1_2//tos/chips/cc2420/receive/CC2420ReceiveC.nc">
          <from><interface-ref name="CC2420Receive" ref="0x2b6106d52020" scoped=""/></from>
          <to><interface-ref name="CC2420Receive" ref="0x2b6106d4d850" scoped=""/></to>
        </wire>
        <wire loc="63:/opt/tinyos-release-tinyos-2_1_2//tos/chips/cc2420/receive/CC2420ReceiveC.nc">
          <from><interface-ref name="Receive" ref="0x2b6106d529a0" scoped=""/></from>
          <to><interface-ref name="Receive" ref="0x2b6106d4c300" scoped=""/></to>
        </wire>
        <wire loc="64:/opt/tinyos-release-tinyos-2_1_2//tos/chips/cc2420/receive/CC2420ReceiveC.nc">
          <from><interface-ref name="PacketIndicator" ref="0x2b6106d511a0" scoped=""/></from>
          <to><interface-ref name="PacketIndicator" ref="0x2b6106d4caa0" scoped=""/></to>
        </wire>
        <wire loc="61:/opt/tinyos-release-tinyos-2_1_2//tos/chips/cc2420/receive/CC2420ReceiveC.nc">
          <from><interface-ref name="StdControl" ref="0x2b6106d56680" scoped=""/></from>
          <to><interface-ref name="StdControl" ref="0x2b6106d4d020" scoped=""/></to>
        </wire>
        <wire loc="59:/opt/tinyos-release-tinyos-2_1_2//tos/chips/cc2420/receive/CC2420ReceiveC.nc">
          <from><interface-ref name="Leds" ref="0x2b6106d97150" scoped=""/></from>
          <to><interface-ref name="Leds" ref="0x2b6105f285b0" scoped=""/></to>
        </wire>
        <wire loc="66:/opt/tinyos-release-tinyos-2_1_2//tos/chips/cc2420/receive/CC2420ReceiveC.nc">
          <from><interface-ref name="SoftwareInit" ref="0x2b6105d641b0" scoped=""/></from>
          <to><interface-ref name="Init" ref="0x2b6106d50810" scoped=""/></to>
        </wire>
        <wire loc="68:/opt/tinyos-release-tinyos-2_1_2//tos/chips/cc2420/receive/CC2420ReceiveC.nc">
          <from><interface-ref name="CSN" ref="0x2b6106d4b1a0" scoped=""/></from>
          <to><interface-ref name="CSN" ref="0x2b61065bce60" scoped=""/></to>
        </wire>
        <wire loc="69:/opt/tinyos-release-tinyos-2_1_2//tos/chips/cc2420/receive/CC2420ReceiveC.nc">
          <from><interface-ref name="FIFO" ref="0x2b6106d4a390" scoped=""/></from>
          <to><interface-ref name="FIFO" ref="0x2b61065ba090" scoped=""/></to>
        </wire>
        <wire loc="70:/opt/tinyos-release-tinyos-2_1_2//tos/chips/cc2420/receive/CC2420ReceiveC.nc">
          <from><interface-ref name="FIFOP" ref="0x2b6106d496b0" scoped=""/></from>
          <to><interface-ref name="FIFOP" ref="0x2b61065b9390" scoped=""/></to>
        </wire>
        <wire loc="71:/opt/tinyos-release-tinyos-2_1_2//tos/chips/cc2420/receive/CC2420ReceiveC.nc">
          <from><interface-ref name="InterruptFIFOP" ref="0x2b6106d48a50" scoped=""/></from>
          <to><interface-ref name="InterruptFIFOP" ref="0x2b6106603a20" scoped=""/></to>
        </wire>
        <wire loc="72:/opt/tinyos-release-tinyos-2_1_2//tos/chips/cc2420/receive/CC2420ReceiveC.nc">
          <from><interface-ref name="SpiResource" ref="0x2b6106d476e0" scoped=""/></from>
          <to><interface-ref name="Resource" ref="0x2b6106e36520" scoped=""/></to>
        </wire>
        <wire loc="73:/opt/tinyos-release-tinyos-2_1_2//tos/chips/cc2420/receive/CC2420ReceiveC.nc">
          <from><interface-ref name="RXFIFO" ref="0x2b6106d46530" scoped=""/></from>
          <to><interface-ref name="RXFIFO" ref="0x2b6106e7e840" scoped=""/></to>
        </wire>
        <wire loc="74:/opt/tinyos-release-tinyos-2_1_2//tos/chips/cc2420/receive/CC2420ReceiveC.nc">
          <from><interface-ref name="SFLUSHRX" ref="0x2b6106d45ad0" scoped=""/></from>
          <to><interface-ref name="SFLUSHRX" ref="0x2b6106e31060" scoped=""/></to>
        </wire>
        <wire loc="75:/opt/tinyos-release-tinyos-2_1_2//tos/chips/cc2420/receive/CC2420ReceiveC.nc">
          <from><interface-ref name="SACK" ref="0x2b6106d453a0" scoped=""/></from>
          <to><interface-ref name="SACK" ref="0x2b6106e31d00" scoped=""/></to>
        </wire>
        <wire loc="76:/opt/tinyos-release-tinyos-2_1_2//tos/chips/cc2420/receive/CC2420ReceiveC.nc">
          <from><interface-ref name="CC2420Packet" ref="0x2b6106d44330" scoped=""/></from>
          <to><interface-ref name="CC2420Packet" ref="0x2b6106df0680" scoped=""/></to>
        </wire>
        <wire loc="77:/opt/tinyos-release-tinyos-2_1_2//tos/chips/cc2420/receive/CC2420ReceiveC.nc">
          <from><interface-ref name="CC2420PacketBody" ref="0x2b6106d431e0" scoped=""/></from>
          <to><interface-ref name="CC2420PacketBody" ref="0x2b6106dec0c0" scoped=""/></to>
        </wire>
        <wire loc="78:/opt/tinyos-release-tinyos-2_1_2//tos/chips/cc2420/receive/CC2420ReceiveC.nc">
          <from><interface-ref name="PacketTimeStamp" ref="0x2b6106d41d70" scoped=""/></from>
          <to><interface-ref name="PacketTimeStamp32khz" ref="0x2b6106deb550" scoped=""/></to>
        </wire>
        <wire loc="79:/opt/tinyos-release-tinyos-2_1_2//tos/chips/cc2420/receive/CC2420ReceiveC.nc">
          <from><interface-ref name="CC2420Config" ref="0x2b6106d43b90" scoped=""/></from>
          <to><interface-ref name="CC2420Config" ref="0x2b61064c3b80" scoped=""/></to>
        </wire>
        <wire loc="81:/opt/tinyos-release-tinyos-2_1_2//tos/chips/cc2420/receive/CC2420ReceiveC.nc">
          <from><interface-ref name="SECCTRL0" ref="0x2b6106d9c3e0" scoped=""/></from>
          <to><interface-ref name="SECCTRL0" ref="0x2b6106e8b840" scoped=""/></to>
        </wire>
        <wire loc="82:/opt/tinyos-release-tinyos-2_1_2//tos/chips/cc2420/receive/CC2420ReceiveC.nc">
          <from><interface-ref name="SECCTRL1" ref="0x2b6106d9ccb0" scoped=""/></from>
          <to><interface-ref name="SECCTRL1" ref="0x2b6106e8a060" scoped=""/></to>
        </wire>
        <wire loc="83:/opt/tinyos-release-tinyos-2_1_2//tos/chips/cc2420/receive/CC2420ReceiveC.nc">
          <from><interface-ref name="SRXDEC" ref="0x2b6106d3db10" scoped=""/></from>
          <to><interface-ref name="SRXDEC" ref="0x2b6106e2fae0" scoped=""/></to>
        </wire>
        <wire loc="84:/opt/tinyos-release-tinyos-2_1_2//tos/chips/cc2420/receive/CC2420ReceiveC.nc">
          <from><interface-ref name="RXNONCE" ref="0x2b6106d996d0" scoped=""/></from>
          <to><interface-ref name="RXNONCE" ref="0x2b6106e7e060" scoped=""/></to>
        </wire>
        <wire loc="85:/opt/tinyos-release-tinyos-2_1_2//tos/chips/cc2420/receive/CC2420ReceiveC.nc">
          <from><interface-ref name="KEY0" ref="0x2b6106d9a590" scoped=""/></from>
          <to><interface-ref name="KEY0" ref="0x2b6106e81060" scoped=""/></to>
        </wire>
        <wire loc="86:/opt/tinyos-release-tinyos-2_1_2//tos/chips/cc2420/receive/CC2420ReceiveC.nc">
          <from><interface-ref name="KEY1" ref="0x2b6106d9ae00" scoped=""/></from>
          <to><interface-ref name="KEY1" ref="0x2b6106e81840" scoped=""/></to>
        </wire>
        <wire loc="87:/opt/tinyos-release-tinyos-2_1_2//tos/chips/cc2420/receive/CC2420ReceiveC.nc">
          <from><interface-ref name="RXFIFO_RAM" ref="0x2b6106d98020" scoped=""/></from>
          <to><interface-ref name="RXFIFO_RAM" ref="0x2b6106e82840" scoped=""/></to>
        </wire>
        <wire loc="88:/opt/tinyos-release-tinyos-2_1_2//tos/chips/cc2420/receive/CC2420ReceiveC.nc">
          <from><interface-ref name="SNOP" ref="0x2b6106d988b0" scoped=""/></from>
          <to><interface-ref name="SNOP" ref="0x2b6106e35c20" scoped=""/></to>
        </wire>
      </wiring>
    </component><component loc="41:/opt/tinyos-release-tinyos-2_1_2//tos/chips/cc2420/transmit/CC2420TransmitC.nc" nicename="CC2420TransmitC" qname="CC2420TransmitC">
      <documentation loc="32:/opt/tinyos-release-tinyos-2_1_2//tos/chips/cc2420/transmit/CC2420TransmitC.nc">
        <short>
 Implementation of the transmit path for the ChipCon CC2420 radio.</short>
        <long>
 Implementation of the transmit path for the ChipCon CC2420 radio.

 @author Jonathan Hui &lt;jhui@archrock.com&gt;
 @version $Revision: 1.3 $ $Date: 2009-08-14 20:33:43 $
</long>
      </documentation>
      <configuration/>
      <wiring>
        <wire loc="57:/opt/tinyos-release-tinyos-2_1_2//tos/chips/cc2420/transmit/CC2420TransmitC.nc">
          <from><interface-ref name="RadioBackoff" ref="0x2b6106c71cb0" scoped=""/></from>
          <to><interface-ref name="RadioBackoff" ref="0x2b6106c63970" scoped=""/></to>
        </wire>
        <wire loc="58:/opt/tinyos-release-tinyos-2_1_2//tos/chips/cc2420/transmit/CC2420TransmitC.nc">
          <from><interface-ref name="EnergyIndicator" ref="0x2b6106c6d9f0" scoped=""/></from>
          <to><interface-ref name="EnergyIndicator" ref="0x2b6106c62900" scoped=""/></to>
        </wire>
        <wire loc="56:/opt/tinyos-release-tinyos-2_1_2//tos/chips/cc2420/transmit/CC2420TransmitC.nc">
          <from><interface-ref name="CC2420Transmit" ref="0x2b6106c71020" scoped=""/></from>
          <to><interface-ref name="Send" ref="0x2b6106c64bc0" scoped=""/></to>
        </wire>
        <wire loc="55:/opt/tinyos-release-tinyos-2_1_2//tos/chips/cc2420/transmit/CC2420TransmitC.nc">
          <from><interface-ref name="StdControl" ref="0x2b6106c756d0" scoped=""/></from>
          <to><interface-ref name="StdControl" ref="0x2b6106c64320" scoped=""/></to>
        </wire>
        <wire loc="59:/opt/tinyos-release-tinyos-2_1_2//tos/chips/cc2420/transmit/CC2420TransmitC.nc">
          <from><interface-ref name="ByteIndicator" ref="0x2b6106c6f190" scoped=""/></from>
          <to><interface-ref name="ByteIndicator" ref="0x2b6106c610f0" scoped=""/></to>
        </wire>
        <wire loc="63:/opt/tinyos-release-tinyos-2_1_2//tos/chips/cc2420/transmit/CC2420TransmitC.nc">
          <from><interface-ref name="SoftwareInit" ref="0x2b6105d641b0" scoped=""/></from>
          <to><interface-ref name="Init" ref="0x2b61065457f0" scoped=""/></to>
        </wire>
        <wire loc="62:/opt/tinyos-release-tinyos-2_1_2//tos/chips/cc2420/transmit/CC2420TransmitC.nc">
          <from><interface-ref name="SoftwareInit" ref="0x2b6105d641b0" scoped=""/></from>
          <to><interface-ref name="Init" ref="0x2b6106c65c60" scoped=""/></to>
        </wire>
        <wire loc="66:/opt/tinyos-release-tinyos-2_1_2//tos/chips/cc2420/transmit/CC2420TransmitC.nc">
          <from><interface-ref name="BackoffTimer" ref="0x2b6106c61ae0" scoped=""/></from>
          <to><interface-ref name="Alarm32khz32" ref="0x2b6106542220" scoped=""/></to>
        </wire>
        <wire loc="69:/opt/tinyos-release-tinyos-2_1_2//tos/chips/cc2420/transmit/CC2420TransmitC.nc">
          <from><interface-ref name="CCA" ref="0x2b6106cac690" scoped=""/></from>
          <to><interface-ref name="CCA" ref="0x2b6106543b30" scoped=""/></to>
        </wire>
        <wire loc="70:/opt/tinyos-release-tinyos-2_1_2//tos/chips/cc2420/transmit/CC2420TransmitC.nc">
          <from><interface-ref name="CSN" ref="0x2b6106ca69b0" scoped=""/></from>
          <to><interface-ref name="CSN" ref="0x2b61065bce60" scoped=""/></to>
        </wire>
        <wire loc="71:/opt/tinyos-release-tinyos-2_1_2//tos/chips/cc2420/transmit/CC2420TransmitC.nc">
          <from><interface-ref name="SFD" ref="0x2b6106ca4cd0" scoped=""/></from>
          <to><interface-ref name="SFD" ref="0x2b61065b79b0" scoped=""/></to>
        </wire>
        <wire loc="74:/opt/tinyos-release-tinyos-2_1_2//tos/chips/cc2420/transmit/CC2420TransmitC.nc">
          <from><interface-ref name="CaptureSFD" ref="0x2b6106cada80" scoped=""/></from>
          <to><interface-ref name="CaptureSFD" ref="0x2b6106604150" scoped=""/></to>
        </wire>
        <wire loc="77:/opt/tinyos-release-tinyos-2_1_2//tos/chips/cc2420/transmit/CC2420TransmitC.nc">
          <from><interface-ref name="SpiResource" ref="0x2b6106ca2020" scoped=""/></from>
          <to><interface-ref name="Resource" ref="0x2b6106d1ec30" scoped=""/></to>
        </wire>
        <wire loc="78:/opt/tinyos-release-tinyos-2_1_2//tos/chips/cc2420/transmit/CC2420TransmitC.nc">
          <from><interface-ref name="ChipSpiResource" ref="0x2b6106ca2d10" scoped=""/></from>
          <to><interface-ref name="ChipSpiResource" ref="0x2b6106d1d8f0" scoped=""/></to>
        </wire>
        <wire loc="79:/opt/tinyos-release-tinyos-2_1_2//tos/chips/cc2420/transmit/CC2420TransmitC.nc">
          <from><interface-ref name="SNOP" ref="0x2b6106c9f6d0" scoped=""/></from>
          <to><interface-ref name="SNOP" ref="0x2b6106d1c2f0" scoped=""/></to>
        </wire>
        <wire loc="80:/opt/tinyos-release-tinyos-2_1_2//tos/chips/cc2420/transmit/CC2420TransmitC.nc">
          <from><interface-ref name="STXON" ref="0x2b6106c9fde0" scoped=""/></from>
          <to><interface-ref name="STXON" ref="0x2b6106d1bcc0" scoped=""/></to>
        </wire>
        <wire loc="81:/opt/tinyos-release-tinyos-2_1_2//tos/chips/cc2420/transmit/CC2420TransmitC.nc">
          <from><interface-ref name="STXONCCA" ref="0x2b6106c9e530" scoped=""/></from>
          <to><interface-ref name="STXONCCA" ref="0x2b6106d19370" scoped=""/></to>
        </wire>
        <wire loc="82:/opt/tinyos-release-tinyos-2_1_2//tos/chips/cc2420/transmit/CC2420TransmitC.nc">
          <from><interface-ref name="SFLUSHTX" ref="0x2b6106c9ec60" scoped=""/></from>
          <to><interface-ref name="SFLUSHTX" ref="0x2b6106d18d00" scoped=""/></to>
        </wire>
        <wire loc="83:/opt/tinyos-release-tinyos-2_1_2//tos/chips/cc2420/transmit/CC2420TransmitC.nc">
          <from><interface-ref name="TXCTRL" ref="0x2b6106ca0e00" scoped=""/></from>
          <to><interface-ref name="TXCTRL" ref="0x2b6106d12c60" scoped=""/></to>
        </wire>
        <wire loc="84:/opt/tinyos-release-tinyos-2_1_2//tos/chips/cc2420/transmit/CC2420TransmitC.nc">
          <from><interface-ref name="TXFIFO" ref="0x2b6106ca1780" scoped=""/></from>
          <to><interface-ref name="TXFIFO" ref="0x2b6106d60020" scoped=""/></to>
        </wire>
        <wire loc="85:/opt/tinyos-release-tinyos-2_1_2//tos/chips/cc2420/transmit/CC2420TransmitC.nc">
          <from><interface-ref name="TXFIFO_RAM" ref="0x2b6106ca0550" scoped=""/></from>
          <to><interface-ref name="TXFIFO_RAM" ref="0x2b6106d65670" scoped=""/></to>
        </wire>
        <wire loc="86:/opt/tinyos-release-tinyos-2_1_2//tos/chips/cc2420/transmit/CC2420TransmitC.nc">
          <from><interface-ref name="MDMCTRL1" ref="0x2b6106c9d3e0" scoped=""/></from>
          <to><interface-ref name="MDMCTRL1" ref="0x2b6106d13480" scoped=""/></to>
        </wire>
        <wire loc="87:/opt/tinyos-release-tinyos-2_1_2//tos/chips/cc2420/transmit/CC2420TransmitC.nc">
          <from><interface-ref name="SECCTRL0" ref="0x2b6106c9c5e0" scoped=""/></from>
          <to><interface-ref name="SECCTRL0" ref="0x2b6106d10e50" scoped=""/></to>
        </wire>
        <wire loc="88:/opt/tinyos-release-tinyos-2_1_2//tos/chips/cc2420/transmit/CC2420TransmitC.nc">
          <from><interface-ref name="SECCTRL1" ref="0x2b6106c9b020" scoped=""/></from>
          <to><interface-ref name="SECCTRL1" ref="0x2b6106d0f670" scoped=""/></to>
        </wire>
        <wire loc="89:/opt/tinyos-release-tinyos-2_1_2//tos/chips/cc2420/transmit/CC2420TransmitC.nc">
          <from><interface-ref name="STXENC" ref="0x2b6106c9de80" scoped=""/></from>
          <to><interface-ref name="STXENC" ref="0x2b6106d167b0" scoped=""/></to>
        </wire>
        <wire loc="90:/opt/tinyos-release-tinyos-2_1_2//tos/chips/cc2420/transmit/CC2420TransmitC.nc">
          <from><interface-ref name="TXNONCE" ref="0x2b6106c9a9c0" scoped=""/></from>
          <to><interface-ref name="TXNONCE" ref="0x2b6106d63e50" scoped=""/></to>
        </wire>
        <wire loc="91:/opt/tinyos-release-tinyos-2_1_2//tos/chips/cc2420/transmit/CC2420TransmitC.nc">
          <from><interface-ref name="KEY0" ref="0x2b6106c9b890" scoped=""/></from>
          <to><interface-ref name="KEY0" ref="0x2b6106d64670" scoped=""/></to>
        </wire>
        <wire loc="92:/opt/tinyos-release-tinyos-2_1_2//tos/chips/cc2420/transmit/CC2420TransmitC.nc">
          <from><interface-ref name="KEY1" ref="0x2b6106c9a130" scoped=""/></from>
          <to><interface-ref name="KEY1" ref="0x2b6106d64e50" scoped=""/></to>
        </wire>
        <wire loc="95:/opt/tinyos-release-tinyos-2_1_2//tos/chips/cc2420/transmit/CC2420TransmitC.nc">
          <from><interface-ref name="CC2420Receive" ref="0x2b6106c94d40" scoped=""/></from>
          <to><interface-ref name="CC2420Receive" ref="0x2b6106d52020" scoped=""/></to>
        </wire>
        <wire loc="98:/opt/tinyos-release-tinyos-2_1_2//tos/chips/cc2420/transmit/CC2420TransmitC.nc">
          <from><interface-ref name="CC2420Packet" ref="0x2b6106c5dd00" scoped=""/></from>
          <to><interface-ref name="CC2420Packet" ref="0x2b6106df0680" scoped=""/></to>
        </wire>
        <wire loc="99:/opt/tinyos-release-tinyos-2_1_2//tos/chips/cc2420/transmit/CC2420TransmitC.nc">
          <from><interface-ref name="CC2420PacketBody" ref="0x2b6106c5cbb0" scoped=""/></from>
          <to><interface-ref name="CC2420PacketBody" ref="0x2b6106dec0c0" scoped=""/></to>
        </wire>
        <wire loc="100:/opt/tinyos-release-tinyos-2_1_2//tos/chips/cc2420/transmit/CC2420TransmitC.nc">
          <from><interface-ref name="PacketTimeStamp" ref="0x2b6106c56c60" scoped=""/></from>
          <to><interface-ref name="PacketTimeStamp32khz" ref="0x2b6106deb550" scoped=""/></to>
        </wire>
        <wire loc="101:/opt/tinyos-release-tinyos-2_1_2//tos/chips/cc2420/transmit/CC2420TransmitC.nc">
          <from><interface-ref name="PacketTimeSyncOffset" ref="0x2b6106ca7e80" scoped=""/></from>
          <to><interface-ref name="PacketTimeSyncOffset" ref="0x2b6106de3480" scoped=""/></to>
        </wire>
        <wire loc="104:/opt/tinyos-release-tinyos-2_1_2//tos/chips/cc2420/transmit/CC2420TransmitC.nc">
          <from><interface-ref name="Leds" ref="0x2b6106c976c0" scoped=""/></from>
          <to><interface-ref name="Leds" ref="0x2b6105f285b0" scoped=""/></to>
        </wire>
      </wiring>
    </component><component loc="38:/opt/tinyos-release-tinyos-2_1_2//tos/chips/cc2420/packet/CC2420PacketC.nc" nicename="CC2420PacketC" qname="CC2420PacketC">
      <documentation loc="32:/opt/tinyos-release-tinyos-2_1_2//tos/chips/cc2420/packet/CC2420PacketC.nc">
        <short>
 </short>
        <long>
 @author Jonathan Hui &lt;jhui@archrock.com&gt;
 @author David Moss
 @author Chad Metcalf
</long>
      </documentation>
      <configuration/>
      <wiring>
        <wire loc="58:/opt/tinyos-release-tinyos-2_1_2//tos/chips/cc2420/packet/CC2420PacketC.nc">
          <from><interface-ref name="LinkPacketMetadata" ref="0x2b6106deca70" scoped=""/></from>
          <to><interface-ref name="LinkPacketMetadata" ref="0x2b6106ddd020" scoped=""/></to>
        </wire>
        <wire loc="55:/opt/tinyos-release-tinyos-2_1_2//tos/chips/cc2420/packet/CC2420PacketC.nc">
          <from><interface-ref name="CC2420Packet" ref="0x2b6106df0680" scoped=""/></from>
          <to><interface-ref name="CC2420Packet" ref="0x2b6106de2d30" scoped=""/></to>
        </wire>
        <wire loc="59:/opt/tinyos-release-tinyos-2_1_2//tos/chips/cc2420/packet/CC2420PacketC.nc">
          <from><interface-ref name="PacketTimeStamp32khz" ref="0x2b6106deb550" scoped=""/></from>
          <to><interface-ref name="PacketTimeStamp32khz" ref="0x2b6106ddda80" scoped=""/></to>
        </wire>
        <wire loc="57:/opt/tinyos-release-tinyos-2_1_2//tos/chips/cc2420/packet/CC2420PacketC.nc">
          <from><interface-ref name="CC2420PacketBody" ref="0x2b6106dec0c0" scoped=""/></from>
          <to><interface-ref name="CC2420PacketBody" ref="0x2b6106dde640" scoped=""/></to>
        </wire>
        <wire loc="61:/opt/tinyos-release-tinyos-2_1_2//tos/chips/cc2420/packet/CC2420PacketC.nc">
          <from><interface-ref name="PacketTimeSyncOffset" ref="0x2b6106de3480" scoped=""/></from>
          <to><interface-ref name="PacketTimeSyncOffset" ref="0x2b6106dd58b0" scoped=""/></to>
        </wire>
        <wire loc="60:/opt/tinyos-release-tinyos-2_1_2//tos/chips/cc2420/packet/CC2420PacketC.nc">
          <from><interface-ref name="PacketTimeStampMilli" ref="0x2b6106de7660" scoped=""/></from>
          <to><interface-ref name="PacketTimeStampMilli" ref="0x2b6106dd9af0" scoped=""/></to>
        </wire>
        <wire loc="56:/opt/tinyos-release-tinyos-2_1_2//tos/chips/cc2420/packet/CC2420PacketC.nc">
          <from><interface-ref name="Acks" ref="0x2b6106ded6e0" scoped=""/></from>
          <to><interface-ref name="Acks" ref="0x2b6106ddfc50" scoped=""/></to>
        </wire>
        <wire loc="64:/opt/tinyos-release-tinyos-2_1_2//tos/chips/cc2420/packet/CC2420PacketC.nc">
          <from><interface-ref name="Counter" ref="0x2b6106e43020" scoped=""/></from>
          <to><interface-ref name="Counter" ref="0x2b6106568d70" scoped=""/></to>
        </wire>
        <wire loc="65:/opt/tinyos-release-tinyos-2_1_2//tos/chips/cc2420/packet/CC2420PacketC.nc">
          <from><interface-ref name="LocalTime32khz" ref="0x2b6106dd23b0" scoped=""/></from>
          <to><interface-ref name="LocalTime" ref="0x2b6106e46cf0" scoped=""/></to>
        </wire>
        <wire loc="69:/opt/tinyos-release-tinyos-2_1_2//tos/chips/cc2420/packet/CC2420PacketC.nc">
          <from><interface-ref name="LocalTimeMilli" ref="0x2b6106dd16e0" scoped=""/></from>
          <to><interface-ref name="LocalTime" ref="0x2b610621d1a0" scoped=""/></to>
        </wire>
      </wiring>
    </component><component loc="65(CC2420CsmaC.StateC):/opt/tinyos-release-tinyos-2_1_2//tos/system/StateC.nc" nicename="CC2420CsmaC.StateC" qname="CC2420CsmaC.StateC">
      <documentation loc="32:/opt/tinyos-release-tinyos-2_1_2//tos/types/State.h">
        <short>
 </short>
        <long>
 @author David Moss
</long>
      </documentation>
      <instance number="1">
        <component-ref nicename="StateC" qname="StateC"/>
      </instance>
      <configuration/>
      <wiring>
        <wire loc="74:/opt/tinyos-release-tinyos-2_1_2//tos/system/StateC.nc">
          <from><interface-ref name="State" ref="0x2b6106ebeaa0" scoped=""/></from>
          <to><interface-ref name="State" ref="0x2b61067ed280" scoped=""/>
          <arguments>
            <value cst="I:1">
              <type-int alignment="I:2" cname="unsigned int" size="I:2" unsigned=""/>
            </value>
          </arguments>
          </to>
        </wire>
      </wiring>
    </component><component loc="37:/opt/tinyos-release-tinyos-2_1_2//tos/chips/cc2420/csma/CC2420CsmaP.nc" nicename="CC2420CsmaP" qname="CC2420CsmaP" safe="">
      <documentation loc="32:/opt/tinyos-release-tinyos-2_1_2//tos/chips/cc2420/csma/CC2420CsmaP.nc">
        <short>
 </short>
        <long>
 @author Jonathan Hui &lt;jhui@archrock.com&gt;
 @version $Revision: 1.12 $ $Date: 2009/09/17 23:36:36 $
</long>
      </documentation>
      <module/>
    </component><component loc="42:/opt/tinyos-release-tinyos-2_1_2//tos/chips/cc2420/control/CC2420ControlC.nc" nicename="CC2420ControlC" qname="CC2420ControlC">
      <documentation loc="32:/opt/tinyos-release-tinyos-2_1_2//tos/chips/cc2420/control/CC2420ControlC.nc">
        <short>
 Implementation for configuring a ChipCon CC2420 radio.</short>
        <long>
 Implementation for configuring a ChipCon CC2420 radio.

 @author Jonathan Hui &lt;jhui@archrock.com&gt;
 @version $Revision: 1.3 $ $Date: 2008/05/14 21:33:07 $
</long>
      </documentation>
      <configuration/>
      <wiring>
        <wire loc="55:/opt/tinyos-release-tinyos-2_1_2//tos/chips/cc2420/control/CC2420ControlC.nc">
          <from><interface-ref name="CC2420Config" ref="0x2b61064c3b80" scoped=""/></from>
          <to><interface-ref name="CC2420Config" ref="0x2b61064b9970" scoped=""/></to>
        </wire>
        <wire loc="57:/opt/tinyos-release-tinyos-2_1_2//tos/chips/cc2420/control/CC2420ControlC.nc">
          <from><interface-ref name="ReadRssi" ref="0x2b61064c1020" scoped=""/></from>
          <to><interface-ref name="ReadRssi" ref="0x2b61064b6b40" scoped=""/></to>
        </wire>
        <wire loc="56:/opt/tinyos-release-tinyos-2_1_2//tos/chips/cc2420/control/CC2420ControlC.nc">
          <from><interface-ref name="CC2420Power" ref="0x2b6106493a60" scoped=""/></from>
          <to><interface-ref name="CC2420Power" ref="0x2b61064b7740" scoped=""/></to>
        </wire>
        <wire loc="54:/opt/tinyos-release-tinyos-2_1_2//tos/chips/cc2420/control/CC2420ControlC.nc">
          <from><interface-ref name="Resource" ref="0x2b6106498730" scoped=""/></from>
          <to><interface-ref name="Resource" ref="0x2b61064bab10" scoped=""/></to>
        </wire>
        <wire loc="60:/opt/tinyos-release-tinyos-2_1_2//tos/chips/cc2420/control/CC2420ControlC.nc">
          <from><interface-ref name="SoftwareInit" ref="0x2b6105d641b0" scoped=""/></from>
          <to><interface-ref name="Init" ref="0x2b61064ba4a0" scoped=""/></to>
        </wire>
        <wire loc="63:/opt/tinyos-release-tinyos-2_1_2//tos/chips/cc2420/control/CC2420ControlC.nc">
          <from><interface-ref name="StartupTimer" ref="0x2b61064b3a10" scoped=""/></from>
          <to><interface-ref name="Alarm32khz32" ref="0x2b6106542220" scoped=""/></to>
        </wire>
        <wire loc="66:/opt/tinyos-release-tinyos-2_1_2//tos/chips/cc2420/control/CC2420ControlC.nc">
          <from><interface-ref name="CSN" ref="0x2b61064afc50" scoped=""/></from>
          <to><interface-ref name="CSN" ref="0x2b61065bce60" scoped=""/></to>
        </wire>
        <wire loc="67:/opt/tinyos-release-tinyos-2_1_2//tos/chips/cc2420/control/CC2420ControlC.nc">
          <from><interface-ref name="RSTN" ref="0x2b61064aee70" scoped=""/></from>
          <to><interface-ref name="RSTN" ref="0x2b61065b86a0" scoped=""/></to>
        </wire>
        <wire loc="68:/opt/tinyos-release-tinyos-2_1_2//tos/chips/cc2420/control/CC2420ControlC.nc">
          <from><interface-ref name="VREN" ref="0x2b61064ac0f0" scoped=""/></from>
          <to><interface-ref name="VREN" ref="0x2b61065b6ce0" scoped=""/></to>
        </wire>
        <wire loc="71:/opt/tinyos-release-tinyos-2_1_2//tos/chips/cc2420/control/CC2420ControlC.nc">
          <from><interface-ref name="InterruptCCA" ref="0x2b61064e2c00" scoped=""/></from>
          <to><interface-ref name="InterruptCCA" ref="0x2b6106604d60" scoped=""/></to>
        </wire>
        <wire loc="74:/opt/tinyos-release-tinyos-2_1_2//tos/chips/cc2420/control/CC2420ControlC.nc">
          <from><interface-ref name="SpiResource" ref="0x2b61064cfb60" scoped=""/></from>
          <to><interface-ref name="Resource" ref="0x2b6106b5d250" scoped=""/></to>
        </wire>
        <wire loc="75:/opt/tinyos-release-tinyos-2_1_2//tos/chips/cc2420/control/CC2420ControlC.nc">
          <from><interface-ref name="SRXON" ref="0x2b61064d0bb0" scoped=""/></from>
          <to><interface-ref name="SRXON" ref="0x2b6106b5acc0" scoped=""/></to>
        </wire>
        <wire loc="76:/opt/tinyos-release-tinyos-2_1_2//tos/chips/cc2420/control/CC2420ControlC.nc">
          <from><interface-ref name="SRFOFF" ref="0x2b61064d23b0" scoped=""/></from>
          <to><interface-ref name="SRFOFF" ref="0x2b6106b58060" scoped=""/></to>
        </wire>
        <wire loc="77:/opt/tinyos-release-tinyos-2_1_2//tos/chips/cc2420/control/CC2420ControlC.nc">
          <from><interface-ref name="SXOSCON" ref="0x2b61064cf440" scoped=""/></from>
          <to><interface-ref name="SXOSCON" ref="0x2b6106b5a020" scoped=""/></to>
        </wire>
        <wire loc="78:/opt/tinyos-release-tinyos-2_1_2//tos/chips/cc2420/control/CC2420ControlC.nc">
          <from><interface-ref name="SXOSCOFF" ref="0x2b61064d2ae0" scoped=""/></from>
          <to><interface-ref name="SXOSCOFF" ref="0x2b6106b586b0" scoped=""/></to>
        </wire>
        <wire loc="79:/opt/tinyos-release-tinyos-2_1_2//tos/chips/cc2420/control/CC2420ControlC.nc">
          <from><interface-ref name="FSCTRL" ref="0x2b61064d5420" scoped=""/></from>
          <to><interface-ref name="FSCTRL" ref="0x2b6106b50cd0" scoped=""/></to>
        </wire>
        <wire loc="80:/opt/tinyos-release-tinyos-2_1_2//tos/chips/cc2420/control/CC2420ControlC.nc">
          <from><interface-ref name="IOCFG0" ref="0x2b61064d5cd0" scoped=""/></from>
          <to><interface-ref name="IOCFG0" ref="0x2b6106b4dce0" scoped=""/></to>
        </wire>
        <wire loc="81:/opt/tinyos-release-tinyos-2_1_2//tos/chips/cc2420/control/CC2420ControlC.nc">
          <from><interface-ref name="IOCFG1" ref="0x2b61064dc5d0" scoped=""/></from>
          <to><interface-ref name="IOCFG1" ref="0x2b6106b4c500" scoped=""/></to>
        </wire>
        <wire loc="82:/opt/tinyos-release-tinyos-2_1_2//tos/chips/cc2420/control/CC2420ControlC.nc">
          <from><interface-ref name="MDMCTRL0" ref="0x2b61064d7020" scoped=""/></from>
          <to><interface-ref name="MDMCTRL0" ref="0x2b6106b532f0" scoped=""/></to>
        </wire>
        <wire loc="83:/opt/tinyos-release-tinyos-2_1_2//tos/chips/cc2420/control/CC2420ControlC.nc">
          <from><interface-ref name="MDMCTRL1" ref="0x2b61064d78f0" scoped=""/></from>
          <to><interface-ref name="MDMCTRL1" ref="0x2b6106b53ad0" scoped=""/></to>
        </wire>
        <wire loc="84:/opt/tinyos-release-tinyos-2_1_2//tos/chips/cc2420/control/CC2420ControlC.nc">
          <from><interface-ref name="PANID" ref="0x2b61064d8e20" scoped=""/></from>
          <to><interface-ref name="PANID" ref="0x2b6106b47ce0" scoped=""/></to>
        </wire>
        <wire loc="85:/opt/tinyos-release-tinyos-2_1_2//tos/chips/cc2420/control/CC2420ControlC.nc">
          <from><interface-ref name="IEEEADR" ref="0x2b61064d84a0" scoped=""/></from>
          <to><interface-ref name="IEEEADR" ref="0x2b6106b47500" scoped=""/></to>
        </wire>
        <wire loc="86:/opt/tinyos-release-tinyos-2_1_2//tos/chips/cc2420/control/CC2420ControlC.nc">
          <from><interface-ref name="RXCTRL1" ref="0x2b61064d41e0" scoped=""/></from>
          <to><interface-ref name="RXCTRL1" ref="0x2b6106b502f0" scoped=""/></to>
        </wire>
        <wire loc="87:/opt/tinyos-release-tinyos-2_1_2//tos/chips/cc2420/control/CC2420ControlC.nc">
          <from><interface-ref name="RSSI" ref="0x2b61064d4a80" scoped=""/></from>
          <to><interface-ref name="RSSI" ref="0x2b6106b522f0" scoped=""/></to>
        </wire>
        <wire loc="88:/opt/tinyos-release-tinyos-2_1_2//tos/chips/cc2420/control/CC2420ControlC.nc">
          <from><interface-ref name="TXCTRL" ref="0x2b61064d33c0" scoped=""/></from>
          <to><interface-ref name="TXCTRL" ref="0x2b6106b512f0" scoped=""/></to>
        </wire>
        <wire loc="91:/opt/tinyos-release-tinyos-2_1_2//tos/chips/cc2420/control/CC2420ControlC.nc">
          <from><interface-ref name="SyncResource" ref="0x2b61064cd880" scoped=""/></from>
          <to><interface-ref name="Resource" ref="0x2b6106b909e0" scoped=""/></to>
        </wire>
        <wire loc="94:/opt/tinyos-release-tinyos-2_1_2//tos/chips/cc2420/control/CC2420ControlC.nc">
          <from><interface-ref name="RssiResource" ref="0x2b61064cea10" scoped=""/></from>
          <to><interface-ref name="Resource" ref="0x2b6106b6daa0" scoped=""/></to>
        </wire>
        <wire loc="97:/opt/tinyos-release-tinyos-2_1_2//tos/chips/cc2420/control/CC2420ControlC.nc">
          <from><interface-ref name="ActiveMessageAddress" ref="0x2b61064dd390" scoped=""/></from>
          <to><interface-ref name="ActiveMessageAddress" ref="0x2b6106ba2ba0" scoped=""/></to>
        </wire>
        <wire loc="100:/opt/tinyos-release-tinyos-2_1_2//tos/chips/cc2420/control/CC2420ControlC.nc">
          <from><interface-ref name="LocalIeeeEui64" ref="0x2b61064b3020" scoped=""/></from>
          <to><interface-ref name="LocalIeeeEui64" ref="0x2b6106ba1e70" scoped=""/></to>
        </wire>
      </wiring>
    </component></referenced></component>