<?xml version="1.0" ?><component loc="53:/opt/tinyos-release-tinyos-2_1_2//tos/chips/cc2420/CC2420ActiveMessageC.nc" nicename="CC2420ActiveMessageC" qname="CC2420ActiveMessageC">
      <configuration/>
      <wiring>
        <wire loc="82:/opt/tinyos-release-tinyos-2_1_2//tos/chips/cc2420/CC2420ActiveMessageC.nc">
          <from><interface-ref name="SplitControl" ref="0x2b61063d72f0" scoped=""/></from>
          <to><interface-ref name="SplitControl" ref="0x2b6106400340" scoped=""/></to>
        </wire>
        <wire loc="83:/opt/tinyos-release-tinyos-2_1_2//tos/chips/cc2420/CC2420ActiveMessageC.nc">
          <from><interface-ref name="RadioBackoff" ref="0x2b61063e9380" scoped=""/></from>
          <to><interface-ref name="RadioBackoff" ref="0x2b6106faf8b0" scoped=""/></to>
        </wire>
        <wire loc="86:/opt/tinyos-release-tinyos-2_1_2//tos/chips/cc2420/CC2420ActiveMessageC.nc">
          <from><interface-ref name="SendNotifier" ref="0x2b610640d500" scoped=""/></from>
          <to><interface-ref name="SendNotifier" ref="0x2b6106fb0ce0" scoped=""/></to>
        </wire>
        <wire loc="84:/opt/tinyos-release-tinyos-2_1_2//tos/chips/cc2420/CC2420ActiveMessageC.nc">
          <from><interface-ref name="Packet" ref="0x2b61063f14b0" scoped=""/></from>
          <to><interface-ref name="Packet" ref="0x2b6106fb1a80" scoped=""/></to>
        </wire>
        <wire loc="85:/opt/tinyos-release-tinyos-2_1_2//tos/chips/cc2420/CC2420ActiveMessageC.nc">
          <from><interface-ref name="AMSend" ref="0x2b61063d6320" scoped=""/></from>
          <to><interface-ref name="AMSend" ref="0x2b6106fb5020" scoped=""/></to>
        </wire>
        <wire loc="88:/opt/tinyos-release-tinyos-2_1_2//tos/chips/cc2420/CC2420ActiveMessageC.nc">
          <from><interface-ref name="Snoop" ref="0x2b61063d41d0" scoped=""/></from>
          <to><interface-ref name="Snoop" ref="0x2b6106fb4df0" scoped=""/></to>
        </wire>
        <wire loc="92:/opt/tinyos-release-tinyos-2_1_2//tos/chips/cc2420/CC2420ActiveMessageC.nc">
          <from><interface-ref name="CC2420Packet" ref="0x2b61063ea640" scoped=""/></from>
          <to><interface-ref name="CC2420Packet" ref="0x2b6106426140" scoped=""/></to>
        </wire>
        <wire loc="91:/opt/tinyos-release-tinyos-2_1_2//tos/chips/cc2420/CC2420ActiveMessageC.nc">
          <from><interface-ref name="LowPowerListening" ref="0x2b610640c2a0" scoped=""/></from>
          <to><interface-ref name="LowPowerListening" ref="0x2b6106424080" scoped=""/></to>
        </wire>
        <wire loc="87:/opt/tinyos-release-tinyos-2_1_2//tos/chips/cc2420/CC2420ActiveMessageC.nc">
          <from><interface-ref name="Receive" ref="0x2b61063d5510" scoped=""/></from>
          <to><interface-ref name="Receive" ref="0x2b6106fb4210" scoped=""/></to>
        </wire>
        <wire loc="93:/opt/tinyos-release-tinyos-2_1_2//tos/chips/cc2420/CC2420ActiveMessageC.nc">
          <from><interface-ref name="PacketAcknowledgements" ref="0x2b61063f0080" scoped=""/></from>
          <to><interface-ref name="PacketAcknowledgements" ref="0x2b6106425020" scoped=""/></to>
        </wire>
        <wire loc="90:/opt/tinyos-release-tinyos-2_1_2//tos/chips/cc2420/CC2420ActiveMessageC.nc">
          <from><interface-ref name="PacketLink" ref="0x2b6106405670" scoped=""/></from>
          <to><interface-ref name="PacketLink" ref="0x2b6106424b70" scoped=""/></to>
        </wire>
        <wire loc="89:/opt/tinyos-release-tinyos-2_1_2//tos/chips/cc2420/CC2420ActiveMessageC.nc">
          <from><interface-ref name="AMPacket" ref="0x2b61063c1af0" scoped=""/></from>
          <to><interface-ref name="AMPacket" ref="0x2b6106fb2470" scoped=""/></to>
        </wire>
        <wire loc="94:/opt/tinyos-release-tinyos-2_1_2//tos/chips/cc2420/CC2420ActiveMessageC.nc">
          <from><interface-ref name="LinkPacketMetadata" ref="0x2b61063e01e0" scoped=""/></from>
          <to><interface-ref name="LinkPacketMetadata" ref="0x2b61064259d0" scoped=""/></to>
        </wire>
        <wire loc="97:/opt/tinyos-release-tinyos-2_1_2//tos/chips/cc2420/CC2420ActiveMessageC.nc">
          <from><interface-ref name="RadioResource" ref="0x2b6106fa60f0" scoped=""/></from>
          <to><interface-ref name="Resource" ref="0x2b61063f9770" scoped=""/>
          <arguments>
            <value cst="I:0">
              <type-int alignment="I:2" cname="int" size="I:2"/>
            </value>
          </arguments>
          </to>
        </wire>
        <wire loc="98:/opt/tinyos-release-tinyos-2_1_2//tos/chips/cc2420/CC2420ActiveMessageC.nc">
          <from><interface-ref name="SubSend" ref="0x2b6106fae860" scoped=""/></from>
          <to><interface-ref name="ActiveSend" ref="0x2b61063f7d10" scoped=""/></to>
        </wire>
        <wire loc="99:/opt/tinyos-release-tinyos-2_1_2//tos/chips/cc2420/CC2420ActiveMessageC.nc">
          <from><interface-ref name="SubReceive" ref="0x2b6106fad690" scoped=""/></from>
          <to><interface-ref name="ActiveReceive" ref="0x2b6106427a90" scoped=""/></to>
        </wire>
        <wire loc="101:/opt/tinyos-release-tinyos-2_1_2//tos/chips/cc2420/CC2420ActiveMessageC.nc">
          <from><interface-ref name="ActiveMessageAddress" ref="0x2b6106fa94d0" scoped=""/></from>
          <to><interface-ref name="ActiveMessageAddress" ref="0x2b6106ba2ba0" scoped=""/></to>
        </wire>
        <wire loc="102:/opt/tinyos-release-tinyos-2_1_2//tos/chips/cc2420/CC2420ActiveMessageC.nc">
          <from><interface-ref name="CC2420Packet" ref="0x2b6106fadce0" scoped=""/></from>
          <to><interface-ref name="CC2420Packet" ref="0x2b6106df0680" scoped=""/></to>
        </wire>
        <wire loc="103:/opt/tinyos-release-tinyos-2_1_2//tos/chips/cc2420/CC2420ActiveMessageC.nc">
          <from><interface-ref name="CC2420PacketBody" ref="0x2b6106facb70" scoped=""/></from>
          <to><interface-ref name="CC2420PacketBody" ref="0x2b6106dec0c0" scoped=""/></to>
        </wire>
        <wire loc="104:/opt/tinyos-release-tinyos-2_1_2//tos/chips/cc2420/CC2420ActiveMessageC.nc">
          <from><interface-ref name="CC2420Config" ref="0x2b6106fab610" scoped=""/></from>
          <to><interface-ref name="CC2420Config" ref="0x2b61064c3b80" scoped=""/></to>
        </wire>
        <wire loc="106:/opt/tinyos-release-tinyos-2_1_2//tos/chips/cc2420/CC2420ActiveMessageC.nc">
          <from><interface-ref name="SubBackoff" ref="0x2b6106fa81f0" scoped=""/></from>
          <to><interface-ref name="RadioBackoff" ref="0x2b610641e3b0" scoped=""/></to>
        </wire>
        <wire loc="109:/opt/tinyos-release-tinyos-2_1_2//tos/chips/cc2420/CC2420ActiveMessageC.nc">
          <from><interface-ref name="Leds" ref="0x2b6106fa6d30" scoped=""/></from>
          <to><interface-ref name="Leds" ref="0x2b6105f285b0" scoped=""/></to>
        </wire>
      </wiring>
    <specification><interface loc="55:/opt/tinyos-release-tinyos-2_1_2//tos/chips/cc2420/CC2420ActiveMessageC.nc" name="SplitControl" provided="1" ref="0x2b61063d72f0">
      <component-ref nicename="CC2420ActiveMessageC" qname="CC2420ActiveMessageC"/>
      <type-interface alignment="I:2" size="I:2"><interface-ref name="SplitControl" ref="0x2b61063d72f0" scoped=""/></type-interface>
      <instance>
        <interfacedef-ref nicename="SplitControl" qname="SplitControl"/>
      </instance>
      <interface-functions>
        <function-ref name="startDone" ref="0x2b61063d7670" scoped=""/>
        <function-ref name="stopDone" ref="0x2b61063d7800" scoped=""/>
        <function-ref name="start" ref="0x2b61063d7990" scoped=""/>
        <function-ref name="stop" ref="0x2b61063d7b20" scoped=""/>
      </interface-functions>
    </interface><interface loc="64:/opt/tinyos-release-tinyos-2_1_2//tos/chips/cc2420/CC2420ActiveMessageC.nc" name="RadioBackoff" provided="1" ref="0x2b61063e9380">
      <component-ref nicename="CC2420ActiveMessageC" qname="CC2420ActiveMessageC"/>
      <type-interface alignment="I:2" size="I:2"><interface-ref name="RadioBackoff" ref="0x2b61063e9380" scoped=""/></type-interface>
      <instance>
        <interfacedef-ref nicename="RadioBackoff" qname="RadioBackoff"/>
      </instance>
      <interface-parameters>
        <type-int alignment="I:1" cname="unsigned char" size="I:1" unsigned="">
          <typename><typedef-ref name="am_id_t" ref="0x2b6105d4adc0"/></typename>
        </type-int>
      </interface-parameters>
      <interface-functions>
        <function-ref name="requestCca" ref="0x2b61063e9700" scoped=""/>
        <function-ref name="requestInitialBackoff" ref="0x2b61063e9890" scoped=""/>
        <function-ref name="setCongestionBackoff" ref="0x2b61063e9a20" scoped=""/>
        <function-ref name="setInitialBackoff" ref="0x2b61063e9bb0" scoped=""/>
        <function-ref name="setCca" ref="0x2b61063e9d40" scoped=""/>
        <function-ref name="requestCongestionBackoff" ref="0x2b61063e4020" scoped=""/>
      </interface-functions>
    </interface><interface loc="67:/opt/tinyos-release-tinyos-2_1_2//tos/chips/cc2420/CC2420ActiveMessageC.nc" name="SendNotifier" provided="1" ref="0x2b610640d500">
      <component-ref nicename="CC2420ActiveMessageC" qname="CC2420ActiveMessageC"/>
      <type-interface alignment="I:2" size="I:2"><interface-ref name="SendNotifier" ref="0x2b610640d500" scoped=""/></type-interface>
      <instance>
        <interfacedef-ref nicename="SendNotifier" qname="SendNotifier"/>
      </instance>
      <interface-parameters>
        <type-int alignment="I:1" cname="unsigned char" size="I:1" unsigned="">
          <typename><typedef-ref name="am_id_t" ref="0x2b6105d4adc0"/></typename>
        </type-int>
      </interface-parameters>
      <interface-functions>
        <function-ref name="aboutToSend" ref="0x2b610640d980" scoped=""/>
      </interface-functions>
    </interface><interface loc="60:/opt/tinyos-release-tinyos-2_1_2//tos/chips/cc2420/CC2420ActiveMessageC.nc" name="Packet" provided="1" ref="0x2b61063f14b0">
      <component-ref nicename="CC2420ActiveMessageC" qname="CC2420ActiveMessageC"/>
      <type-interface alignment="I:2" size="I:2"><interface-ref name="Packet" ref="0x2b61063f14b0" scoped=""/></type-interface>
      <instance>
        <interfacedef-ref nicename="Packet" qname="Packet"/>
      </instance>
      <interface-functions>
        <function-ref name="clear" ref="0x2b61063f1830" scoped=""/>
        <function-ref name="payloadLength" ref="0x2b61063f19c0" scoped=""/>
        <function-ref name="getPayload" ref="0x2b61063f1b50" scoped=""/>
        <function-ref name="maxPayloadLength" ref="0x2b61063f1ce0" scoped=""/>
        <function-ref name="setPayloadLength" ref="0x2b61063f1e70" scoped=""/>
      </interface-functions>
    </interface><interface loc="56:/opt/tinyos-release-tinyos-2_1_2//tos/chips/cc2420/CC2420ActiveMessageC.nc" name="AMSend" provided="1" ref="0x2b61063d6320">
      <component-ref nicename="CC2420ActiveMessageC" qname="CC2420ActiveMessageC"/>
      <type-interface alignment="I:2" size="I:2"><interface-ref name="AMSend" ref="0x2b61063d6320" scoped=""/></type-interface>
      <instance>
        <interfacedef-ref nicename="AMSend" qname="AMSend"/>
      </instance>
      <interface-parameters>
        <type-int alignment="I:1" cname="unsigned char" size="I:1" unsigned="">
          <typename><typedef-ref name="am_id_t" ref="0x2b6105d4adc0"/></typename>
        </type-int>
      </interface-parameters>
      <interface-functions>
        <function-ref name="send" ref="0x2b61063d66a0" scoped=""/>
        <function-ref name="getPayload" ref="0x2b61063d6830" scoped=""/>
        <function-ref name="maxPayloadLength" ref="0x2b61063d69c0" scoped=""/>
        <function-ref name="cancel" ref="0x2b61063d6b50" scoped=""/>
        <function-ref name="sendDone" ref="0x2b61063d6ce0" scoped=""/>
      </interface-functions>
    </interface><interface loc="58:/opt/tinyos-release-tinyos-2_1_2//tos/chips/cc2420/CC2420ActiveMessageC.nc" name="Snoop" provided="1" ref="0x2b61063d41d0">
      <component-ref nicename="CC2420ActiveMessageC" qname="CC2420ActiveMessageC"/>
      <type-interface alignment="I:2" size="I:2"><interface-ref name="Snoop" ref="0x2b61063d41d0" scoped=""/></type-interface>
      <instance>
        <interfacedef-ref nicename="Receive" qname="Receive"/>
      </instance>
      <interface-parameters>
        <type-int alignment="I:1" cname="unsigned char" size="I:1" unsigned="">
          <typename><typedef-ref name="am_id_t" ref="0x2b6105d4adc0"/></typename>
        </type-int>
      </interface-parameters>
      <interface-functions>
        <function-ref name="receive" ref="0x2b61063d4550" scoped=""/>
      </interface-functions>
    </interface><interface loc="61:/opt/tinyos-release-tinyos-2_1_2//tos/chips/cc2420/CC2420ActiveMessageC.nc" name="CC2420Packet" provided="1" ref="0x2b61063ea640">
      <component-ref nicename="CC2420ActiveMessageC" qname="CC2420ActiveMessageC"/>
      <type-interface alignment="I:2" size="I:2"><interface-ref name="CC2420Packet" ref="0x2b61063ea640" scoped=""/></type-interface>
      <instance>
        <interfacedef-ref nicename="CC2420Packet" qname="CC2420Packet"/>
      </instance>
      <interface-functions>
        <function-ref name="setPower" ref="0x2b61063ea9c0" scoped=""/>
        <function-ref name="setNetwork" ref="0x2b61063eab50" scoped=""/>
        <function-ref name="getRssi" ref="0x2b61063eace0" scoped=""/>
        <function-ref name="getNetwork" ref="0x2b61063eae70" scoped=""/>
        <function-ref name="getPower" ref="0x2b61063f2030" scoped=""/>
        <function-ref name="getLqi" ref="0x2b61063f21c0" scoped=""/>
      </interface-functions>
    </interface><interface loc="65:/opt/tinyos-release-tinyos-2_1_2//tos/chips/cc2420/CC2420ActiveMessageC.nc" name="LowPowerListening" provided="1" ref="0x2b610640c2a0">
      <component-ref nicename="CC2420ActiveMessageC" qname="CC2420ActiveMessageC"/>
      <type-interface alignment="I:2" size="I:2"><interface-ref name="LowPowerListening" ref="0x2b610640c2a0" scoped=""/></type-interface>
      <instance>
        <interfacedef-ref nicename="LowPowerListening" qname="LowPowerListening"/>
      </instance>
      <interface-functions>
        <function-ref name="setRemoteWakeupInterval" ref="0x2b610640c620" scoped=""/>
        <function-ref name="getRemoteWakeupInterval" ref="0x2b610640c7b0" scoped=""/>
        <function-ref name="getLocalWakeupInterval" ref="0x2b610640c940" scoped=""/>
        <function-ref name="setLocalWakeupInterval" ref="0x2b610640cad0" scoped=""/>
      </interface-functions>
    </interface><interface loc="57:/opt/tinyos-release-tinyos-2_1_2//tos/chips/cc2420/CC2420ActiveMessageC.nc" name="Receive" provided="1" ref="0x2b61063d5510">
      <component-ref nicename="CC2420ActiveMessageC" qname="CC2420ActiveMessageC"/>
      <type-interface alignment="I:2" size="I:2"><interface-ref name="Receive" ref="0x2b61063d5510" scoped=""/></type-interface>
      <instance>
        <interfacedef-ref nicename="Receive" qname="Receive"/>
      </instance>
      <interface-parameters>
        <type-int alignment="I:1" cname="unsigned char" size="I:1" unsigned="">
          <typename><typedef-ref name="am_id_t" ref="0x2b6105d4adc0"/></typename>
        </type-int>
      </interface-parameters>
      <interface-functions>
        <function-ref name="receive" ref="0x2b61063d5890" scoped=""/>
      </interface-functions>
    </interface><interface loc="62:/opt/tinyos-release-tinyos-2_1_2//tos/chips/cc2420/CC2420ActiveMessageC.nc" name="PacketAcknowledgements" provided="1" ref="0x2b61063f0080">
      <component-ref nicename="CC2420ActiveMessageC" qname="CC2420ActiveMessageC"/>
      <type-interface alignment="I:2" size="I:2"><interface-ref name="PacketAcknowledgements" ref="0x2b61063f0080" scoped=""/></type-interface>
      <instance>
        <interfacedef-ref nicename="PacketAcknowledgements" qname="PacketAcknowledgements"/>
      </instance>
      <interface-functions>
        <function-ref name="requestAck" ref="0x2b61063f0400" scoped=""/>
        <function-ref name="noAck" ref="0x2b61063f0590" scoped=""/>
        <function-ref name="wasAcked" ref="0x2b61063f0720" scoped=""/>
      </interface-functions>
    </interface><interface loc="66:/opt/tinyos-release-tinyos-2_1_2//tos/chips/cc2420/CC2420ActiveMessageC.nc" name="PacketLink" provided="1" ref="0x2b6106405670">
      <component-ref nicename="CC2420ActiveMessageC" qname="CC2420ActiveMessageC"/>
      <type-interface alignment="I:2" size="I:2"><interface-ref name="PacketLink" ref="0x2b6106405670" scoped=""/></type-interface>
      <instance>
        <interfacedef-ref nicename="PacketLink" qname="PacketLink"/>
      </instance>
      <interface-functions>
        <function-ref name="getRetryDelay" ref="0x2b61064059f0" scoped=""/>
        <function-ref name="setRetries" ref="0x2b6106405b80" scoped=""/>
        <function-ref name="getRetries" ref="0x2b6106405d10" scoped=""/>
        <function-ref name="setRetryDelay" ref="0x2b6106412020" scoped=""/>
        <function-ref name="wasDelivered" ref="0x2b61064121b0" scoped=""/>
      </interface-functions>
    </interface><interface loc="59:/opt/tinyos-release-tinyos-2_1_2//tos/chips/cc2420/CC2420ActiveMessageC.nc" name="AMPacket" provided="1" ref="0x2b61063c1af0">
      <component-ref nicename="CC2420ActiveMessageC" qname="CC2420ActiveMessageC"/>
      <type-interface alignment="I:2" size="I:2"><interface-ref name="AMPacket" ref="0x2b61063c1af0" scoped=""/></type-interface>
      <instance>
        <interfacedef-ref nicename="AMPacket" qname="AMPacket"/>
      </instance>
      <interface-functions>
        <function-ref name="group" ref="0x2b61063c1e70" scoped=""/>
        <function-ref name="source" ref="0x2b61063d3030" scoped=""/>
        <function-ref name="address" ref="0x2b61063d31c0" scoped=""/>
        <function-ref name="destination" ref="0x2b61063d3350" scoped=""/>
        <function-ref name="setSource" ref="0x2b61063d34e0" scoped=""/>
        <function-ref name="setDestination" ref="0x2b61063d3670" scoped=""/>
        <function-ref name="type" ref="0x2b61063d3800" scoped=""/>
        <function-ref name="setType" ref="0x2b61063d3990" scoped=""/>
        <function-ref name="isForMe" ref="0x2b61063d3b20" scoped=""/>
        <function-ref name="setGroup" ref="0x2b61063d3cb0" scoped=""/>
        <function-ref name="localGroup" ref="0x2b61063d3e40" scoped=""/>
      </interface-functions>
    </interface><interface loc="63:/opt/tinyos-release-tinyos-2_1_2//tos/chips/cc2420/CC2420ActiveMessageC.nc" name="LinkPacketMetadata" provided="1" ref="0x2b61063e01e0">
      <component-ref nicename="CC2420ActiveMessageC" qname="CC2420ActiveMessageC"/>
      <type-interface alignment="I:2" size="I:2"><interface-ref name="LinkPacketMetadata" ref="0x2b61063e01e0" scoped=""/></type-interface>
      <instance>
        <interfacedef-ref nicename="LinkPacketMetadata" qname="LinkPacketMetadata"/>
      </instance>
      <interface-functions>
        <function-ref name="highChannelQuality" ref="0x2b61063e0560" scoped=""/>
      </interface-functions>
    </interface></specification><referenced><interface loc="50:/opt/tinyos-release-tinyos-2_1_2//tos/chips/cc2420/CC2420ActiveMessageP.nc" name="Snoop" provided="1" ref="0x2b6106fb4df0">
      <component-ref nicename="CC2420ActiveMessageP" qname="CC2420ActiveMessageP"/>
      <type-interface alignment="I:2" size="I:2"><interface-ref name="Snoop" ref="0x2b6106fb4df0" scoped=""/></type-interface>
      <instance>
        <interfacedef-ref nicename="Receive" qname="Receive"/>
      </instance>
      <interface-parameters>
        <type-int alignment="I:1" cname="unsigned char" size="I:1" unsigned="">
          <typename><typedef-ref name="am_id_t" ref="0x2b6105d4adc0"/></typename>
        </type-int>
      </interface-parameters>
      <interface-functions>
        <function-ref name="receive" ref="0x2b6106fb21c0" scoped=""/>
      </interface-functions>
    </interface><interface loc="46:/opt/tinyos-release-tinyos-2_1_2//tos/system/LedsC.nc" name="Leds" provided="1" ref="0x2b6105f285b0">
      <component-ref nicename="LedsC" qname="LedsC"/>
      <type-interface alignment="I:2" size="I:2"><interface-ref name="Leds" ref="0x2b6105f285b0" scoped=""/></type-interface>
      <instance>
        <interfacedef-ref nicename="Leds" qname="Leds"/>
      </instance>
      <interface-functions>
        <function-ref name="led0Off" ref="0x2b6105f28930" scoped=""/>
        <function-ref name="led0Toggle" ref="0x2b6105f28ac0" scoped=""/>
        <function-ref name="led1On" ref="0x2b6105f28c50" scoped=""/>
        <function-ref name="led1Toggle" ref="0x2b6105f28de0" scoped=""/>
        <function-ref name="led2Toggle" ref="0x2b6105f91020" scoped=""/>
        <function-ref name="get" ref="0x2b6105f911b0" scoped=""/>
        <function-ref name="led1Off" ref="0x2b6105f91340" scoped=""/>
        <function-ref name="led2Off" ref="0x2b6105f91980" scoped=""/>
        <function-ref name="set" ref="0x2b6105f914d0" scoped=""/>
        <function-ref name="led0On" ref="0x2b6105f91660" scoped=""/>
        <function-ref name="led2On" ref="0x2b6105f917f0" scoped=""/>
      </interface-functions>
    </interface><interface loc="64:/opt/tinyos-release-tinyos-2_1_2//tos/chips/cc2420/CC2420ActiveMessageP.nc" name="SubBackoff" provided="0" ref="0x2b6106fa81f0">
      <component-ref nicename="CC2420ActiveMessageP" qname="CC2420ActiveMessageP"/>
      <type-interface alignment="I:2" size="I:2"><interface-ref name="SubBackoff" ref="0x2b6106fa81f0" scoped=""/></type-interface>
      <instance>
        <interfacedef-ref nicename="RadioBackoff" qname="RadioBackoff"/>
      </instance>
      <interface-functions>
        <function-ref name="requestCca" ref="0x2b6106fa8570" scoped=""/>
        <function-ref name="requestInitialBackoff" ref="0x2b6106fa8700" scoped=""/>
        <function-ref name="setCongestionBackoff" ref="0x2b6106fa8890" scoped=""/>
        <function-ref name="setInitialBackoff" ref="0x2b6106fa8a20" scoped=""/>
        <function-ref name="setCca" ref="0x2b6106fa8bb0" scoped=""/>
        <function-ref name="requestCongestionBackoff" ref="0x2b6106fa8d40" scoped=""/>
      </interface-functions>
    </interface><interface loc="53:/opt/tinyos-release-tinyos-2_1_2//tos/chips/cc2420/CC2420ActiveMessageP.nc" name="SendNotifier" provided="1" ref="0x2b6106fb0ce0">
      <component-ref nicename="CC2420ActiveMessageP" qname="CC2420ActiveMessageP"/>
      <type-interface alignment="I:2" size="I:2"><interface-ref name="SendNotifier" ref="0x2b6106fb0ce0" scoped=""/></type-interface>
      <instance>
        <interfacedef-ref nicename="SendNotifier" qname="SendNotifier"/>
      </instance>
      <interface-parameters>
        <type-int alignment="I:1" cname="unsigned char" size="I:1" unsigned="">
          <typename><typedef-ref name="am_id_t" ref="0x2b6105d4adc0"/></typename>
        </type-int>
      </interface-parameters>
      <interface-functions>
        <function-ref name="aboutToSend" ref="0x2b6106faf0a0" scoped=""/>
      </interface-functions>
    </interface><interface loc="51:/opt/tinyos-release-tinyos-2_1_2//tos/chips/cc2420/CC2420ActiveMessageP.nc" name="AMPacket" provided="1" ref="0x2b6106fb2470">
      <component-ref nicename="CC2420ActiveMessageP" qname="CC2420ActiveMessageP"/>
      <type-interface alignment="I:2" size="I:2"><interface-ref name="AMPacket" ref="0x2b6106fb2470" scoped=""/></type-interface>
      <instance>
        <interfacedef-ref nicename="AMPacket" qname="AMPacket"/>
      </instance>
      <interface-functions>
        <function-ref name="group" ref="0x2b6106fb27f0" scoped=""/>
        <function-ref name="source" ref="0x2b6106fb2980" scoped=""/>
        <function-ref name="address" ref="0x2b6106fb2b10" scoped=""/>
        <function-ref name="destination" ref="0x2b6106fb2ca0" scoped=""/>
        <function-ref name="setSource" ref="0x2b6106fb2e30" scoped=""/>
        <function-ref name="setDestination" ref="0x2b6106fb1020" scoped=""/>
        <function-ref name="type" ref="0x2b6106fb11b0" scoped=""/>
        <function-ref name="setType" ref="0x2b6106fb1340" scoped=""/>
        <function-ref name="isForMe" ref="0x2b6106fb14d0" scoped=""/>
        <function-ref name="setGroup" ref="0x2b6106fb1660" scoped=""/>
        <function-ref name="localGroup" ref="0x2b6106fb17f0" scoped=""/>
      </interface-functions>
    </interface><interface loc="48:/opt/tinyos-release-tinyos-2_1_2//tos/chips/cc2420/CC2420ActiveMessageP.nc" name="AMSend" provided="1" ref="0x2b6106fb5020">
      <component-ref nicename="CC2420ActiveMessageP" qname="CC2420ActiveMessageP"/>
      <type-interface alignment="I:2" size="I:2"><interface-ref name="AMSend" ref="0x2b6106fb5020" scoped=""/></type-interface>
      <instance>
        <interfacedef-ref nicename="AMSend" qname="AMSend"/>
      </instance>
      <interface-parameters>
        <type-int alignment="I:1" cname="unsigned char" size="I:1" unsigned="">
          <typename><typedef-ref name="am_id_t" ref="0x2b6105d4adc0"/></typename>
        </type-int>
      </interface-parameters>
      <interface-functions>
        <function-ref name="send" ref="0x2b6106fb53a0" scoped=""/>
        <function-ref name="getPayload" ref="0x2b6106fb5530" scoped=""/>
        <function-ref name="maxPayloadLength" ref="0x2b6106fb56c0" scoped=""/>
        <function-ref name="cancel" ref="0x2b6106fb5850" scoped=""/>
        <function-ref name="sendDone" ref="0x2b6106fb59e0" scoped=""/>
      </interface-functions>
    </interface><interface loc="66:/opt/tinyos-release-tinyos-2_1_2//tos/chips/cc2420/CC2420ActiveMessageP.nc" name="RadioResource" provided="0" ref="0x2b6106fa60f0">
      <component-ref nicename="CC2420ActiveMessageP" qname="CC2420ActiveMessageP"/>
      <type-interface alignment="I:2" size="I:2"><interface-ref name="RadioResource" ref="0x2b6106fa60f0" scoped=""/></type-interface>
      <instance>
        <interfacedef-ref nicename="Resource" qname="Resource"/>
      </instance>
      <interface-functions>
        <function-ref name="release" ref="0x2b6106fa6470" scoped=""/>
        <function-ref name="immediateRequest" ref="0x2b6106fa6600" scoped=""/>
        <function-ref name="request" ref="0x2b6106fa6790" scoped=""/>
        <function-ref name="granted" ref="0x2b6106fa6920" scoped=""/>
        <function-ref name="isOwner" ref="0x2b6106fa6ab0" scoped=""/>
      </interface-functions>
    </interface><interface loc="54:/opt/tinyos-release-tinyos-2_1_2//tos/chips/cc2420/CC2420ActiveMessageP.nc" name="RadioBackoff" provided="1" ref="0x2b6106faf8b0">
      <component-ref nicename="CC2420ActiveMessageP" qname="CC2420ActiveMessageP"/>
      <type-interface alignment="I:2" size="I:2"><interface-ref name="RadioBackoff" ref="0x2b6106faf8b0" scoped=""/></type-interface>
      <instance>
        <interfacedef-ref nicename="RadioBackoff" qname="RadioBackoff"/>
      </instance>
      <interface-parameters>
        <type-int alignment="I:1" cname="unsigned char" size="I:1" unsigned="">
          <typename><typedef-ref name="am_id_t" ref="0x2b6105d4adc0"/></typename>
        </type-int>
      </interface-parameters>
      <interface-functions>
        <function-ref name="requestCca" ref="0x2b6106fafc30" scoped=""/>
        <function-ref name="requestInitialBackoff" ref="0x2b6106fafdc0" scoped=""/>
        <function-ref name="setCongestionBackoff" ref="0x2b6106fae020" scoped=""/>
        <function-ref name="setInitialBackoff" ref="0x2b6106fae1b0" scoped=""/>
        <function-ref name="setCca" ref="0x2b6106fae340" scoped=""/>
        <function-ref name="requestCongestionBackoff" ref="0x2b6106fae4d0" scoped=""/>
      </interface-functions>
    </interface><interface loc="49:/opt/tinyos-release-tinyos-2_1_2//tos/chips/cc2420/CC2420ActiveMessageP.nc" name="Receive" provided="1" ref="0x2b6106fb4210">
      <component-ref nicename="CC2420ActiveMessageP" qname="CC2420ActiveMessageP"/>
      <type-interface alignment="I:2" size="I:2"><interface-ref name="Receive" ref="0x2b6106fb4210" scoped=""/></type-interface>
      <instance>
        <interfacedef-ref nicename="Receive" qname="Receive"/>
      </instance>
      <interface-parameters>
        <type-int alignment="I:1" cname="unsigned char" size="I:1" unsigned="">
          <typename><typedef-ref name="am_id_t" ref="0x2b6105d4adc0"/></typename>
        </type-int>
      </interface-parameters>
      <interface-functions>
        <function-ref name="receive" ref="0x2b6106fb4590" scoped=""/>
      </interface-functions>
    </interface><interface loc="62:/opt/tinyos-release-tinyos-2_1_2//tos/chips/cc2420/CC2420ActiveMessageP.nc" name="CC2420Config" provided="0" ref="0x2b6106fab610">
      <component-ref nicename="CC2420ActiveMessageP" qname="CC2420ActiveMessageP"/>
      <type-interface alignment="I:2" size="I:2"><interface-ref name="CC2420Config" ref="0x2b6106fab610" scoped=""/></type-interface>
      <instance>
        <interfacedef-ref nicename="CC2420Config" qname="CC2420Config"/>
      </instance>
      <interface-functions>
        <function-ref name="setAutoAck" ref="0x2b6106fab990" scoped=""/>
        <function-ref name="isAddressRecognitionEnabled" ref="0x2b6106fabb20" scoped=""/>
        <function-ref name="setAddressRecognition" ref="0x2b6106fabcb0" scoped=""/>
        <function-ref name="syncDone" ref="0x2b6106fabe40" scoped=""/>
        <function-ref name="isHwAddressRecognitionDefault" ref="0x2b6106faa020" scoped=""/>
        <function-ref name="setShortAddr" ref="0x2b6106faa1b0" scoped=""/>
        <function-ref name="setChannel" ref="0x2b6106faa340" scoped=""/>
        <function-ref name="isAutoAckEnabled" ref="0x2b6106faa4d0" scoped=""/>
        <function-ref name="setPanAddr" ref="0x2b6106faa660" scoped=""/>
        <function-ref name="isHwAutoAckDefault" ref="0x2b6106faa7f0" scoped=""/>
        <function-ref name="getExtAddr" ref="0x2b6106faa980" scoped=""/>
        <function-ref name="getShortAddr" ref="0x2b6106faab10" scoped=""/>
        <function-ref name="sync" ref="0x2b6106faaca0" scoped=""/>
        <function-ref name="getChannel" ref="0x2b6106fa9020" scoped=""/>
        <function-ref name="getPanAddr" ref="0x2b6106fa91b0" scoped=""/>
      </interface-functions>
    </interface><interface loc="57:/opt/tinyos-release-tinyos-2_1_2//tos/chips/cc2420/CC2420RadioC.nc" name="PacketLink" provided="1" ref="0x2b6106424b70">
      <component-ref nicename="CC2420RadioC" qname="CC2420RadioC"/>
      <type-interface alignment="I:2" size="I:2"><interface-ref name="PacketLink" ref="0x2b6106424b70" scoped=""/></type-interface>
      <instance>
        <interfacedef-ref nicename="PacketLink" qname="PacketLink"/>
      </instance>
      <interface-functions>
        <function-ref name="getRetryDelay" ref="0x2b6106423020" scoped=""/>
        <function-ref name="setRetries" ref="0x2b61064231b0" scoped=""/>
        <function-ref name="getRetries" ref="0x2b6106423340" scoped=""/>
        <function-ref name="setRetryDelay" ref="0x2b61064234d0" scoped=""/>
        <function-ref name="wasDelivered" ref="0x2b6106423660" scoped=""/>
      </interface-functions>
    </interface><interface loc="55:/opt/tinyos-release-tinyos-2_1_2//tos/chips/cc2420/CC2420RadioC.nc" name="LinkPacketMetadata" provided="1" ref="0x2b61064259d0">
      <component-ref nicename="CC2420RadioC" qname="CC2420RadioC"/>
      <type-interface alignment="I:2" size="I:2"><interface-ref name="LinkPacketMetadata" ref="0x2b61064259d0" scoped=""/></type-interface>
      <instance>
        <interfacedef-ref nicename="LinkPacketMetadata" qname="LinkPacketMetadata"/>
      </instance>
      <interface-functions>
        <function-ref name="highChannelQuality" ref="0x2b6106425d50" scoped=""/>
      </interface-functions>
    </interface><interface loc="43:/opt/tinyos-release-tinyos-2_1_2//tos/chips/cc2420/CC2420RadioC.nc" name="SplitControl" provided="1" ref="0x2b6106400340">
      <component-ref nicename="CC2420RadioC" qname="CC2420RadioC"/>
      <type-interface alignment="I:2" size="I:2"><interface-ref name="SplitControl" ref="0x2b6106400340" scoped=""/></type-interface>
      <instance>
        <interfacedef-ref nicename="SplitControl" qname="SplitControl"/>
      </instance>
      <interface-functions>
        <function-ref name="startDone" ref="0x2b61064006c0" scoped=""/>
        <function-ref name="stopDone" ref="0x2b6106400850" scoped=""/>
        <function-ref name="start" ref="0x2b61064009e0" scoped=""/>
        <function-ref name="stop" ref="0x2b6106400b70" scoped=""/>
      </interface-functions>
    </interface><interface loc="43:/opt/tinyos-release-tinyos-2_1_2//tos/chips/cc2420/packet/CC2420PacketC.nc" name="CC2420PacketBody" provided="1" ref="0x2b6106dec0c0">
      <component-ref nicename="CC2420PacketC" qname="CC2420PacketC"/>
      <type-interface alignment="I:2" size="I:2"><interface-ref name="CC2420PacketBody" ref="0x2b6106dec0c0" scoped=""/></type-interface>
      <instance>
        <interfacedef-ref nicename="CC2420PacketBody" qname="CC2420PacketBody"/>
      </instance>
      <interface-functions>
        <function-ref name="getPayload" ref="0x2b6106dec440" scoped=""/>
        <function-ref name="getHeader" ref="0x2b6106dec5d0" scoped=""/>
        <function-ref name="getMetadata" ref="0x2b6106dec760" scoped=""/>
      </interface-functions>
    </interface><interface loc="51:/opt/tinyos-release-tinyos-2_1_2//tos/chips/cc2420/CC2420RadioC.nc" name="ActiveReceive" provided="1" ref="0x2b6106427a90">
      <component-ref nicename="CC2420RadioC" qname="CC2420RadioC"/>
      <type-interface alignment="I:2" size="I:2"><interface-ref name="ActiveReceive" ref="0x2b6106427a90" scoped=""/></type-interface>
      <instance>
        <interfacedef-ref nicename="Receive" qname="Receive"/>
      </instance>
      <interface-functions>
        <function-ref name="receive" ref="0x2b6106427e10" scoped=""/>
      </interface-functions>
    </interface><interface loc="52:/opt/tinyos-release-tinyos-2_1_2//tos/chips/cc2420/CC2420ActiveMessageP.nc" name="Packet" provided="1" ref="0x2b6106fb1a80">
      <component-ref nicename="CC2420ActiveMessageP" qname="CC2420ActiveMessageP"/>
      <type-interface alignment="I:2" size="I:2"><interface-ref name="Packet" ref="0x2b6106fb1a80" scoped=""/></type-interface>
      <instance>
        <interfacedef-ref nicename="Packet" qname="Packet"/>
      </instance>
      <interface-functions>
        <function-ref name="clear" ref="0x2b6106fb1e00" scoped=""/>
        <function-ref name="payloadLength" ref="0x2b6106fb0020" scoped=""/>
        <function-ref name="getPayload" ref="0x2b6106fb01b0" scoped=""/>
        <function-ref name="maxPayloadLength" ref="0x2b6106fb0340" scoped=""/>
        <function-ref name="setPayloadLength" ref="0x2b6106fb04d0" scoped=""/>
      </interface-functions>
    </interface><interface loc="50:/opt/tinyos-release-tinyos-2_1_2//tos/chips/cc2420/CC2420RadioC.nc" name="ActiveSend" provided="1" ref="0x2b61063f7d10">
      <component-ref nicename="CC2420RadioC" qname="CC2420RadioC"/>
      <type-interface alignment="I:2" size="I:2"><interface-ref name="ActiveSend" ref="0x2b61063f7d10" scoped=""/></type-interface>
      <instance>
        <interfacedef-ref nicename="Send" qname="Send"/>
      </instance>
      <interface-functions>
        <function-ref name="send" ref="0x2b61064270e0" scoped=""/>
        <function-ref name="getPayload" ref="0x2b6106427270" scoped=""/>
        <function-ref name="maxPayloadLength" ref="0x2b6106427400" scoped=""/>
        <function-ref name="cancel" ref="0x2b6106427590" scoped=""/>
        <function-ref name="sendDone" ref="0x2b6106427720" scoped=""/>
      </interface-functions>
    </interface><interface loc="60:/opt/tinyos-release-tinyos-2_1_2//tos/chips/cc2420/CC2420ActiveMessageP.nc" name="CC2420Packet" provided="0" ref="0x2b6106fadce0">
      <component-ref nicename="CC2420ActiveMessageP" qname="CC2420ActiveMessageP"/>
      <type-interface alignment="I:2" size="I:2"><interface-ref name="CC2420Packet" ref="0x2b6106fadce0" scoped=""/></type-interface>
      <instance>
        <interfacedef-ref nicename="CC2420Packet" qname="CC2420Packet"/>
      </instance>
      <interface-functions>
        <function-ref name="setPower" ref="0x2b6106fac0a0" scoped=""/>
        <function-ref name="setNetwork" ref="0x2b6106fac230" scoped=""/>
        <function-ref name="getRssi" ref="0x2b6106fac3c0" scoped=""/>
        <function-ref name="getNetwork" ref="0x2b6106fac550" scoped=""/>
        <function-ref name="getPower" ref="0x2b6106fac6e0" scoped=""/>
        <function-ref name="getLqi" ref="0x2b6106fac870" scoped=""/>
      </interface-functions>
    </interface><interface loc="63:/opt/tinyos-release-tinyos-2_1_2//tos/chips/cc2420/CC2420ActiveMessageP.nc" name="ActiveMessageAddress" provided="0" ref="0x2b6106fa94d0">
      <component-ref nicename="CC2420ActiveMessageP" qname="CC2420ActiveMessageP"/>
      <type-interface alignment="I:2" size="I:2"><interface-ref name="ActiveMessageAddress" ref="0x2b6106fa94d0" scoped=""/></type-interface>
      <instance>
        <interfacedef-ref nicename="ActiveMessageAddress" qname="ActiveMessageAddress"/>
      </instance>
      <interface-functions>
        <function-ref name="amAddress" ref="0x2b6106fa9950" scoped=""/>
        <function-ref name="changed" ref="0x2b6106fa9ae0" scoped=""/>
        <function-ref name="amGroup" ref="0x2b6106fa9c70" scoped=""/>
        <function-ref name="setAddress" ref="0x2b6106fa9e00" scoped=""/>
      </interface-functions>
    </interface><interface loc="54:/opt/tinyos-release-tinyos-2_1_2//tos/system/ActiveMessageAddressC.nc" name="ActiveMessageAddress" provided="1" ref="0x2b6106ba2ba0">
      <component-ref nicename="ActiveMessageAddressC" qname="ActiveMessageAddressC"/>
      <type-interface alignment="I:2" size="I:2"><interface-ref name="ActiveMessageAddress" ref="0x2b6106ba2ba0" scoped=""/></type-interface>
      <instance>
        <interfacedef-ref nicename="ActiveMessageAddress" qname="ActiveMessageAddress"/>
      </instance>
      <interface-functions>
        <function-ref name="amAddress" ref="0x2b6106b9e020" scoped=""/>
        <function-ref name="changed" ref="0x2b6106b9e1b0" scoped=""/>
        <function-ref name="amGroup" ref="0x2b6106b9e340" scoped=""/>
        <function-ref name="setAddress" ref="0x2b6106b9e4d0" scoped=""/>
      </interface-functions>
    </interface><interface loc="58:/opt/tinyos-release-tinyos-2_1_2//tos/chips/cc2420/CC2420ActiveMessageP.nc" name="SubSend" provided="0" ref="0x2b6106fae860">
      <component-ref nicename="CC2420ActiveMessageP" qname="CC2420ActiveMessageP"/>
      <type-interface alignment="I:2" size="I:2"><interface-ref name="SubSend" ref="0x2b6106fae860" scoped=""/></type-interface>
      <instance>
        <interfacedef-ref nicename="Send" qname="Send"/>
      </instance>
      <interface-functions>
        <function-ref name="send" ref="0x2b6106faebe0" scoped=""/>
        <function-ref name="getPayload" ref="0x2b6106faed70" scoped=""/>
        <function-ref name="maxPayloadLength" ref="0x2b6106fad020" scoped=""/>
        <function-ref name="cancel" ref="0x2b6106fad1b0" scoped=""/>
        <function-ref name="sendDone" ref="0x2b6106fad340" scoped=""/>
      </interface-functions>
    </interface><interface loc="56:/opt/tinyos-release-tinyos-2_1_2//tos/chips/cc2420/CC2420RadioC.nc" name="LowPowerListening" provided="1" ref="0x2b6106424080">
      <component-ref nicename="CC2420RadioC" qname="CC2420RadioC"/>
      <type-interface alignment="I:2" size="I:2"><interface-ref name="LowPowerListening" ref="0x2b6106424080" scoped=""/></type-interface>
      <instance>
        <interfacedef-ref nicename="LowPowerListening" qname="LowPowerListening"/>
      </instance>
      <interface-functions>
        <function-ref name="setRemoteWakeupInterval" ref="0x2b6106424400" scoped=""/>
        <function-ref name="getRemoteWakeupInterval" ref="0x2b6106424590" scoped=""/>
        <function-ref name="getLocalWakeupInterval" ref="0x2b6106424720" scoped=""/>
        <function-ref name="setLocalWakeupInterval" ref="0x2b61064248b0" scoped=""/>
      </interface-functions>
    </interface><interface loc="45:/opt/tinyos-release-tinyos-2_1_2//tos/chips/cc2420/control/CC2420ControlC.nc" name="CC2420Config" provided="1" ref="0x2b61064c3b80">
      <component-ref nicename="CC2420ControlC" qname="CC2420ControlC"/>
      <type-interface alignment="I:2" size="I:2"><interface-ref name="CC2420Config" ref="0x2b61064c3b80" scoped=""/></type-interface>
      <instance>
        <interfacedef-ref nicename="CC2420Config" qname="CC2420Config"/>
      </instance>
      <interface-functions>
        <function-ref name="setAutoAck" ref="0x2b6106494020" scoped=""/>
        <function-ref name="isAddressRecognitionEnabled" ref="0x2b61064941b0" scoped=""/>
        <function-ref name="setAddressRecognition" ref="0x2b6106494340" scoped=""/>
        <function-ref name="syncDone" ref="0x2b61064944d0" scoped=""/>
        <function-ref name="isHwAddressRecognitionDefault" ref="0x2b6106494660" scoped=""/>
        <function-ref name="setShortAddr" ref="0x2b61064947f0" scoped=""/>
        <function-ref name="setChannel" ref="0x2b6106494980" scoped=""/>
        <function-ref name="isAutoAckEnabled" ref="0x2b6106494b10" scoped=""/>
        <function-ref name="setPanAddr" ref="0x2b6106494ca0" scoped=""/>
        <function-ref name="isHwAutoAckDefault" ref="0x2b6106494e30" scoped=""/>
        <function-ref name="getExtAddr" ref="0x2b6106493020" scoped=""/>
        <function-ref name="getShortAddr" ref="0x2b61064931b0" scoped=""/>
        <function-ref name="sync" ref="0x2b6106493340" scoped=""/>
        <function-ref name="getChannel" ref="0x2b61064935d0" scoped=""/>
        <function-ref name="getPanAddr" ref="0x2b6106493760" scoped=""/>
      </interface-functions>
    </interface><interface loc="47:/opt/tinyos-release-tinyos-2_1_2//tos/chips/cc2420/csma/CC2420CsmaC.nc" name="RadioBackoff" provided="1" ref="0x2b610641e3b0">
      <component-ref nicename="CC2420CsmaC" qname="CC2420CsmaC"/>
      <type-interface alignment="I:2" size="I:2"><interface-ref name="RadioBackoff" ref="0x2b610641e3b0" scoped=""/></type-interface>
      <instance>
        <interfacedef-ref nicename="RadioBackoff" qname="RadioBackoff"/>
      </instance>
      <interface-functions>
        <function-ref name="requestCca" ref="0x2b610641e730" scoped=""/>
        <function-ref name="requestInitialBackoff" ref="0x2b610641e8c0" scoped=""/>
        <function-ref name="setCongestionBackoff" ref="0x2b610641ea50" scoped=""/>
        <function-ref name="setInitialBackoff" ref="0x2b610641ebe0" scoped=""/>
        <function-ref name="setCca" ref="0x2b610641ed70" scoped=""/>
        <function-ref name="requestCongestionBackoff" ref="0x2b610641d020" scoped=""/>
      </interface-functions>
    </interface><interface loc="54:/opt/tinyos-release-tinyos-2_1_2//tos/chips/cc2420/CC2420RadioC.nc" name="PacketAcknowledgements" provided="1" ref="0x2b6106425020">
      <component-ref nicename="CC2420RadioC" qname="CC2420RadioC"/>
      <type-interface alignment="I:2" size="I:2"><interface-ref name="PacketAcknowledgements" ref="0x2b6106425020" scoped=""/></type-interface>
      <instance>
        <interfacedef-ref nicename="PacketAcknowledgements" qname="PacketAcknowledgements"/>
      </instance>
      <interface-functions>
        <function-ref name="requestAck" ref="0x2b61064253a0" scoped=""/>
        <function-ref name="noAck" ref="0x2b6106425530" scoped=""/>
        <function-ref name="wasAcked" ref="0x2b61064256c0" scoped=""/>
      </interface-functions>
    </interface><interface loc="59:/opt/tinyos-release-tinyos-2_1_2//tos/chips/cc2420/CC2420ActiveMessageP.nc" name="SubReceive" provided="0" ref="0x2b6106fad690">
      <component-ref nicename="CC2420ActiveMessageP" qname="CC2420ActiveMessageP"/>
      <type-interface alignment="I:2" size="I:2"><interface-ref name="SubReceive" ref="0x2b6106fad690" scoped=""/></type-interface>
      <instance>
        <interfacedef-ref nicename="Receive" qname="Receive"/>
      </instance>
      <interface-functions>
        <function-ref name="receive" ref="0x2b6106fada10" scoped=""/>
      </interface-functions>
    </interface><interface loc="61:/opt/tinyos-release-tinyos-2_1_2//tos/chips/cc2420/CC2420ActiveMessageP.nc" name="CC2420PacketBody" provided="0" ref="0x2b6106facb70">
      <component-ref nicename="CC2420ActiveMessageP" qname="CC2420ActiveMessageP"/>
      <type-interface alignment="I:2" size="I:2"><interface-ref name="CC2420PacketBody" ref="0x2b6106facb70" scoped=""/></type-interface>
      <instance>
        <interfacedef-ref nicename="CC2420PacketBody" qname="CC2420PacketBody"/>
      </instance>
      <interface-functions>
        <function-ref name="getPayload" ref="0x2b6106fab020" scoped=""/>
        <function-ref name="getHeader" ref="0x2b6106fab1b0" scoped=""/>
        <function-ref name="getMetadata" ref="0x2b6106fab340" scoped=""/>
      </interface-functions>
    </interface><interface loc="41:/opt/tinyos-release-tinyos-2_1_2//tos/chips/cc2420/packet/CC2420PacketC.nc" name="CC2420Packet" provided="1" ref="0x2b6106df0680">
      <component-ref nicename="CC2420PacketC" qname="CC2420PacketC"/>
      <type-interface alignment="I:2" size="I:2"><interface-ref name="CC2420Packet" ref="0x2b6106df0680" scoped=""/></type-interface>
      <instance>
        <interfacedef-ref nicename="CC2420Packet" qname="CC2420Packet"/>
      </instance>
      <interface-functions>
        <function-ref name="setPower" ref="0x2b6106df0a00" scoped=""/>
        <function-ref name="setNetwork" ref="0x2b6106df0b90" scoped=""/>
        <function-ref name="getRssi" ref="0x2b6106df0d20" scoped=""/>
        <function-ref name="getNetwork" ref="0x2b6106ded020" scoped=""/>
        <function-ref name="getPower" ref="0x2b6106ded1b0" scoped=""/>
        <function-ref name="getLqi" ref="0x2b6106ded340" scoped=""/>
      </interface-functions>
    </interface><interface loc="67:/opt/tinyos-release-tinyos-2_1_2//tos/chips/cc2420/CC2420ActiveMessageP.nc" name="Leds" provided="0" ref="0x2b6106fa6d30">
      <component-ref nicename="CC2420ActiveMessageP" qname="CC2420ActiveMessageP"/>
      <type-interface alignment="I:2" size="I:2"><interface-ref name="Leds" ref="0x2b6106fa6d30" scoped=""/></type-interface>
      <instance>
        <interfacedef-ref nicename="Leds" qname="Leds"/>
      </instance>
      <interface-functions>
        <function-ref name="led0Off" ref="0x2b6106fa50e0" scoped=""/>
        <function-ref name="led0Toggle" ref="0x2b6106fa5270" scoped=""/>
        <function-ref name="led1On" ref="0x2b6106fa5400" scoped=""/>
        <function-ref name="led1Toggle" ref="0x2b6106fa5590" scoped=""/>
        <function-ref name="led2Toggle" ref="0x2b6106fa5720" scoped=""/>
        <function-ref name="get" ref="0x2b6106fa58b0" scoped=""/>
        <function-ref name="led1Off" ref="0x2b6106fa5a40" scoped=""/>
        <function-ref name="led2Off" ref="0x2b6106fa41b0" scoped=""/>
        <function-ref name="set" ref="0x2b6106fa5bd0" scoped=""/>
        <function-ref name="led0On" ref="0x2b6106fa5d60" scoped=""/>
        <function-ref name="led2On" ref="0x2b6106fa4020" scoped=""/>
      </interface-functions>
    </interface><interface loc="53:/opt/tinyos-release-tinyos-2_1_2//tos/chips/cc2420/CC2420RadioC.nc" name="CC2420Packet" provided="1" ref="0x2b6106426140">
      <component-ref nicename="CC2420RadioC" qname="CC2420RadioC"/>
      <type-interface alignment="I:2" size="I:2"><interface-ref name="CC2420Packet" ref="0x2b6106426140" scoped=""/></type-interface>
      <instance>
        <interfacedef-ref nicename="CC2420Packet" qname="CC2420Packet"/>
      </instance>
      <interface-functions>
        <function-ref name="setPower" ref="0x2b61064264c0" scoped=""/>
        <function-ref name="setNetwork" ref="0x2b6106426650" scoped=""/>
        <function-ref name="getRssi" ref="0x2b61064267e0" scoped=""/>
        <function-ref name="getNetwork" ref="0x2b6106426970" scoped=""/>
        <function-ref name="getPower" ref="0x2b6106426b00" scoped=""/>
        <function-ref name="getLqi" ref="0x2b6106426c90" scoped=""/>
      </interface-functions>
    </interface><interface loc="45:/opt/tinyos-release-tinyos-2_1_2//tos/chips/cc2420/CC2420RadioC.nc" name="Resource" provided="1" ref="0x2b61063f9770">
      <component-ref nicename="CC2420RadioC" qname="CC2420RadioC"/>
      <type-interface alignment="I:2" size="I:2"><interface-ref name="Resource" ref="0x2b61063f9770" scoped=""/></type-interface>
      <instance>
        <interfacedef-ref nicename="Resource" qname="Resource"/>
      </instance>
      <interface-parameters>
        <type-int alignment="I:1" cname="unsigned char" size="I:1" unsigned="">
          <typename><typedef-ref name="uint8_t" ref="0x2b6104f08160"/></typename>
        </type-int>
      </interface-parameters>
      <interface-functions>
        <function-ref name="release" ref="0x2b61063f9af0" scoped=""/>
        <function-ref name="immediateRequest" ref="0x2b61063f9c80" scoped=""/>
        <function-ref name="request" ref="0x2b61063f9e10" scoped=""/>
        <function-ref name="granted" ref="0x2b61063fe020" scoped=""/>
        <function-ref name="isOwner" ref="0x2b61063fe1b0" scoped=""/>
      </interface-functions>
    </interface><component loc="52:/opt/tinyos-release-tinyos-2_1_2//tos/system/ActiveMessageAddressC.nc" nicename="ActiveMessageAddressC" qname="ActiveMessageAddressC" safe="">
      <documentation loc="45:/opt/tinyos-release-tinyos-2_1_2//tos/system/ActiveMessageAddressC.nc">
        <short>
 Component that stores the node's active message address and group ID.</short>
        <long>
 Component that stores the node's active message address and group ID.

 @author Philip Levis
 @author David Moss
</long>
      </documentation>
      <module/>
    </component><component loc="42:/opt/tinyos-release-tinyos-2_1_2//tos/chips/cc2420/control/CC2420ControlC.nc" nicename="CC2420ControlC" qname="CC2420ControlC">
      <documentation loc="32:/opt/tinyos-release-tinyos-2_1_2//tos/chips/cc2420/control/CC2420ControlC.nc">
        <short>
 Implementation for configuring a ChipCon CC2420 radio.</short>
        <long>
 Implementation for configuring a ChipCon CC2420 radio.

 @author Jonathan Hui &lt;jhui@archrock.com&gt;
 @version $Revision: 1.3 $ $Date: 2008/05/14 21:33:07 $
</long>
      </documentation>
      <configuration/>
      <wiring>
        <wire loc="55:/opt/tinyos-release-tinyos-2_1_2//tos/chips/cc2420/control/CC2420ControlC.nc">
          <from><interface-ref name="CC2420Config" ref="0x2b61064c3b80" scoped=""/></from>
          <to><interface-ref name="CC2420Config" ref="0x2b61064b9970" scoped=""/></to>
        </wire>
        <wire loc="57:/opt/tinyos-release-tinyos-2_1_2//tos/chips/cc2420/control/CC2420ControlC.nc">
          <from><interface-ref name="ReadRssi" ref="0x2b61064c1020" scoped=""/></from>
          <to><interface-ref name="ReadRssi" ref="0x2b61064b6b40" scoped=""/></to>
        </wire>
        <wire loc="56:/opt/tinyos-release-tinyos-2_1_2//tos/chips/cc2420/control/CC2420ControlC.nc">
          <from><interface-ref name="CC2420Power" ref="0x2b6106493a60" scoped=""/></from>
          <to><interface-ref name="CC2420Power" ref="0x2b61064b7740" scoped=""/></to>
        </wire>
        <wire loc="54:/opt/tinyos-release-tinyos-2_1_2//tos/chips/cc2420/control/CC2420ControlC.nc">
          <from><interface-ref name="Resource" ref="0x2b6106498730" scoped=""/></from>
          <to><interface-ref name="Resource" ref="0x2b61064bab10" scoped=""/></to>
        </wire>
        <wire loc="60:/opt/tinyos-release-tinyos-2_1_2//tos/chips/cc2420/control/CC2420ControlC.nc">
          <from><interface-ref name="SoftwareInit" ref="0x2b6105d641b0" scoped=""/></from>
          <to><interface-ref name="Init" ref="0x2b61064ba4a0" scoped=""/></to>
        </wire>
        <wire loc="63:/opt/tinyos-release-tinyos-2_1_2//tos/chips/cc2420/control/CC2420ControlC.nc">
          <from><interface-ref name="StartupTimer" ref="0x2b61064b3a10" scoped=""/></from>
          <to><interface-ref name="Alarm32khz32" ref="0x2b6106542220" scoped=""/></to>
        </wire>
        <wire loc="66:/opt/tinyos-release-tinyos-2_1_2//tos/chips/cc2420/control/CC2420ControlC.nc">
          <from><interface-ref name="CSN" ref="0x2b61064afc50" scoped=""/></from>
          <to><interface-ref name="CSN" ref="0x2b61065bce60" scoped=""/></to>
        </wire>
        <wire loc="67:/opt/tinyos-release-tinyos-2_1_2//tos/chips/cc2420/control/CC2420ControlC.nc">
          <from><interface-ref name="RSTN" ref="0x2b61064aee70" scoped=""/></from>
          <to><interface-ref name="RSTN" ref="0x2b61065b86a0" scoped=""/></to>
        </wire>
        <wire loc="68:/opt/tinyos-release-tinyos-2_1_2//tos/chips/cc2420/control/CC2420ControlC.nc">
          <from><interface-ref name="VREN" ref="0x2b61064ac0f0" scoped=""/></from>
          <to><interface-ref name="VREN" ref="0x2b61065b6ce0" scoped=""/></to>
        </wire>
        <wire loc="71:/opt/tinyos-release-tinyos-2_1_2//tos/chips/cc2420/control/CC2420ControlC.nc">
          <from><interface-ref name="InterruptCCA" ref="0x2b61064e2c00" scoped=""/></from>
          <to><interface-ref name="InterruptCCA" ref="0x2b6106604d60" scoped=""/></to>
        </wire>
        <wire loc="74:/opt/tinyos-release-tinyos-2_1_2//tos/chips/cc2420/control/CC2420ControlC.nc">
          <from><interface-ref name="SpiResource" ref="0x2b61064cfb60" scoped=""/></from>
          <to><interface-ref name="Resource" ref="0x2b6106b5d250" scoped=""/></to>
        </wire>
        <wire loc="75:/opt/tinyos-release-tinyos-2_1_2//tos/chips/cc2420/control/CC2420ControlC.nc">
          <from><interface-ref name="SRXON" ref="0x2b61064d0bb0" scoped=""/></from>
          <to><interface-ref name="SRXON" ref="0x2b6106b5acc0" scoped=""/></to>
        </wire>
        <wire loc="76:/opt/tinyos-release-tinyos-2_1_2//tos/chips/cc2420/control/CC2420ControlC.nc">
          <from><interface-ref name="SRFOFF" ref="0x2b61064d23b0" scoped=""/></from>
          <to><interface-ref name="SRFOFF" ref="0x2b6106b58060" scoped=""/></to>
        </wire>
        <wire loc="77:/opt/tinyos-release-tinyos-2_1_2//tos/chips/cc2420/control/CC2420ControlC.nc">
          <from><interface-ref name="SXOSCON" ref="0x2b61064cf440" scoped=""/></from>
          <to><interface-ref name="SXOSCON" ref="0x2b6106b5a020" scoped=""/></to>
        </wire>
        <wire loc="78:/opt/tinyos-release-tinyos-2_1_2//tos/chips/cc2420/control/CC2420ControlC.nc">
          <from><interface-ref name="SXOSCOFF" ref="0x2b61064d2ae0" scoped=""/></from>
          <to><interface-ref name="SXOSCOFF" ref="0x2b6106b586b0" scoped=""/></to>
        </wire>
        <wire loc="79:/opt/tinyos-release-tinyos-2_1_2//tos/chips/cc2420/control/CC2420ControlC.nc">
          <from><interface-ref name="FSCTRL" ref="0x2b61064d5420" scoped=""/></from>
          <to><interface-ref name="FSCTRL" ref="0x2b6106b50cd0" scoped=""/></to>
        </wire>
        <wire loc="80:/opt/tinyos-release-tinyos-2_1_2//tos/chips/cc2420/control/CC2420ControlC.nc">
          <from><interface-ref name="IOCFG0" ref="0x2b61064d5cd0" scoped=""/></from>
          <to><interface-ref name="IOCFG0" ref="0x2b6106b4dce0" scoped=""/></to>
        </wire>
        <wire loc="81:/opt/tinyos-release-tinyos-2_1_2//tos/chips/cc2420/control/CC2420ControlC.nc">
          <from><interface-ref name="IOCFG1" ref="0x2b61064dc5d0" scoped=""/></from>
          <to><interface-ref name="IOCFG1" ref="0x2b6106b4c500" scoped=""/></to>
        </wire>
        <wire loc="82:/opt/tinyos-release-tinyos-2_1_2//tos/chips/cc2420/control/CC2420ControlC.nc">
          <from><interface-ref name="MDMCTRL0" ref="0x2b61064d7020" scoped=""/></from>
          <to><interface-ref name="MDMCTRL0" ref="0x2b6106b532f0" scoped=""/></to>
        </wire>
        <wire loc="83:/opt/tinyos-release-tinyos-2_1_2//tos/chips/cc2420/control/CC2420ControlC.nc">
          <from><interface-ref name="MDMCTRL1" ref="0x2b61064d78f0" scoped=""/></from>
          <to><interface-ref name="MDMCTRL1" ref="0x2b6106b53ad0" scoped=""/></to>
        </wire>
        <wire loc="84:/opt/tinyos-release-tinyos-2_1_2//tos/chips/cc2420/control/CC2420ControlC.nc">
          <from><interface-ref name="PANID" ref="0x2b61064d8e20" scoped=""/></from>
          <to><interface-ref name="PANID" ref="0x2b6106b47ce0" scoped=""/></to>
        </wire>
        <wire loc="85:/opt/tinyos-release-tinyos-2_1_2//tos/chips/cc2420/control/CC2420ControlC.nc">
          <from><interface-ref name="IEEEADR" ref="0x2b61064d84a0" scoped=""/></from>
          <to><interface-ref name="IEEEADR" ref="0x2b6106b47500" scoped=""/></to>
        </wire>
        <wire loc="86:/opt/tinyos-release-tinyos-2_1_2//tos/chips/cc2420/control/CC2420ControlC.nc">
          <from><interface-ref name="RXCTRL1" ref="0x2b61064d41e0" scoped=""/></from>
          <to><interface-ref name="RXCTRL1" ref="0x2b6106b502f0" scoped=""/></to>
        </wire>
        <wire loc="87:/opt/tinyos-release-tinyos-2_1_2//tos/chips/cc2420/control/CC2420ControlC.nc">
          <from><interface-ref name="RSSI" ref="0x2b61064d4a80" scoped=""/></from>
          <to><interface-ref name="RSSI" ref="0x2b6106b522f0" scoped=""/></to>
        </wire>
        <wire loc="88:/opt/tinyos-release-tinyos-2_1_2//tos/chips/cc2420/control/CC2420ControlC.nc">
          <from><interface-ref name="TXCTRL" ref="0x2b61064d33c0" scoped=""/></from>
          <to><interface-ref name="TXCTRL" ref="0x2b6106b512f0" scoped=""/></to>
        </wire>
        <wire loc="91:/opt/tinyos-release-tinyos-2_1_2//tos/chips/cc2420/control/CC2420ControlC.nc">
          <from><interface-ref name="SyncResource" ref="0x2b61064cd880" scoped=""/></from>
          <to><interface-ref name="Resource" ref="0x2b6106b909e0" scoped=""/></to>
        </wire>
        <wire loc="94:/opt/tinyos-release-tinyos-2_1_2//tos/chips/cc2420/control/CC2420ControlC.nc">
          <from><interface-ref name="RssiResource" ref="0x2b61064cea10" scoped=""/></from>
          <to><interface-ref name="Resource" ref="0x2b6106b6daa0" scoped=""/></to>
        </wire>
        <wire loc="97:/opt/tinyos-release-tinyos-2_1_2//tos/chips/cc2420/control/CC2420ControlC.nc">
          <from><interface-ref name="ActiveMessageAddress" ref="0x2b61064dd390" scoped=""/></from>
          <to><interface-ref name="ActiveMessageAddress" ref="0x2b6106ba2ba0" scoped=""/></to>
        </wire>
        <wire loc="100:/opt/tinyos-release-tinyos-2_1_2//tos/chips/cc2420/control/CC2420ControlC.nc">
          <from><interface-ref name="LocalIeeeEui64" ref="0x2b61064b3020" scoped=""/></from>
          <to><interface-ref name="LocalIeeeEui64" ref="0x2b6106ba1e70" scoped=""/></to>
        </wire>
      </wiring>
    </component><component loc="41:/opt/tinyos-release-tinyos-2_1_2//tos/chips/cc2420/CC2420RadioC.nc" nicename="CC2420RadioC" qname="CC2420RadioC">
      <documentation loc="24:/opt/tinyos-release-tinyos-2_1_2//tos/chips/cc2420/CC2420RadioC.nc">
        <short>
 Radio wiring for the CC2420.</short>
        <long>
 Radio wiring for the CC2420.  This layer seperates the common
 wiring of the lower-layer components of the CC2420 stack and makes
 them available to clients like the AM stack and the IEEE802.15.4
 stack.

 This component provides the highest-level internal interface to
 other components of the CC2420 stack.

 @author Philip Levis
 @author David Moss
 @author Stephen Dawson-Haggerty
 @version $Revision: 1.2 $ $Date: 2009/08/20 01:37:44 $
</long>
      </documentation>
      <configuration/>
      <wiring>
        <wire loc="97:/opt/tinyos-release-tinyos-2_1_2//tos/chips/cc2420/CC2420RadioC.nc">
          <from><interface-ref name="SplitControl" ref="0x2b6106400340" scoped=""/></from>
          <to><interface-ref name="SplitControl" ref="0x2b6106f7eb80" scoped=""/></to>
        </wire>
        <wire loc="86:/opt/tinyos-release-tinyos-2_1_2//tos/chips/cc2420/CC2420RadioC.nc">
          <from><interface-ref name="LinkPacketMetadata" ref="0x2b61064259d0" scoped=""/></from>
          <to><interface-ref name="LinkPacketMetadata" ref="0x2b6106deca70" scoped=""/></to>
        </wire>
        <wire loc="82:/opt/tinyos-release-tinyos-2_1_2//tos/chips/cc2420/CC2420RadioC.nc">
          <from><interface-ref name="PacketLink" ref="0x2b6106424b70" scoped=""/></from>
          <to><interface-ref name="PacketLink" ref="0x2b6106f6a020" scoped=""/></to>
        </wire>
        <wire loc="84:/opt/tinyos-release-tinyos-2_1_2//tos/chips/cc2420/CC2420RadioC.nc">
          <from><interface-ref name="CC2420Packet" ref="0x2b6106426140" scoped=""/></from>
          <to><interface-ref name="CC2420Packet" ref="0x2b6106df0680" scoped=""/></to>
        </wire>
        <wire loc="93:/opt/tinyos-release-tinyos-2_1_2//tos/chips/cc2420/CC2420RadioC.nc">
          <from><interface-ref name="ActiveSend" ref="0x2b61063f7d10" scoped=""/></from>
          <to><interface-ref name="ActiveSend" ref="0x2b6106f1aca0" scoped=""/></to>
        </wire>
        <wire loc="83:/opt/tinyos-release-tinyos-2_1_2//tos/chips/cc2420/CC2420RadioC.nc">
          <from><interface-ref name="LowPowerListening" ref="0x2b6106424080" scoped=""/></from>
          <to><interface-ref name="LowPowerListening" ref="0x2b6106f7e080" scoped=""/></to>
        </wire>
        <wire loc="90:/opt/tinyos-release-tinyos-2_1_2//tos/chips/cc2420/CC2420RadioC.nc">
          <from><interface-ref name="BareReceive" ref="0x2b61063fd820" scoped=""/></from>
          <to><interface-ref name="Receive" ref="0x2b6106f1a5f0" scoped=""/></to>
        </wire>
        <wire loc="85:/opt/tinyos-release-tinyos-2_1_2//tos/chips/cc2420/CC2420RadioC.nc">
          <from><interface-ref name="PacketAcknowledgements" ref="0x2b6106425020" scoped=""/></from>
          <to><interface-ref name="Acks" ref="0x2b6106ded6e0" scoped=""/></to>
        </wire>
        <wire loc="88:/opt/tinyos-release-tinyos-2_1_2//tos/chips/cc2420/CC2420RadioC.nc">
          <from><interface-ref name="Resource" ref="0x2b61063f9770" scoped=""/></from>
          <to><interface-ref name="Resource" ref="0x2b6106f1ccb0" scoped=""/></to>
        </wire>
        <wire loc="89:/opt/tinyos-release-tinyos-2_1_2//tos/chips/cc2420/CC2420RadioC.nc">
          <from><interface-ref name="BareSend" ref="0x2b6106428a30" scoped=""/></from>
          <to><interface-ref name="Send" ref="0x2b6106f1b960" scoped=""/></to>
        </wire>
        <wire loc="91:/opt/tinyos-release-tinyos-2_1_2//tos/chips/cc2420/CC2420RadioC.nc">
          <from><interface-ref name="BarePacket" ref="0x2b61063f7020" scoped=""/></from>
          <to><interface-ref name="BarePacket" ref="0x2b6106f18170" scoped=""/></to>
        </wire>
        <wire loc="94:/opt/tinyos-release-tinyos-2_1_2//tos/chips/cc2420/CC2420RadioC.nc">
          <from><interface-ref name="ActiveReceive" ref="0x2b6106427a90" scoped=""/></from>
          <to><interface-ref name="ActiveReceive" ref="0x2b6106f19a50" scoped=""/></to>
        </wire>
        <wire loc="98:/opt/tinyos-release-tinyos-2_1_2//tos/chips/cc2420/CC2420RadioC.nc">
          <from><interface-ref name="SubControl" ref="0x2b6106f7bd90" scoped=""/></from>
          <to><interface-ref name="SplitControl" ref="0x2b61064203b0" scoped=""/></to>
        </wire>
        <wire loc="101:/opt/tinyos-release-tinyos-2_1_2//tos/chips/cc2420/CC2420RadioC.nc">
          <from><interface-ref name="SubSend" ref="0x2b6106f176b0" scoped=""/></from>
          <to><interface-ref name="Send" ref="0x2b6106e9d260" scoped=""/></to>
        </wire>
        <wire loc="102:/opt/tinyos-release-tinyos-2_1_2//tos/chips/cc2420/CC2420RadioC.nc">
          <from><interface-ref name="SubSend" ref="0x2b6106e9c020" scoped=""/></from>
          <to><interface-ref name="Send" ref="0x2b6106f6d360" scoped=""/></to>
        </wire>
        <wire loc="103:/opt/tinyos-release-tinyos-2_1_2//tos/chips/cc2420/CC2420RadioC.nc">
          <from><interface-ref name="SubSend" ref="0x2b6106f6ad70" scoped=""/></from>
          <to><interface-ref name="Send" ref="0x2b6106f82d00" scoped=""/></to>
        </wire>
        <wire loc="104:/opt/tinyos-release-tinyos-2_1_2//tos/chips/cc2420/CC2420RadioC.nc">
          <from><interface-ref name="SubSend" ref="0x2b6106f7c860" scoped=""/></from>
          <to><interface-ref name="Send" ref="0x2b610641f020" scoped=""/></to>
        </wire>
        <wire loc="107:/opt/tinyos-release-tinyos-2_1_2//tos/chips/cc2420/CC2420RadioC.nc">
          <from><interface-ref name="SubReceive" ref="0x2b6106f17020" scoped=""/></from>
          <to><interface-ref name="Receive" ref="0x2b6106f7f980" scoped=""/></to>
        </wire>
        <wire loc="108:/opt/tinyos-release-tinyos-2_1_2//tos/chips/cc2420/CC2420RadioC.nc">
          <from><interface-ref name="SubReceive" ref="0x2b6106f7b690" scoped=""/></from>
          <to><interface-ref name="Receive" ref="0x2b6106ee8ab0" scoped=""/></to>
        </wire>
        <wire loc="109:/opt/tinyos-release-tinyos-2_1_2//tos/chips/cc2420/CC2420RadioC.nc">
          <from><interface-ref name="SubReceive" ref="0x2b6106ee5950" scoped=""/></from>
          <to><interface-ref name="Receive" ref="0x2b610641fcc0" scoped=""/></to>
        </wire>
      </wiring>
    </component><component loc="38:/opt/tinyos-release-tinyos-2_1_2//tos/chips/cc2420/packet/CC2420PacketC.nc" nicename="CC2420PacketC" qname="CC2420PacketC">
      <documentation loc="32:/opt/tinyos-release-tinyos-2_1_2//tos/chips/cc2420/packet/CC2420PacketC.nc">
        <short>
 </short>
        <long>
 @author Jonathan Hui &lt;jhui@archrock.com&gt;
 @author David Moss
 @author Chad Metcalf
</long>
      </documentation>
      <configuration/>
      <wiring>
        <wire loc="58:/opt/tinyos-release-tinyos-2_1_2//tos/chips/cc2420/packet/CC2420PacketC.nc">
          <from><interface-ref name="LinkPacketMetadata" ref="0x2b6106deca70" scoped=""/></from>
          <to><interface-ref name="LinkPacketMetadata" ref="0x2b6106ddd020" scoped=""/></to>
        </wire>
        <wire loc="55:/opt/tinyos-release-tinyos-2_1_2//tos/chips/cc2420/packet/CC2420PacketC.nc">
          <from><interface-ref name="CC2420Packet" ref="0x2b6106df0680" scoped=""/></from>
          <to><interface-ref name="CC2420Packet" ref="0x2b6106de2d30" scoped=""/></to>
        </wire>
        <wire loc="59:/opt/tinyos-release-tinyos-2_1_2//tos/chips/cc2420/packet/CC2420PacketC.nc">
          <from><interface-ref name="PacketTimeStamp32khz" ref="0x2b6106deb550" scoped=""/></from>
          <to><interface-ref name="PacketTimeStamp32khz" ref="0x2b6106ddda80" scoped=""/></to>
        </wire>
        <wire loc="57:/opt/tinyos-release-tinyos-2_1_2//tos/chips/cc2420/packet/CC2420PacketC.nc">
          <from><interface-ref name="CC2420PacketBody" ref="0x2b6106dec0c0" scoped=""/></from>
          <to><interface-ref name="CC2420PacketBody" ref="0x2b6106dde640" scoped=""/></to>
        </wire>
        <wire loc="61:/opt/tinyos-release-tinyos-2_1_2//tos/chips/cc2420/packet/CC2420PacketC.nc">
          <from><interface-ref name="PacketTimeSyncOffset" ref="0x2b6106de3480" scoped=""/></from>
          <to><interface-ref name="PacketTimeSyncOffset" ref="0x2b6106dd58b0" scoped=""/></to>
        </wire>
        <wire loc="60:/opt/tinyos-release-tinyos-2_1_2//tos/chips/cc2420/packet/CC2420PacketC.nc">
          <from><interface-ref name="PacketTimeStampMilli" ref="0x2b6106de7660" scoped=""/></from>
          <to><interface-ref name="PacketTimeStampMilli" ref="0x2b6106dd9af0" scoped=""/></to>
        </wire>
        <wire loc="56:/opt/tinyos-release-tinyos-2_1_2//tos/chips/cc2420/packet/CC2420PacketC.nc">
          <from><interface-ref name="Acks" ref="0x2b6106ded6e0" scoped=""/></from>
          <to><interface-ref name="Acks" ref="0x2b6106ddfc50" scoped=""/></to>
        </wire>
        <wire loc="64:/opt/tinyos-release-tinyos-2_1_2//tos/chips/cc2420/packet/CC2420PacketC.nc">
          <from><interface-ref name="Counter" ref="0x2b6106e43020" scoped=""/></from>
          <to><interface-ref name="Counter" ref="0x2b6106568d70" scoped=""/></to>
        </wire>
        <wire loc="65:/opt/tinyos-release-tinyos-2_1_2//tos/chips/cc2420/packet/CC2420PacketC.nc">
          <from><interface-ref name="LocalTime32khz" ref="0x2b6106dd23b0" scoped=""/></from>
          <to><interface-ref name="LocalTime" ref="0x2b6106e46cf0" scoped=""/></to>
        </wire>
        <wire loc="69:/opt/tinyos-release-tinyos-2_1_2//tos/chips/cc2420/packet/CC2420PacketC.nc">
          <from><interface-ref name="LocalTimeMilli" ref="0x2b6106dd16e0" scoped=""/></from>
          <to><interface-ref name="LocalTime" ref="0x2b610621d1a0" scoped=""/></to>
        </wire>
      </wiring>
    </component><component loc="46:/opt/tinyos-release-tinyos-2_1_2//tos/chips/cc2420/CC2420ActiveMessageP.nc" nicename="CC2420ActiveMessageP" qname="CC2420ActiveMessageP" safe="">
      <documentation loc="33:/opt/tinyos-release-tinyos-2_1_2//tos/chips/cc2420/CC2420ActiveMessageP.nc">
        <short>
 Active message implementation on top of the CC2420 radio.</short>
        <long>
 Active message implementation on top of the CC2420 radio. This
 implementation uses the 16-bit addressing mode of 802.15.4: the
 only additional byte it adds is the AM id byte, as the first byte
 of the data payload.

 @author Philip Levis
 @version $Revision: 1.22 $ $Date: 2010-06-29 22:07:44 $
</long>
      </documentation>
      <module/>
    </component><component loc="45:/opt/tinyos-release-tinyos-2_1_2//tos/system/LedsC.nc" nicename="LedsC" qname="LedsC">
      <documentation loc="34:/opt/tinyos-release-tinyos-2_1_2//tos/system/LedsC.nc">
        <short>

 The basic TinyOS LEDs abstraction.</short>
        <long>

 The basic TinyOS LEDs abstraction.

 @author Phil Buonadonna
 @author David Gay
 @author Philip Levis
 @author Joe Polastre
</long>
      </documentation>
      <configuration/>
      <wiring>
        <wire loc="51:/opt/tinyos-release-tinyos-2_1_2//tos/system/LedsC.nc">
          <from><interface-ref name="Leds" ref="0x2b6105f285b0" scoped=""/></from>
          <to><interface-ref name="Leds" ref="0x2b6105f8d020" scoped=""/></to>
        </wire>
        <wire loc="53:/opt/tinyos-release-tinyos-2_1_2//tos/system/LedsC.nc">
          <from><interface-ref name="Init" ref="0x2b6105fb5c40" scoped=""/></from>
          <to><interface-ref name="Init" ref="0x2b6105f908f0" scoped=""/></to>
        </wire>
        <wire loc="54:/opt/tinyos-release-tinyos-2_1_2//tos/system/LedsC.nc">
          <from><interface-ref name="Led0" ref="0x2b6105fad7b0" scoped=""/></from>
          <to><interface-ref name="Led0" ref="0x2b6105f8e3b0" scoped=""/></to>
        </wire>
        <wire loc="55:/opt/tinyos-release-tinyos-2_1_2//tos/system/LedsC.nc">
          <from><interface-ref name="Led1" ref="0x2b6105f8b980" scoped=""/></from>
          <to><interface-ref name="Led1" ref="0x2b6105fb76a0" scoped=""/></to>
        </wire>
        <wire loc="56:/opt/tinyos-release-tinyos-2_1_2//tos/system/LedsC.nc">
          <from><interface-ref name="Led2" ref="0x2b6105f8aca0" scoped=""/></from>
          <to><interface-ref name="Led2" ref="0x2b6105fb69c0" scoped=""/></to>
        </wire>
      </wiring>
    </component><component loc="42:/opt/tinyos-release-tinyos-2_1_2//tos/chips/cc2420/csma/CC2420CsmaC.nc" nicename="CC2420CsmaC" qname="CC2420CsmaC">
      <documentation loc="32:/opt/tinyos-release-tinyos-2_1_2//tos/chips/cc2420/csma/CC2420CsmaC.nc">
        <short>
 Basic implementation of a CSMA MAC for the ChipCon CC2420 radio.</short>
        <long>
 Basic implementation of a CSMA MAC for the ChipCon CC2420 radio.

 @author Jonathan Hui &lt;jhui@archrock.com&gt;
 @version $Revision: 1.2 $ $Date: 2008-05-14 21:33:07 $
</long>
      </documentation>
      <configuration/>
      <wiring>
        <wire loc="55:/opt/tinyos-release-tinyos-2_1_2//tos/chips/cc2420/csma/CC2420CsmaC.nc">
          <from><interface-ref name="SplitControl" ref="0x2b61064203b0" scoped=""/></from>
          <to><interface-ref name="SplitControl" ref="0x2b610641a080" scoped=""/></to>
        </wire>
        <wire loc="54:/opt/tinyos-release-tinyos-2_1_2//tos/chips/cc2420/csma/CC2420CsmaC.nc">
          <from><interface-ref name="RadioBackoff" ref="0x2b610641e3b0" scoped=""/></from>
          <to><interface-ref name="RadioBackoff" ref="0x2b6106419970" scoped=""/></to>
        </wire>
        <wire loc="56:/opt/tinyos-release-tinyos-2_1_2//tos/chips/cc2420/csma/CC2420CsmaC.nc">
          <from><interface-ref name="Send" ref="0x2b610641f020" scoped=""/></from>
          <to><interface-ref name="Send" ref="0x2b610641ab70" scoped=""/></to>
        </wire>
        <wire loc="68:/opt/tinyos-release-tinyos-2_1_2//tos/chips/cc2420/csma/CC2420CsmaC.nc">
          <from><interface-ref name="Receive" ref="0x2b610641fcc0" scoped=""/></from>
          <to><interface-ref name="Receive" ref="0x2b6106d529a0" scoped=""/></to>
        </wire>
        <wire loc="59:/opt/tinyos-release-tinyos-2_1_2//tos/chips/cc2420/csma/CC2420CsmaC.nc">
          <from><interface-ref name="Resource" ref="0x2b61064187d0" scoped=""/></from>
          <to><interface-ref name="Resource" ref="0x2b6106498730" scoped=""/></to>
        </wire>
        <wire loc="60:/opt/tinyos-release-tinyos-2_1_2//tos/chips/cc2420/csma/CC2420CsmaC.nc">
          <from><interface-ref name="CC2420Power" ref="0x2b610644acd0" scoped=""/></from>
          <to><interface-ref name="CC2420Power" ref="0x2b6106493a60" scoped=""/></to>
        </wire>
        <wire loc="69:/opt/tinyos-release-tinyos-2_1_2//tos/chips/cc2420/csma/CC2420CsmaC.nc">
          <from><interface-ref name="SubControl" ref="0x2b6106415020" scoped=""/></from>
          <to><interface-ref name="StdControl" ref="0x2b6106d56680" scoped=""/></to>
        </wire>
        <wire loc="63:/opt/tinyos-release-tinyos-2_1_2//tos/chips/cc2420/csma/CC2420CsmaC.nc">
          <from><interface-ref name="SubControl" ref="0x2b6106415020" scoped=""/></from>
          <to><interface-ref name="StdControl" ref="0x2b6106c756d0" scoped=""/></to>
        </wire>
        <wire loc="64:/opt/tinyos-release-tinyos-2_1_2//tos/chips/cc2420/csma/CC2420CsmaC.nc">
          <from><interface-ref name="CC2420Transmit" ref="0x2b6106442d30" scoped=""/></from>
          <to><interface-ref name="CC2420Transmit" ref="0x2b6106c71020" scoped=""/></to>
        </wire>
        <wire loc="65:/opt/tinyos-release-tinyos-2_1_2//tos/chips/cc2420/csma/CC2420CsmaC.nc">
          <from><interface-ref name="SubBackoff" ref="0x2b6106449ae0" scoped=""/></from>
          <to><interface-ref name="RadioBackoff" ref="0x2b6106c71cb0" scoped=""/></to>
        </wire>
        <wire loc="72:/opt/tinyos-release-tinyos-2_1_2//tos/chips/cc2420/csma/CC2420CsmaC.nc">
          <from><interface-ref name="CC2420Packet" ref="0x2b610643d020" scoped=""/></from>
          <to><interface-ref name="CC2420Packet" ref="0x2b6106df0680" scoped=""/></to>
        </wire>
        <wire loc="73:/opt/tinyos-release-tinyos-2_1_2//tos/chips/cc2420/csma/CC2420CsmaC.nc">
          <from><interface-ref name="CC2420PacketBody" ref="0x2b6106436660" scoped=""/></from>
          <to><interface-ref name="CC2420PacketBody" ref="0x2b6106dec0c0" scoped=""/></to>
        </wire>
        <wire loc="76:/opt/tinyos-release-tinyos-2_1_2//tos/chips/cc2420/csma/CC2420CsmaC.nc">
          <from><interface-ref name="Random" ref="0x2b6106440020" scoped=""/></from>
          <to><interface-ref name="Random" ref="0x2b6106ebca20" scoped=""/></to>
        </wire>
        <wire loc="79:/opt/tinyos-release-tinyos-2_1_2//tos/chips/cc2420/csma/CC2420CsmaC.nc">
          <from><interface-ref name="SplitControlState" ref="0x2b6106431e40" scoped=""/></from>
          <to><interface-ref name="State" ref="0x2b6106ebeaa0" scoped=""/></to>
        </wire>
        <wire loc="82:/opt/tinyos-release-tinyos-2_1_2//tos/chips/cc2420/csma/CC2420CsmaC.nc">
          <from><interface-ref name="Leds" ref="0x2b61064407f0" scoped=""/></from>
          <to><interface-ref name="Leds" ref="0x2b6105f285b0" scoped=""/></to>
        </wire>
      </wiring>
    </component></referenced></component>