<?xml version="1.0" ?><component loc="37:/opt/tinyos-release-tinyos-2_1_2//tos/chips/cc2420/csma/CC2420CsmaP.nc" nicename="CC2420CsmaP" qname="CC2420CsmaP" safe="">
      <documentation loc="32:/opt/tinyos-release-tinyos-2_1_2//tos/chips/cc2420/csma/CC2420CsmaP.nc">
        <short>
 </short>
        <long>
 @author Jonathan Hui &lt;jhui@archrock.com&gt;
 @version $Revision: 1.12 $ $Date: 2009/09/17 23:36:36 $
</long>
      </documentation>
      <module/>
    <specification><interface loc="39:/opt/tinyos-release-tinyos-2_1_2//tos/chips/cc2420/csma/CC2420CsmaP.nc" name="SplitControl" provided="1" ref="0x2b610641a080">
      <component-ref nicename="CC2420CsmaP" qname="CC2420CsmaP"/>
      <type-interface alignment="I:2" size="I:2"><interface-ref name="SplitControl" ref="0x2b610641a080" scoped=""/></type-interface>
      <instance>
        <interfacedef-ref nicename="SplitControl" qname="SplitControl"/>
      </instance>
      <interface-functions>
        <function-ref name="startDone" ref="0x2b610641a400" scoped=""/>
        <function-ref name="stopDone" ref="0x2b610641a590" scoped=""/>
        <function-ref name="start" ref="0x2b610641a720" scoped=""/>
        <function-ref name="stop" ref="0x2b610641a8b0" scoped=""/>
      </interface-functions>
    </interface><interface loc="41:/opt/tinyos-release-tinyos-2_1_2//tos/chips/cc2420/csma/CC2420CsmaP.nc" name="RadioBackoff" provided="1" ref="0x2b6106419970">
      <component-ref nicename="CC2420CsmaP" qname="CC2420CsmaP"/>
      <type-interface alignment="I:2" size="I:2"><interface-ref name="RadioBackoff" ref="0x2b6106419970" scoped=""/></type-interface>
      <instance>
        <interfacedef-ref nicename="RadioBackoff" qname="RadioBackoff"/>
      </instance>
      <interface-functions>
        <function-ref name="requestCca" ref="0x2b6106419cf0" scoped=""/>
        <function-ref name="requestInitialBackoff" ref="0x2b6106419e80" scoped=""/>
        <function-ref name="setCongestionBackoff" ref="0x2b6106418030" scoped=""/>
        <function-ref name="setInitialBackoff" ref="0x2b61064181c0" scoped=""/>
        <function-ref name="setCca" ref="0x2b6106418350" scoped=""/>
        <function-ref name="requestCongestionBackoff" ref="0x2b61064184e0" scoped=""/>
      </interface-functions>
    </interface><interface loc="47:/opt/tinyos-release-tinyos-2_1_2//tos/chips/cc2420/csma/CC2420CsmaP.nc" name="SubBackoff" provided="0" ref="0x2b6106449ae0">
      <component-ref nicename="CC2420CsmaP" qname="CC2420CsmaP"/>
      <type-interface alignment="I:2" size="I:2"><interface-ref name="SubBackoff" ref="0x2b6106449ae0" scoped=""/></type-interface>
      <instance>
        <interfacedef-ref nicename="RadioBackoff" qname="RadioBackoff"/>
      </instance>
      <interface-functions>
        <function-ref name="requestCca" ref="0x2b6106449e60" scoped=""/>
        <function-ref name="requestInitialBackoff" ref="0x2b6106448020" scoped=""/>
        <function-ref name="setCongestionBackoff" ref="0x2b61064481b0" scoped=""/>
        <function-ref name="setInitialBackoff" ref="0x2b6106448340" scoped=""/>
        <function-ref name="setCca" ref="0x2b61064484d0" scoped=""/>
        <function-ref name="requestCongestionBackoff" ref="0x2b6106448660" scoped=""/>
      </interface-functions>
    </interface><interface loc="50:/opt/tinyos-release-tinyos-2_1_2//tos/chips/cc2420/csma/CC2420CsmaP.nc" name="CC2420Packet" provided="0" ref="0x2b610643d020">
      <component-ref nicename="CC2420CsmaP" qname="CC2420CsmaP"/>
      <type-interface alignment="I:2" size="I:2"><interface-ref name="CC2420Packet" ref="0x2b610643d020" scoped=""/></type-interface>
      <instance>
        <interfacedef-ref nicename="CC2420Packet" qname="CC2420Packet"/>
      </instance>
      <interface-functions>
        <function-ref name="setPower" ref="0x2b610643d3a0" scoped=""/>
        <function-ref name="setNetwork" ref="0x2b610643d530" scoped=""/>
        <function-ref name="getRssi" ref="0x2b610643d6c0" scoped=""/>
        <function-ref name="getNetwork" ref="0x2b610643d850" scoped=""/>
        <function-ref name="getPower" ref="0x2b610643d9e0" scoped=""/>
        <function-ref name="getLqi" ref="0x2b610643db70" scoped=""/>
      </interface-functions>
    </interface><interface loc="46:/opt/tinyos-release-tinyos-2_1_2//tos/chips/cc2420/csma/CC2420CsmaP.nc" name="CC2420Transmit" provided="0" ref="0x2b6106442d30">
      <component-ref nicename="CC2420CsmaP" qname="CC2420CsmaP"/>
      <type-interface alignment="I:2" size="I:2"><interface-ref name="CC2420Transmit" ref="0x2b6106442d30" scoped=""/></type-interface>
      <instance>
        <interfacedef-ref nicename="CC2420Transmit" qname="CC2420Transmit"/>
      </instance>
      <interface-functions>
        <function-ref name="send" ref="0x2b61064490e0" scoped=""/>
        <function-ref name="cancel" ref="0x2b6106449270" scoped=""/>
        <function-ref name="modify" ref="0x2b6106449400" scoped=""/>
        <function-ref name="sendDone" ref="0x2b6106449590" scoped=""/>
        <function-ref name="resend" ref="0x2b6106449720" scoped=""/>
      </interface-functions>
    </interface><interface loc="40:/opt/tinyos-release-tinyos-2_1_2//tos/chips/cc2420/csma/CC2420CsmaP.nc" name="Send" provided="1" ref="0x2b610641ab70">
      <component-ref nicename="CC2420CsmaP" qname="CC2420CsmaP"/>
      <type-interface alignment="I:2" size="I:2"><interface-ref name="Send" ref="0x2b610641ab70" scoped=""/></type-interface>
      <instance>
        <interfacedef-ref nicename="Send" qname="Send"/>
      </instance>
      <interface-functions>
        <function-ref name="send" ref="0x2b6106419020" scoped=""/>
        <function-ref name="getPayload" ref="0x2b61064191b0" scoped=""/>
        <function-ref name="maxPayloadLength" ref="0x2b6106419340" scoped=""/>
        <function-ref name="cancel" ref="0x2b61064194d0" scoped=""/>
        <function-ref name="sendDone" ref="0x2b6106419660" scoped=""/>
      </interface-functions>
    </interface><interface loc="48:/opt/tinyos-release-tinyos-2_1_2//tos/chips/cc2420/csma/CC2420CsmaP.nc" name="Random" provided="0" ref="0x2b6106440020">
      <component-ref nicename="CC2420CsmaP" qname="CC2420CsmaP"/>
      <type-interface alignment="I:2" size="I:2"><interface-ref name="Random" ref="0x2b6106440020" scoped=""/></type-interface>
      <instance>
        <interfacedef-ref nicename="Random" qname="Random"/>
      </instance>
      <interface-functions>
        <function-ref name="rand16" ref="0x2b61064403a0" scoped=""/>
        <function-ref name="rand32" ref="0x2b6106440530" scoped=""/>
      </interface-functions>
    </interface><interface loc="45:/opt/tinyos-release-tinyos-2_1_2//tos/chips/cc2420/csma/CC2420CsmaP.nc" name="SubControl" provided="0" ref="0x2b6106415020">
      <component-ref nicename="CC2420CsmaP" qname="CC2420CsmaP"/>
      <type-interface alignment="I:2" size="I:2"><interface-ref name="SubControl" ref="0x2b6106415020" scoped=""/></type-interface>
      <instance>
        <interfacedef-ref nicename="StdControl" qname="StdControl"/>
      </instance>
      <interface-functions>
        <function-ref name="start" ref="0x2b61064153a0" scoped=""/>
        <function-ref name="stop" ref="0x2b6106415530" scoped=""/>
      </interface-functions>
    </interface><interface loc="51:/opt/tinyos-release-tinyos-2_1_2//tos/chips/cc2420/csma/CC2420CsmaP.nc" name="CC2420PacketBody" provided="0" ref="0x2b6106436660">
      <component-ref nicename="CC2420CsmaP" qname="CC2420CsmaP"/>
      <type-interface alignment="I:2" size="I:2"><interface-ref name="CC2420PacketBody" ref="0x2b6106436660" scoped=""/></type-interface>
      <instance>
        <interfacedef-ref nicename="CC2420PacketBody" qname="CC2420PacketBody"/>
      </instance>
      <interface-functions>
        <function-ref name="getPayload" ref="0x2b61064369e0" scoped=""/>
        <function-ref name="getHeader" ref="0x2b6106436b70" scoped=""/>
        <function-ref name="getMetadata" ref="0x2b6106436d00" scoped=""/>
      </interface-functions>
    </interface><interface loc="44:/opt/tinyos-release-tinyos-2_1_2//tos/chips/cc2420/csma/CC2420CsmaP.nc" name="CC2420Power" provided="0" ref="0x2b610644acd0">
      <component-ref nicename="CC2420CsmaP" qname="CC2420CsmaP"/>
      <type-interface alignment="I:2" size="I:2"><interface-ref name="CC2420Power" ref="0x2b610644acd0" scoped=""/></type-interface>
      <instance>
        <interfacedef-ref nicename="CC2420Power" qname="CC2420Power"/>
      </instance>
      <interface-functions>
        <function-ref name="startOscillator" ref="0x2b61064160a0" scoped=""/>
        <function-ref name="rfOff" ref="0x2b6106416230" scoped=""/>
        <function-ref name="rxOn" ref="0x2b61064163c0" scoped=""/>
        <function-ref name="startVReg" ref="0x2b6106416550" scoped=""/>
        <function-ref name="stopVReg" ref="0x2b61064166e0" scoped=""/>
        <function-ref name="startOscillatorDone" ref="0x2b6106416870" scoped=""/>
        <function-ref name="stopOscillator" ref="0x2b6106416a00" scoped=""/>
        <function-ref name="startVRegDone" ref="0x2b6106416b90" scoped=""/>
      </interface-functions>
    </interface><interface loc="49:/opt/tinyos-release-tinyos-2_1_2//tos/chips/cc2420/csma/CC2420CsmaP.nc" name="Leds" provided="0" ref="0x2b61064407f0">
      <component-ref nicename="CC2420CsmaP" qname="CC2420CsmaP"/>
      <type-interface alignment="I:2" size="I:2"><interface-ref name="Leds" ref="0x2b61064407f0" scoped=""/></type-interface>
      <instance>
        <interfacedef-ref nicename="Leds" qname="Leds"/>
      </instance>
      <interface-functions>
        <function-ref name="led0Off" ref="0x2b6106440b70" scoped=""/>
        <function-ref name="led0Toggle" ref="0x2b6106440d00" scoped=""/>
        <function-ref name="led1On" ref="0x2b610643f020" scoped=""/>
        <function-ref name="led1Toggle" ref="0x2b610643f1b0" scoped=""/>
        <function-ref name="led2Toggle" ref="0x2b610643f340" scoped=""/>
        <function-ref name="get" ref="0x2b610643f4d0" scoped=""/>
        <function-ref name="led1Off" ref="0x2b610643f660" scoped=""/>
        <function-ref name="led2Off" ref="0x2b610643fca0" scoped=""/>
        <function-ref name="set" ref="0x2b610643f7f0" scoped=""/>
        <function-ref name="led0On" ref="0x2b610643f980" scoped=""/>
        <function-ref name="led2On" ref="0x2b610643fb10" scoped=""/>
      </interface-functions>
    </interface><interface loc="43:/opt/tinyos-release-tinyos-2_1_2//tos/chips/cc2420/csma/CC2420CsmaP.nc" name="Resource" provided="0" ref="0x2b61064187d0">
      <component-ref nicename="CC2420CsmaP" qname="CC2420CsmaP"/>
      <type-interface alignment="I:2" size="I:2"><interface-ref name="Resource" ref="0x2b61064187d0" scoped=""/></type-interface>
      <instance>
        <interfacedef-ref nicename="Resource" qname="Resource"/>
      </instance>
      <interface-functions>
        <function-ref name="release" ref="0x2b6106418b50" scoped=""/>
        <function-ref name="immediateRequest" ref="0x2b6106418ce0" scoped=""/>
        <function-ref name="request" ref="0x2b6106418e70" scoped=""/>
        <function-ref name="granted" ref="0x2b6106417030" scoped=""/>
        <function-ref name="isOwner" ref="0x2b61064171c0" scoped=""/>
      </interface-functions>
    </interface><interface loc="52:/opt/tinyos-release-tinyos-2_1_2//tos/chips/cc2420/csma/CC2420CsmaP.nc" name="SplitControlState" provided="0" ref="0x2b6106431e40">
      <component-ref nicename="CC2420CsmaP" qname="CC2420CsmaP"/>
      <type-interface alignment="I:2" size="I:2"><interface-ref name="SplitControlState" ref="0x2b6106431e40" scoped=""/></type-interface>
      <instance>
        <interfacedef-ref nicename="State" qname="State"/>
      </instance>
      <interface-functions>
        <function-ref name="getState" ref="0x2b610643a310" scoped=""/>
        <function-ref name="toIdle" ref="0x2b610643a4a0" scoped=""/>
        <function-ref name="isState" ref="0x2b610643a630" scoped=""/>
        <function-ref name="isIdle" ref="0x2b610643a7c0" scoped=""/>
        <function-ref name="requestState" ref="0x2b610643a950" scoped=""/>
        <function-ref name="forceState" ref="0x2b610643aae0" scoped=""/>
      </interface-functions>
    </interface><interface loc="76:/opt/tinyos-release-tinyos-2_1_2//tos/chips/cc2420/csma/CC2420CsmaP.nc" name="sendDone_task" provided="0" ref="0x2b61064679e0">
      <component-ref nicename="CC2420CsmaP" qname="CC2420CsmaP"/>
      <type-interface alignment="I:2" size="I:2"><interface-ref name="sendDone_task" ref="0x2b61064679e0" scoped=""/></type-interface>
      <instance>
        <interfacedef-ref nicename="TaskBasic" qname="TaskBasic"/>
      </instance>
      <interface-functions>
        <function-ref name="postTask" ref="0x2b6106467d60" scoped=""/>
        <function-ref name="runTask" ref="0x2b6106466020" scoped=""/>
      </interface-functions>
    </interface><interface loc="75:/opt/tinyos-release-tinyos-2_1_2//tos/chips/cc2420/csma/CC2420CsmaP.nc" name="stopDone_task" provided="0" ref="0x2b6106468a10">
      <component-ref nicename="CC2420CsmaP" qname="CC2420CsmaP"/>
      <type-interface alignment="I:2" size="I:2"><interface-ref name="stopDone_task" ref="0x2b6106468a10" scoped=""/></type-interface>
      <instance>
        <interfacedef-ref nicename="TaskBasic" qname="TaskBasic"/>
      </instance>
      <interface-functions>
        <function-ref name="postTask" ref="0x2b6106468d90" scoped=""/>
        <function-ref name="runTask" ref="0x2b6106467020" scoped=""/>
      </interface-functions>
    </interface><interface loc="74:/opt/tinyos-release-tinyos-2_1_2//tos/chips/cc2420/csma/CC2420CsmaP.nc" name="startDone_task" provided="0" ref="0x2b6106469a00">
      <component-ref nicename="CC2420CsmaP" qname="CC2420CsmaP"/>
      <type-interface alignment="I:2" size="I:2"><interface-ref name="startDone_task" ref="0x2b6106469a00" scoped=""/></type-interface>
      <instance>
        <interfacedef-ref nicename="TaskBasic" qname="TaskBasic"/>
      </instance>
      <interface-functions>
        <function-ref name="postTask" ref="0x2b6106469d80" scoped=""/>
        <function-ref name="runTask" ref="0x2b6106468020" scoped=""/>
      </interface-functions>
    </interface></specification><referenced/></component>