<?xml version="1.0" ?><component loc="41:/opt/tinyos-release-tinyos-2_1_2//tos/chips/cc2420/spi/CC2420SpiP.nc" nicename="CC2420SpiP" qname="CC2420SpiP" safe="">
      <documentation loc="32:/opt/tinyos-release-tinyos-2_1_2//tos/chips/cc2420/spi/CC2420SpiP.nc">
        <short>
 </short>
        <long>
 @author Jonathan Hui &lt;jhui@archrock.com&gt;
 @author David Moss
 @author Roman Lim
 @author Razvan Musaloie-E.
 @author Jeonggil Ko
 @version $Revision: 1.4 $ $Date: 2008-06-23 20:25:15 $
</long>
      </documentation>
      <module/>
    <specification><interface loc="55:/opt/tinyos-release-tinyos-2_1_2//tos/chips/cc2420/spi/CC2420SpiP.nc" name="SpiPacket" provided="0" ref="0x2b6106777680">
      <component-ref nicename="CC2420SpiP" qname="CC2420SpiP"/>
      <type-interface alignment="I:2" size="I:2"><interface-ref name="SpiPacket" ref="0x2b6106777680" scoped=""/></type-interface>
      <instance>
        <interfacedef-ref nicename="SpiPacket" qname="SpiPacket"/>
      </instance>
      <interface-functions>
        <function-ref name="send" ref="0x2b6106777a00" scoped=""/>
        <function-ref name="sendDone" ref="0x2b6106777b90" scoped=""/>
      </interface-functions>
    </interface><interface loc="46:/opt/tinyos-release-tinyos-2_1_2//tos/chips/cc2420/spi/CC2420SpiP.nc" name="Fifo" provided="1" ref="0x2b6106740bb0">
      <component-ref nicename="CC2420SpiP" qname="CC2420SpiP"/>
      <type-interface alignment="I:2" size="I:2"><interface-ref name="Fifo" ref="0x2b6106740bb0" scoped=""/></type-interface>
      <instance>
        <interfacedef-ref nicename="CC2420Fifo" qname="CC2420Fifo"/>
      </instance>
      <interface-parameters>
        <type-int alignment="I:1" cname="unsigned char" size="I:1" unsigned="">
          <typename><typedef-ref name="uint8_t" ref="0x2b6104f08160"/></typename>
        </type-int>
      </interface-parameters>
      <interface-functions>
        <function-ref name="continueRead" ref="0x2b610673e020" scoped=""/>
        <function-ref name="writeDone" ref="0x2b610673e1b0" scoped=""/>
        <function-ref name="write" ref="0x2b610673e340" scoped=""/>
        <function-ref name="beginRead" ref="0x2b610673e4d0" scoped=""/>
        <function-ref name="readDone" ref="0x2b610673e660" scoped=""/>
      </interface-functions>
    </interface><interface loc="44:/opt/tinyos-release-tinyos-2_1_2//tos/chips/cc2420/spi/CC2420SpiP.nc" name="ChipSpiResource" provided="1" ref="0x2b6106744940">
      <component-ref nicename="CC2420SpiP" qname="CC2420SpiP"/>
      <type-interface alignment="I:2" size="I:2"><interface-ref name="ChipSpiResource" ref="0x2b6106744940" scoped=""/></type-interface>
      <instance>
        <interfacedef-ref nicename="ChipSpiResource" qname="ChipSpiResource"/>
      </instance>
      <interface-functions>
        <function-ref name="releasing" ref="0x2b6106744cc0" scoped=""/>
        <function-ref name="abortRelease" ref="0x2b6106744e50" scoped=""/>
        <function-ref name="attemptRelease" ref="0x2b6106741020" scoped=""/>
      </interface-functions>
    </interface><interface loc="54:/opt/tinyos-release-tinyos-2_1_2//tos/chips/cc2420/spi/CC2420SpiP.nc" name="SpiByte" provided="0" ref="0x2b6106739080">
      <component-ref nicename="CC2420SpiP" qname="CC2420SpiP"/>
      <type-interface alignment="I:2" size="I:2"><interface-ref name="SpiByte" ref="0x2b6106739080" scoped=""/></type-interface>
      <instance>
        <interfacedef-ref nicename="SpiByte" qname="SpiByte"/>
      </instance>
      <interface-functions>
        <function-ref name="write" ref="0x2b6106739400" scoped=""/>
      </interface-functions>
    </interface><interface loc="56:/opt/tinyos-release-tinyos-2_1_2//tos/chips/cc2420/spi/CC2420SpiP.nc" name="WorkingState" provided="0" ref="0x2b6106780020">
      <component-ref nicename="CC2420SpiP" qname="CC2420SpiP"/>
      <type-interface alignment="I:2" size="I:2"><interface-ref name="WorkingState" ref="0x2b6106780020" scoped=""/></type-interface>
      <instance>
        <interfacedef-ref nicename="State" qname="State"/>
      </instance>
      <interface-functions>
        <function-ref name="getState" ref="0x2b61067803a0" scoped=""/>
        <function-ref name="toIdle" ref="0x2b6106780530" scoped=""/>
        <function-ref name="isState" ref="0x2b61067806c0" scoped=""/>
        <function-ref name="isIdle" ref="0x2b6106780850" scoped=""/>
        <function-ref name="requestState" ref="0x2b61067809e0" scoped=""/>
        <function-ref name="forceState" ref="0x2b6106780b70" scoped=""/>
      </interface-functions>
    </interface><interface loc="53:/opt/tinyos-release-tinyos-2_1_2//tos/chips/cc2420/spi/CC2420SpiP.nc" name="SpiResource" provided="0" ref="0x2b610673b400">
      <component-ref nicename="CC2420SpiP" qname="CC2420SpiP"/>
      <type-interface alignment="I:2" size="I:2"><interface-ref name="SpiResource" ref="0x2b610673b400" scoped=""/></type-interface>
      <instance>
        <interfacedef-ref nicename="Resource" qname="Resource"/>
      </instance>
      <interface-functions>
        <function-ref name="release" ref="0x2b610673b780" scoped=""/>
        <function-ref name="immediateRequest" ref="0x2b610673b910" scoped=""/>
        <function-ref name="request" ref="0x2b610673baa0" scoped=""/>
        <function-ref name="granted" ref="0x2b610673bc30" scoped=""/>
        <function-ref name="isOwner" ref="0x2b610673bdc0" scoped=""/>
      </interface-functions>
    </interface><interface loc="47:/opt/tinyos-release-tinyos-2_1_2//tos/chips/cc2420/spi/CC2420SpiP.nc" name="Ram" provided="1" ref="0x2b610673d020">
      <component-ref nicename="CC2420SpiP" qname="CC2420SpiP"/>
      <type-interface alignment="I:2" size="I:2"><interface-ref name="Ram" ref="0x2b610673d020" scoped=""/></type-interface>
      <instance>
        <interfacedef-ref nicename="CC2420Ram" qname="CC2420Ram"/>
      </instance>
      <interface-parameters>
        <type-int alignment="I:2" cname="unsigned int" size="I:2" unsigned="">
          <typename><typedef-ref name="uint16_t" ref="0x2b6104f08520"/></typename>
        </type-int>
      </interface-parameters>
      <interface-functions>
        <function-ref name="read" ref="0x2b610673d3a0" scoped=""/>
        <function-ref name="write" ref="0x2b610673d530" scoped=""/>
      </interface-functions>
    </interface><interface loc="48:/opt/tinyos-release-tinyos-2_1_2//tos/chips/cc2420/spi/CC2420SpiP.nc" name="Reg" provided="1" ref="0x2b610673ddb0">
      <component-ref nicename="CC2420SpiP" qname="CC2420SpiP"/>
      <type-interface alignment="I:2" size="I:2"><interface-ref name="Reg" ref="0x2b610673ddb0" scoped=""/></type-interface>
      <instance>
        <interfacedef-ref nicename="CC2420Register" qname="CC2420Register"/>
      </instance>
      <interface-parameters>
        <type-int alignment="I:1" cname="unsigned char" size="I:1" unsigned="">
          <typename><typedef-ref name="uint8_t" ref="0x2b6104f08160"/></typename>
        </type-int>
      </interface-parameters>
      <interface-functions>
        <function-ref name="read" ref="0x2b610673c180" scoped=""/>
        <function-ref name="write" ref="0x2b610673c310" scoped=""/>
      </interface-functions>
    </interface><interface loc="57:/opt/tinyos-release-tinyos-2_1_2//tos/chips/cc2420/spi/CC2420SpiP.nc" name="Leds" provided="0" ref="0x2b6106780df0">
      <component-ref nicename="CC2420SpiP" qname="CC2420SpiP"/>
      <type-interface alignment="I:2" size="I:2"><interface-ref name="Leds" ref="0x2b6106780df0" scoped=""/></type-interface>
      <instance>
        <interfacedef-ref nicename="Leds" qname="Leds"/>
      </instance>
      <interface-functions>
        <function-ref name="led0Off" ref="0x2b610677e1c0" scoped=""/>
        <function-ref name="led0Toggle" ref="0x2b610677e350" scoped=""/>
        <function-ref name="led1On" ref="0x2b610677e4e0" scoped=""/>
        <function-ref name="led1Toggle" ref="0x2b610677e670" scoped=""/>
        <function-ref name="led2Toggle" ref="0x2b610677e800" scoped=""/>
        <function-ref name="get" ref="0x2b610677e990" scoped=""/>
        <function-ref name="led1Off" ref="0x2b610677eb20" scoped=""/>
        <function-ref name="led2Off" ref="0x2b61067781b0" scoped=""/>
        <function-ref name="set" ref="0x2b610677ecb0" scoped=""/>
        <function-ref name="led0On" ref="0x2b610677ee40" scoped=""/>
        <function-ref name="led2On" ref="0x2b6106778020" scoped=""/>
      </interface-functions>
    </interface><interface loc="45:/opt/tinyos-release-tinyos-2_1_2//tos/chips/cc2420/spi/CC2420SpiP.nc" name="Resource" provided="1" ref="0x2b6106741810">
      <component-ref nicename="CC2420SpiP" qname="CC2420SpiP"/>
      <type-interface alignment="I:2" size="I:2"><interface-ref name="Resource" ref="0x2b6106741810" scoped=""/></type-interface>
      <instance>
        <interfacedef-ref nicename="Resource" qname="Resource"/>
      </instance>
      <interface-parameters>
        <type-int alignment="I:1" cname="unsigned char" size="I:1" unsigned="">
          <typename><typedef-ref name="uint8_t" ref="0x2b6104f08160"/></typename>
        </type-int>
      </interface-parameters>
      <interface-functions>
        <function-ref name="release" ref="0x2b6106741b90" scoped=""/>
        <function-ref name="immediateRequest" ref="0x2b6106741d20" scoped=""/>
        <function-ref name="request" ref="0x2b6106740020" scoped=""/>
        <function-ref name="granted" ref="0x2b61067401b0" scoped=""/>
        <function-ref name="isOwner" ref="0x2b6106740340" scoped=""/>
      </interface-functions>
    </interface><interface loc="88:/opt/tinyos-release-tinyos-2_1_2//tos/chips/cc2420/spi/CC2420SpiP.nc" name="grant" provided="0" ref="0x2b6106772120">
      <component-ref nicename="CC2420SpiP" qname="CC2420SpiP"/>
      <type-interface alignment="I:2" size="I:2"><interface-ref name="grant" ref="0x2b6106772120" scoped=""/></type-interface>
      <instance>
        <interfacedef-ref nicename="TaskBasic" qname="TaskBasic"/>
      </instance>
      <interface-functions>
        <function-ref name="postTask" ref="0x2b61067724a0" scoped=""/>
        <function-ref name="runTask" ref="0x2b6106772630" scoped=""/>
      </interface-functions>
    </interface><interface loc="49:/opt/tinyos-release-tinyos-2_1_2//tos/chips/cc2420/spi/CC2420SpiP.nc" name="Strobe" provided="1" ref="0x2b610673cba0">
      <component-ref nicename="CC2420SpiP" qname="CC2420SpiP"/>
      <type-interface alignment="I:2" size="I:2"><interface-ref name="Strobe" ref="0x2b610673cba0" scoped=""/></type-interface>
      <instance>
        <interfacedef-ref nicename="CC2420Strobe" qname="CC2420Strobe"/>
      </instance>
      <interface-parameters>
        <type-int alignment="I:1" cname="unsigned char" size="I:1" unsigned="">
          <typename><typedef-ref name="uint8_t" ref="0x2b6104f08160"/></typename>
        </type-int>
      </interface-parameters>
      <interface-functions>
        <function-ref name="strobe" ref="0x2b610673b020" scoped=""/>
      </interface-functions>
    </interface></specification><referenced/></component>