<?xml version="1.0" ?><component abstract="" loc="45:/opt/tinyos-release-tinyos-2_1_2//tos/lib/net/CollectionIdP.nc" nicename="CollectionIdP" qname="CollectionIdP">
      <documentation loc="35:/opt/tinyos-release-tinyos-2_1_2//tos/lib/net/CollectionIdP.nc">
        <short>
  Interface for fetching the collection ID associated with a
  collection sender instance.</short>
        <long>
  Interface for fetching the collection ID associated with a
  collection sender instance.

  @author Kyle Jamieson
  @date   $Date: 2006-12-12 18:23:28 $
</long>
      </documentation>
      <parameters>
        <constant loc="45:/opt/tinyos-release-tinyos-2_1_2//tos/lib/net/CollectionIdP.nc" name="collectid" ref="0x2b6107c0c350">
          <component-ref nicename="CollectionIdP" qname="CollectionIdP"/>
          <type-int alignment="I:1" cname="unsigned char" size="I:1" unsigned="">
            <typename><typedef-ref name="collection_id_t" ref="0x2b61074d67f0"/></typename>
          </type-int>
        </constant>
      </parameters>
      <module/>
    <specification><interface loc="46:/opt/tinyos-release-tinyos-2_1_2//tos/lib/net/CollectionIdP.nc" name="CollectionId" provided="1" ref="0x2b6107c0c810">
      <component-ref nicename="CollectionIdP" qname="CollectionIdP"/>
      <type-interface alignment="I:2" size="I:2"><interface-ref name="CollectionId" ref="0x2b6107c0c810" scoped=""/></type-interface>
      <instance>
        <interfacedef-ref nicename="CollectionId" qname="CollectionId"/>
      </instance>
      <interface-functions>
        <function-ref name="fetch" ref="0x2b6107c0cb90" scoped=""/>
      </interface-functions>
    </interface></specification><referenced/></component>