<?xml version="1.0" ?><component abstract="" loc="46:/opt/tinyos-release-tinyos-2_1_2//tos/lib/timer/CounterToLocalTimeC.nc" nicename="CounterToLocalTimeC" qname="CounterToLocalTimeC" safe="">
      <documentation loc="36:/opt/tinyos-release-tinyos-2_1_2//tos/lib/timer/CounterToLocalTimeC.nc">
        <short>
 CounterToLocalTimeC converts a 32-bit LocalTime to a Counter.</short>
        <long>
 CounterToLocalTimeC converts a 32-bit LocalTime to a Counter.  

 &lt;p&gt;See TEP102 for more details.
 @param precision_tag A type indicating the precision of the LocalTime and
 Counter being converted.

 @author Cory Sharp &lt;cssharp@eecs.berkeley.edu&gt;
</long>
      </documentation>
      <parameters>
        <typedef loc="46:/opt/tinyos-release-tinyos-2_1_2//tos/lib/timer/CounterToLocalTimeC.nc" name="precision_tag" ref="0x2b610638a1f0">
          <component-ref nicename="CounterToLocalTimeC" qname="CounterToLocalTimeC"/>
          <type-var alignment="U:" size="U:"><typedef-ref name="precision_tag" ref="0x2b610638a1f0" scoped=""/></type-var>
        </typedef>
      </parameters>
      <module/>
    <specification><interface loc="48:/opt/tinyos-release-tinyos-2_1_2//tos/lib/timer/CounterToLocalTimeC.nc" name="LocalTime" provided="1" ref="0x2b610638ac60">
      <component-ref nicename="CounterToLocalTimeC" qname="CounterToLocalTimeC"/>
      <type-interface alignment="I:2" size="I:2"><interface-ref name="LocalTime" ref="0x2b610638ac60" scoped=""/></type-interface>
      <instance>
        <interfacedef-ref nicename="LocalTime" qname="LocalTime"/>
        <arguments>
          <type-var alignment="U:" size="U:"><typedef-ref name="precision_tag" ref="0x2b610638a1f0" scoped=""/></type-var>
        </arguments>
      </instance>
      <interface-functions>
        <function-ref name="get" ref="0x2b61063898e0" scoped=""/>
      </interface-functions>
    </interface><interface loc="49:/opt/tinyos-release-tinyos-2_1_2//tos/lib/timer/CounterToLocalTimeC.nc" name="Counter" provided="0" ref="0x2b6106388110">
      <component-ref nicename="CounterToLocalTimeC" qname="CounterToLocalTimeC"/>
      <type-interface alignment="I:2" size="I:2"><interface-ref name="Counter" ref="0x2b6106388110" scoped=""/></type-interface>
      <instance>
        <interfacedef-ref nicename="Counter" qname="Counter"/>
        <arguments>
          <type-var alignment="U:" size="U:"><typedef-ref name="precision_tag" ref="0x2b610638a1f0" scoped=""/></type-var>
          <type-int alignment="I:2" cname="unsigned long" size="I:4" unsigned="">
            <typename><typedef-ref name="uint32_t" ref="0x2b6104f08920"/></typename>
          </type-int>
        </arguments>
      </instance>
      <interface-functions>
        <function-ref name="get" ref="0x2b6106387020" scoped=""/>
        <function-ref name="clearOverflow" ref="0x2b61063879a0" scoped=""/>
        <function-ref name="isOverflowPending" ref="0x2b61063874e0" scoped=""/>
        <function-ref name="overflow" ref="0x2b6106387e60" scoped=""/>
      </interface-functions>
    </interface></specification><referenced/></component>