<?xml version="1.0" ?><component loc="11:/opt/tinyos-release-tinyos-2_1_2//tos/platforms/epic/chips/ds2411/Ds2411P.nc" nicename="Ds2411P" qname="Ds2411P">
      <module/>
    <specification><interface loc="16:/opt/tinyos-release-tinyos-2_1_2//tos/platforms/epic/chips/ds2411/Ds2411P.nc" name="OneWire" provided="0" ref="0x2b6106bd3750">
      <component-ref nicename="Ds2411P" qname="Ds2411P"/>
      <type-interface alignment="I:2" size="I:2"><interface-ref name="OneWire" ref="0x2b6106bd3750" scoped=""/></type-interface>
      <instance>
        <interfacedef-ref nicename="OneWireStream" qname="OneWireStream"/>
      </instance>
      <interface-functions>
        <function-ref name="read" ref="0x2b6106bd3ad0" scoped=""/>
        <function-ref name="write" ref="0x2b6106bd3c60" scoped=""/>
      </interface-functions>
    </interface><interface loc="13:/opt/tinyos-release-tinyos-2_1_2//tos/platforms/epic/chips/ds2411/Ds2411P.nc" name="ReadId48" provided="1" ref="0x2b6106bd9ca0">
      <component-ref nicename="Ds2411P" qname="Ds2411P"/>
      <type-interface alignment="I:2" size="I:2"><interface-ref name="ReadId48" ref="0x2b6106bd9ca0" scoped=""/></type-interface>
      <instance>
        <interfacedef-ref nicename="ReadId48" qname="ReadId48"/>
      </instance>
      <interface-functions>
        <function-ref name="read" ref="0x2b6106bd70a0" scoped=""/>
      </interface-functions>
    </interface></specification><referenced/></component>