<?xml version="1.0" ?><component loc="39:/opt/tinyos-release-tinyos-2_1_2//tos/chips/cc2420/lpl/DummyLplP.nc" nicename="DummyLplP" qname="DummyLplP">
      <documentation loc="32:/opt/tinyos-release-tinyos-2_1_2//tos/chips/cc2420/lpl/DummyLplP.nc">
        <short>
 Dummy low power listening interface used when LowPowerListening is not
 compiled in with the application.</short>
        <long>
 Dummy low power listening interface used when LowPowerListening is not
 compiled in with the application.
 Wakeup interval is always 0 (always on)
 @author David Moss
</long>
      </documentation>
      <module/>
    <specification><interface loc="41:/opt/tinyos-release-tinyos-2_1_2//tos/chips/cc2420/lpl/DummyLplP.nc" name="LowPowerListening" provided="1" ref="0x2b6106f772d0">
      <component-ref nicename="DummyLplP" qname="DummyLplP"/>
      <type-interface alignment="I:2" size="I:2"><interface-ref name="LowPowerListening" ref="0x2b6106f772d0" scoped=""/></type-interface>
      <instance>
        <interfacedef-ref nicename="LowPowerListening" qname="LowPowerListening"/>
      </instance>
      <interface-functions>
        <function-ref name="setRemoteWakeupInterval" ref="0x2b6106f77650" scoped=""/>
        <function-ref name="getRemoteWakeupInterval" ref="0x2b6106f777e0" scoped=""/>
        <function-ref name="getLocalWakeupInterval" ref="0x2b6106f77970" scoped=""/>
        <function-ref name="setLocalWakeupInterval" ref="0x2b6106f77b00" scoped=""/>
      </interface-functions>
    </interface></specification><referenced/></component>