<?xml version="1.0" ?><component abstract="" loc="42:/opt/tinyos-release-tinyos-2_1_2//tos/system/FcfsResourceQueueC.nc" nicename="FcfsResourceQueueC" qname="FcfsResourceQueueC" safe="">
      <parameters>
        <constant loc="42:/opt/tinyos-release-tinyos-2_1_2//tos/system/FcfsResourceQueueC.nc" name="size" ref="0x2b6106a0b0d0">
          <component-ref nicename="FcfsResourceQueueC" qname="FcfsResourceQueueC"/>
          <type-int alignment="I:1" cname="unsigned char" size="I:1" unsigned="">
            <typename><typedef-ref name="uint8_t" ref="0x2b6104f08160"/></typename>
          </type-int>
        </constant>
      </parameters>
      <module/>
    <specification><interface loc="44:/opt/tinyos-release-tinyos-2_1_2//tos/system/FcfsResourceQueueC.nc" name="Init" provided="1" ref="0x2b6106a0b960">
      <component-ref nicename="FcfsResourceQueueC" qname="FcfsResourceQueueC"/>
      <type-interface alignment="I:2" size="I:2"><interface-ref name="Init" ref="0x2b6106a0b960" scoped=""/></type-interface>
      <instance>
        <interfacedef-ref nicename="Init" qname="Init"/>
      </instance>
      <interface-functions>
        <function-ref name="init" ref="0x2b6106a0bce0" scoped=""/>
      </interface-functions>
    </interface><interface loc="45:/opt/tinyos-release-tinyos-2_1_2//tos/system/FcfsResourceQueueC.nc" name="FcfsQueue" provided="1" ref="0x2b6106a09020">
      <component-ref nicename="FcfsResourceQueueC" qname="FcfsResourceQueueC"/>
      <type-interface alignment="I:2" size="I:2"><interface-ref name="FcfsQueue" ref="0x2b6106a09020" scoped=""/></type-interface>
      <instance>
        <interfacedef-ref nicename="ResourceQueue" qname="ResourceQueue"/>
      </instance>
      <interface-functions>
        <function-ref name="enqueue" ref="0x2b6106a093a0" scoped=""/>
        <function-ref name="isEmpty" ref="0x2b6106a09530" scoped=""/>
        <function-ref name="isEnqueued" ref="0x2b6106a096c0" scoped=""/>
        <function-ref name="dequeue" ref="0x2b6106a09850" scoped=""/>
      </interface-functions>
    </interface></specification><referenced/></component>