<?xml version="1.0" ?><component abstract="" loc="40:/opt/tinyos-release-tinyos-2_1_2//tos/platforms/telosa/chips/cc2420/HplCC2420SpiC.nc" nicename="HplCC2420SpiC" qname="HplCC2420SpiC">
      <documentation loc="32:/opt/tinyos-release-tinyos-2_1_2//tos/platforms/telosa/chips/cc2420/HplCC2420SpiC.nc">
        <short>
 HPL implementation of the SPI bus for the ChipCon CC2420 radio
 connected to a TI MSP430 processor.</short>
        <long>
 HPL implementation of the SPI bus for the ChipCon CC2420 radio
 connected to a TI MSP430 processor.

 @author Jonathan Hui &lt;jhui@archrock.com&gt;
 @version $Revision: 1.4 $ $Date: 2006-12-12 18:23:44 $
</long>
      </documentation>
      <parameters>
      </parameters>
      <configuration/>
      <wiring>
        <wire loc="54:/opt/tinyos-release-tinyos-2_1_2//tos/platforms/telosa/chips/cc2420/HplCC2420SpiC.nc">
          <from><interface-ref name="SpiPacket" ref="0x2b61067cde30" scoped=""/></from>
          <to><interface-ref name="SpiPacket" ref="0x2b6106b2bd70" scoped=""/></to>
        </wire>
        <wire loc="53:/opt/tinyos-release-tinyos-2_1_2//tos/platforms/telosa/chips/cc2420/HplCC2420SpiC.nc">
          <from><interface-ref name="SpiByte" ref="0x2b61067cd7c0" scoped=""/></from>
          <to><interface-ref name="SpiByte" ref="0x2b6106b2cbe0" scoped=""/></to>
        </wire>
        <wire loc="52:/opt/tinyos-release-tinyos-2_1_2//tos/platforms/telosa/chips/cc2420/HplCC2420SpiC.nc">
          <from><interface-ref name="Resource" ref="0x2b61067d0b00" scoped=""/></from>
          <to><interface-ref name="Resource" ref="0x2b6106b2d730" scoped=""/></to>
        </wire>
      </wiring>
    <specification><interface loc="44:/opt/tinyos-release-tinyos-2_1_2//tos/platforms/telosa/chips/cc2420/HplCC2420SpiC.nc" name="SpiPacket" provided="1" ref="0x2b61067cde30">
      <component-ref nicename="HplCC2420SpiC" qname="HplCC2420SpiC"/>
      <type-interface alignment="I:2" size="I:2"><interface-ref name="SpiPacket" ref="0x2b61067cde30" scoped=""/></type-interface>
      <instance>
        <interfacedef-ref nicename="SpiPacket" qname="SpiPacket"/>
      </instance>
      <interface-functions>
        <function-ref name="send" ref="0x2b61067cc1e0" scoped=""/>
        <function-ref name="sendDone" ref="0x2b61067cc370" scoped=""/>
      </interface-functions>
    </interface><interface loc="43:/opt/tinyos-release-tinyos-2_1_2//tos/platforms/telosa/chips/cc2420/HplCC2420SpiC.nc" name="SpiByte" provided="1" ref="0x2b61067cd7c0">
      <component-ref nicename="HplCC2420SpiC" qname="HplCC2420SpiC"/>
      <type-interface alignment="I:2" size="I:2"><interface-ref name="SpiByte" ref="0x2b61067cd7c0" scoped=""/></type-interface>
      <instance>
        <interfacedef-ref nicename="SpiByte" qname="SpiByte"/>
      </instance>
      <interface-functions>
        <function-ref name="write" ref="0x2b61067cdb40" scoped=""/>
      </interface-functions>
    </interface><interface loc="42:/opt/tinyos-release-tinyos-2_1_2//tos/platforms/telosa/chips/cc2420/HplCC2420SpiC.nc" name="Resource" provided="1" ref="0x2b61067d0b00">
      <component-ref nicename="HplCC2420SpiC" qname="HplCC2420SpiC"/>
      <type-interface alignment="I:2" size="I:2"><interface-ref name="Resource" ref="0x2b61067d0b00" scoped=""/></type-interface>
      <instance>
        <interfacedef-ref nicename="Resource" qname="Resource"/>
      </instance>
      <interface-functions>
        <function-ref name="release" ref="0x2b61067d0e80" scoped=""/>
        <function-ref name="immediateRequest" ref="0x2b61067cd030" scoped=""/>
        <function-ref name="request" ref="0x2b61067cd1c0" scoped=""/>
        <function-ref name="granted" ref="0x2b61067cd350" scoped=""/>
        <function-ref name="isOwner" ref="0x2b61067cd4e0" scoped=""/>
      </interface-functions>
    </interface></specification><referenced><interface loc="87:/opt/tinyos-release-tinyos-2_1_2//tos/chips/msp430/usart/Msp430Spi0C.nc" name="SpiPacket" provided="1" ref="0x2b6106b2bd70">
      <component-ref nicename="HplCC2420SpiC.SpiC" qname="HplCC2420SpiC.SpiC"/>
      <type-interface alignment="I:2" size="I:2"><interface-ref name="SpiPacket" ref="0x2b6106b2bd70" scoped=""/></type-interface>
      <instance>
        <interfacedef-ref nicename="SpiPacket" qname="SpiPacket"/>
      </instance>
      <interface-functions>
        <function-ref name="send" ref="0x2b6106b2a180" scoped=""/>
        <function-ref name="sendDone" ref="0x2b6106b2a310" scoped=""/>
      </interface-functions>
    </interface><interface loc="81:/opt/tinyos-release-tinyos-2_1_2//tos/chips/msp430/usart/Msp430Spi0C.nc" name="Resource" provided="1" ref="0x2b6106b2d730">
      <component-ref nicename="HplCC2420SpiC.SpiC" qname="HplCC2420SpiC.SpiC"/>
      <type-interface alignment="I:2" size="I:2"><interface-ref name="Resource" ref="0x2b6106b2d730" scoped=""/></type-interface>
      <instance>
        <interfacedef-ref nicename="Resource" qname="Resource"/>
      </instance>
      <interface-functions>
        <function-ref name="release" ref="0x2b6106b2dab0" scoped=""/>
        <function-ref name="immediateRequest" ref="0x2b6106b2dc40" scoped=""/>
        <function-ref name="request" ref="0x2b6106b2ddd0" scoped=""/>
        <function-ref name="granted" ref="0x2b6106b2c020" scoped=""/>
        <function-ref name="isOwner" ref="0x2b6106b2c1b0" scoped=""/>
      </interface-functions>
    </interface><interface loc="83:/opt/tinyos-release-tinyos-2_1_2//tos/chips/msp430/usart/Msp430Spi0C.nc" name="SpiByte" provided="1" ref="0x2b6106b2cbe0">
      <component-ref nicename="HplCC2420SpiC.SpiC" qname="HplCC2420SpiC.SpiC"/>
      <type-interface alignment="I:2" size="I:2"><interface-ref name="SpiByte" ref="0x2b6106b2cbe0" scoped=""/></type-interface>
      <instance>
        <interfacedef-ref nicename="SpiByte" qname="SpiByte"/>
      </instance>
      <interface-functions>
        <function-ref name="write" ref="0x2b6106b2b020" scoped=""/>
      </interface-functions>
    </interface><component abstract="" loc="79(HplCC2420SpiC.SpiC):/opt/tinyos-release-tinyos-2_1_2//tos/chips/msp430/usart/Msp430Spi0C.nc" nicename="HplCC2420SpiC.SpiC" qname="HplCC2420SpiC.SpiC">
      <instance>
        <component-ref nicename="Msp430Spi0C" qname="Msp430Spi0C"/>
      </instance>
      <configuration/>
    </component></referenced></component>