<?xml version="1.0" ?><component loc="40:/opt/tinyos-release-tinyos-2_1_2//tos/platforms/telosa/chips/cc2420/HplCC2420PinsC.nc" nicename="HplCC2420PinsC" qname="HplCC2420PinsC">
      <documentation loc="32:/opt/tinyos-release-tinyos-2_1_2//tos/platforms/telosa/chips/cc2420/HplCC2420PinsC.nc">
        <short>
 HPL implementation of general-purpose I/O for the ChipCon CC2420
 radio connected to a TI MSP430 processor.</short>
        <long>
 HPL implementation of general-purpose I/O for the ChipCon CC2420
 radio connected to a TI MSP430 processor.

 @author Jonathan Hui &lt;jhui@archrock.com&gt;
 @version $Revision: 1.4 $ $Date: 2006-12-12 18:23:44 $
</long>
      </documentation>
      <configuration/>
      <wiring>
        <wire loc="73:/opt/tinyos-release-tinyos-2_1_2//tos/platforms/telosa/chips/cc2420/HplCC2420PinsC.nc">
          <from><interface-ref name="FIFO" ref="0x2b61065ba090" scoped=""/></from>
          <to><interface-ref name="GeneralIO" ref="0x2b61065a9710" scoped=""/></to>
        </wire>
        <wire loc="74:/opt/tinyos-release-tinyos-2_1_2//tos/platforms/telosa/chips/cc2420/HplCC2420PinsC.nc">
          <from><interface-ref name="FIFOP" ref="0x2b61065b9390" scoped=""/></from>
          <to><interface-ref name="GeneralIO" ref="0x2b61065a41d0" scoped=""/></to>
        </wire>
        <wire loc="75:/opt/tinyos-release-tinyos-2_1_2//tos/platforms/telosa/chips/cc2420/HplCC2420PinsC.nc">
          <from><interface-ref name="RSTN" ref="0x2b61065b86a0" scoped=""/></from>
          <to><interface-ref name="GeneralIO" ref="0x2b61065e1d70" scoped=""/></to>
        </wire>
        <wire loc="72:/opt/tinyos-release-tinyos-2_1_2//tos/platforms/telosa/chips/cc2420/HplCC2420PinsC.nc">
          <from><interface-ref name="CSN" ref="0x2b61065bce60" scoped=""/></from>
          <to><interface-ref name="GeneralIO" ref="0x2b61065aeb60" scoped=""/></to>
        </wire>
        <wire loc="77:/opt/tinyos-release-tinyos-2_1_2//tos/platforms/telosa/chips/cc2420/HplCC2420PinsC.nc">
          <from><interface-ref name="VREN" ref="0x2b61065b6ce0" scoped=""/></from>
          <to><interface-ref name="GeneralIO" ref="0x2b61065d6710" scoped=""/></to>
        </wire>
        <wire loc="71:/opt/tinyos-release-tinyos-2_1_2//tos/platforms/telosa/chips/cc2420/HplCC2420PinsC.nc">
          <from><interface-ref name="CCA" ref="0x2b6106543b30" scoped=""/></from>
          <to><interface-ref name="GeneralIO" ref="0x2b61065b3020" scoped=""/></to>
        </wire>
        <wire loc="76:/opt/tinyos-release-tinyos-2_1_2//tos/platforms/telosa/chips/cc2420/HplCC2420PinsC.nc">
          <from><interface-ref name="SFD" ref="0x2b61065b79b0" scoped=""/></from>
          <to><interface-ref name="GeneralIO" ref="0x2b61065dcb60" scoped=""/></to>
        </wire>
        <wire loc="63:/opt/tinyos-release-tinyos-2_1_2//tos/platforms/telosa/chips/cc2420/HplCC2420PinsC.nc">
          <from><interface-ref name="HplGeneralIO" ref="0x2b61065b22f0" scoped=""/></from>
          <to><interface-ref name="Port14" ref="0x2b6105fc8020" scoped=""/></to>
        </wire>
        <wire loc="64:/opt/tinyos-release-tinyos-2_1_2//tos/platforms/telosa/chips/cc2420/HplCC2420PinsC.nc">
          <from><interface-ref name="HplGeneralIO" ref="0x2b61065adde0" scoped=""/></from>
          <to><interface-ref name="Port42" ref="0x2b6105fef200" scoped=""/></to>
        </wire>
        <wire loc="65:/opt/tinyos-release-tinyos-2_1_2//tos/platforms/telosa/chips/cc2420/HplCC2420PinsC.nc">
          <from><interface-ref name="HplGeneralIO" ref="0x2b61065a8930" scoped=""/></from>
          <to><interface-ref name="Port13" ref="0x2b6105fca020" scoped=""/></to>
        </wire>
        <wire loc="66:/opt/tinyos-release-tinyos-2_1_2//tos/platforms/telosa/chips/cc2420/HplCC2420PinsC.nc">
          <from><interface-ref name="HplGeneralIO" ref="0x2b61065a3480" scoped=""/></from>
          <to><interface-ref name="Port10" ref="0x2b6105fd9020" scoped=""/></to>
        </wire>
        <wire loc="67:/opt/tinyos-release-tinyos-2_1_2//tos/platforms/telosa/chips/cc2420/HplCC2420PinsC.nc">
          <from><interface-ref name="HplGeneralIO" ref="0x2b61065df020" scoped=""/></from>
          <to><interface-ref name="Port46" ref="0x2b6106011200" scoped=""/></to>
        </wire>
        <wire loc="68:/opt/tinyos-release-tinyos-2_1_2//tos/platforms/telosa/chips/cc2420/HplCC2420PinsC.nc">
          <from><interface-ref name="HplGeneralIO" ref="0x2b61065dbde0" scoped=""/></from>
          <to><interface-ref name="Port41" ref="0x2b6105ff1200" scoped=""/></to>
        </wire>
        <wire loc="69:/opt/tinyos-release-tinyos-2_1_2//tos/platforms/telosa/chips/cc2420/HplCC2420PinsC.nc">
          <from><interface-ref name="HplGeneralIO" ref="0x2b61065d5930" scoped=""/></from>
          <to><interface-ref name="Port45" ref="0x2b6106013200" scoped=""/></to>
        </wire>
      </wiring>
    <specification><interface loc="44:/opt/tinyos-release-tinyos-2_1_2//tos/platforms/telosa/chips/cc2420/HplCC2420PinsC.nc" name="FIFO" provided="1" ref="0x2b61065ba090">
      <component-ref nicename="HplCC2420PinsC" qname="HplCC2420PinsC"/>
      <type-interface alignment="I:2" size="I:2"><interface-ref name="FIFO" ref="0x2b61065ba090" scoped=""/></type-interface>
      <instance>
        <interfacedef-ref nicename="GeneralIO" qname="GeneralIO"/>
      </instance>
      <interface-functions>
        <function-ref name="makeInput" ref="0x2b61065ba410" scoped=""/>
        <function-ref name="isInput" ref="0x2b61065ba5a0" scoped=""/>
        <function-ref name="toggle" ref="0x2b61065ba730" scoped=""/>
        <function-ref name="isOutput" ref="0x2b61065ba8c0" scoped=""/>
        <function-ref name="get" ref="0x2b61065baa50" scoped=""/>
        <function-ref name="makeOutput" ref="0x2b61065babe0" scoped=""/>
        <function-ref name="set" ref="0x2b61065bad70" scoped=""/>
        <function-ref name="clr" ref="0x2b61065b9020" scoped=""/>
      </interface-functions>
    </interface><interface loc="45:/opt/tinyos-release-tinyos-2_1_2//tos/platforms/telosa/chips/cc2420/HplCC2420PinsC.nc" name="FIFOP" provided="1" ref="0x2b61065b9390">
      <component-ref nicename="HplCC2420PinsC" qname="HplCC2420PinsC"/>
      <type-interface alignment="I:2" size="I:2"><interface-ref name="FIFOP" ref="0x2b61065b9390" scoped=""/></type-interface>
      <instance>
        <interfacedef-ref nicename="GeneralIO" qname="GeneralIO"/>
      </instance>
      <interface-functions>
        <function-ref name="makeInput" ref="0x2b61065b9710" scoped=""/>
        <function-ref name="isInput" ref="0x2b61065b98a0" scoped=""/>
        <function-ref name="toggle" ref="0x2b61065b9a30" scoped=""/>
        <function-ref name="isOutput" ref="0x2b61065b9bc0" scoped=""/>
        <function-ref name="get" ref="0x2b61065b9d50" scoped=""/>
        <function-ref name="makeOutput" ref="0x2b61065b8020" scoped=""/>
        <function-ref name="set" ref="0x2b61065b81b0" scoped=""/>
        <function-ref name="clr" ref="0x2b61065b8340" scoped=""/>
      </interface-functions>
    </interface><interface loc="46:/opt/tinyos-release-tinyos-2_1_2//tos/platforms/telosa/chips/cc2420/HplCC2420PinsC.nc" name="RSTN" provided="1" ref="0x2b61065b86a0">
      <component-ref nicename="HplCC2420PinsC" qname="HplCC2420PinsC"/>
      <type-interface alignment="I:2" size="I:2"><interface-ref name="RSTN" ref="0x2b61065b86a0" scoped=""/></type-interface>
      <instance>
        <interfacedef-ref nicename="GeneralIO" qname="GeneralIO"/>
      </instance>
      <interface-functions>
        <function-ref name="makeInput" ref="0x2b61065b8a20" scoped=""/>
        <function-ref name="isInput" ref="0x2b61065b8bb0" scoped=""/>
        <function-ref name="toggle" ref="0x2b61065b8d40" scoped=""/>
        <function-ref name="isOutput" ref="0x2b61065b7020" scoped=""/>
        <function-ref name="get" ref="0x2b61065b71b0" scoped=""/>
        <function-ref name="makeOutput" ref="0x2b61065b7340" scoped=""/>
        <function-ref name="set" ref="0x2b61065b74d0" scoped=""/>
        <function-ref name="clr" ref="0x2b61065b7660" scoped=""/>
      </interface-functions>
    </interface><interface loc="43:/opt/tinyos-release-tinyos-2_1_2//tos/platforms/telosa/chips/cc2420/HplCC2420PinsC.nc" name="CSN" provided="1" ref="0x2b61065bce60">
      <component-ref nicename="HplCC2420PinsC" qname="HplCC2420PinsC"/>
      <type-interface alignment="I:2" size="I:2"><interface-ref name="CSN" ref="0x2b61065bce60" scoped=""/></type-interface>
      <instance>
        <interfacedef-ref nicename="GeneralIO" qname="GeneralIO"/>
      </instance>
      <interface-functions>
        <function-ref name="makeInput" ref="0x2b61065bb210" scoped=""/>
        <function-ref name="isInput" ref="0x2b61065bb3a0" scoped=""/>
        <function-ref name="toggle" ref="0x2b61065bb530" scoped=""/>
        <function-ref name="isOutput" ref="0x2b61065bb6c0" scoped=""/>
        <function-ref name="get" ref="0x2b61065bb850" scoped=""/>
        <function-ref name="makeOutput" ref="0x2b61065bb9e0" scoped=""/>
        <function-ref name="set" ref="0x2b61065bbb70" scoped=""/>
        <function-ref name="clr" ref="0x2b61065bbd00" scoped=""/>
      </interface-functions>
    </interface><interface loc="48:/opt/tinyos-release-tinyos-2_1_2//tos/platforms/telosa/chips/cc2420/HplCC2420PinsC.nc" name="VREN" provided="1" ref="0x2b61065b6ce0">
      <component-ref nicename="HplCC2420PinsC" qname="HplCC2420PinsC"/>
      <type-interface alignment="I:2" size="I:2"><interface-ref name="VREN" ref="0x2b61065b6ce0" scoped=""/></type-interface>
      <instance>
        <interfacedef-ref nicename="GeneralIO" qname="GeneralIO"/>
      </instance>
      <interface-functions>
        <function-ref name="makeInput" ref="0x2b61065b50a0" scoped=""/>
        <function-ref name="isInput" ref="0x2b61065b5230" scoped=""/>
        <function-ref name="toggle" ref="0x2b61065b53c0" scoped=""/>
        <function-ref name="isOutput" ref="0x2b61065b5550" scoped=""/>
        <function-ref name="get" ref="0x2b61065b56e0" scoped=""/>
        <function-ref name="makeOutput" ref="0x2b61065b5870" scoped=""/>
        <function-ref name="set" ref="0x2b61065b5a00" scoped=""/>
        <function-ref name="clr" ref="0x2b61065b5b90" scoped=""/>
      </interface-functions>
    </interface><interface loc="42:/opt/tinyos-release-tinyos-2_1_2//tos/platforms/telosa/chips/cc2420/HplCC2420PinsC.nc" name="CCA" provided="1" ref="0x2b6106543b30">
      <component-ref nicename="HplCC2420PinsC" qname="HplCC2420PinsC"/>
      <type-interface alignment="I:2" size="I:2"><interface-ref name="CCA" ref="0x2b6106543b30" scoped=""/></type-interface>
      <instance>
        <interfacedef-ref nicename="GeneralIO" qname="GeneralIO"/>
      </instance>
      <interface-functions>
        <function-ref name="makeInput" ref="0x2b61065bc020" scoped=""/>
        <function-ref name="isInput" ref="0x2b61065bc1b0" scoped=""/>
        <function-ref name="toggle" ref="0x2b61065bc340" scoped=""/>
        <function-ref name="isOutput" ref="0x2b61065bc4d0" scoped=""/>
        <function-ref name="get" ref="0x2b61065bc660" scoped=""/>
        <function-ref name="makeOutput" ref="0x2b61065bc7f0" scoped=""/>
        <function-ref name="set" ref="0x2b61065bc980" scoped=""/>
        <function-ref name="clr" ref="0x2b61065bcb10" scoped=""/>
      </interface-functions>
    </interface><interface loc="47:/opt/tinyos-release-tinyos-2_1_2//tos/platforms/telosa/chips/cc2420/HplCC2420PinsC.nc" name="SFD" provided="1" ref="0x2b61065b79b0">
      <component-ref nicename="HplCC2420PinsC" qname="HplCC2420PinsC"/>
      <type-interface alignment="I:2" size="I:2"><interface-ref name="SFD" ref="0x2b61065b79b0" scoped=""/></type-interface>
      <instance>
        <interfacedef-ref nicename="GeneralIO" qname="GeneralIO"/>
      </instance>
      <interface-functions>
        <function-ref name="makeInput" ref="0x2b61065b7d30" scoped=""/>
        <function-ref name="isInput" ref="0x2b61065b6020" scoped=""/>
        <function-ref name="toggle" ref="0x2b61065b61b0" scoped=""/>
        <function-ref name="isOutput" ref="0x2b61065b6340" scoped=""/>
        <function-ref name="get" ref="0x2b61065b64d0" scoped=""/>
        <function-ref name="makeOutput" ref="0x2b61065b6660" scoped=""/>
        <function-ref name="set" ref="0x2b61065b67f0" scoped=""/>
        <function-ref name="clr" ref="0x2b61065b6980" scoped=""/>
      </interface-functions>
    </interface></specification><referenced><interface loc="44:/opt/tinyos-release-tinyos-2_1_2//tos/chips/msp430/pins/Msp430GpioC.nc" name="HplGeneralIO" provided="0" ref="0x2b61065d5930">
      <component-ref nicename="HplCC2420PinsC.VRENM" qname="HplCC2420PinsC.VRENM"/>
      <type-interface alignment="I:2" size="I:2"><interface-ref name="HplGeneralIO" ref="0x2b61065d5930" scoped=""/></type-interface>
      <instance>
        <interfacedef-ref nicename="HplMsp430GeneralIO" qname="HplMsp430GeneralIO"/>
      </instance>
      <interface-functions>
        <function-ref name="makeInput" ref="0x2b61065d5cb0" scoped=""/>
        <function-ref name="isInput" ref="0x2b61065d5e40" scoped=""/>
        <function-ref name="setResistor" ref="0x2b61065d4020" scoped=""/>
        <function-ref name="toggle" ref="0x2b61065d41b0" scoped=""/>
        <function-ref name="isOutput" ref="0x2b61065d4340" scoped=""/>
        <function-ref name="getResistor" ref="0x2b61065d44d0" scoped=""/>
        <function-ref name="makeOutput" ref="0x2b61065d4660" scoped=""/>
        <function-ref name="get" ref="0x2b61065d47f0" scoped=""/>
        <function-ref name="selectIOFunc" ref="0x2b61065d4980" scoped=""/>
        <function-ref name="getRaw" ref="0x2b61065d4b10" scoped=""/>
        <function-ref name="set" ref="0x2b61065d4ca0" scoped=""/>
        <function-ref name="selectModuleFunc" ref="0x2b61065d4e30" scoped=""/>
        <function-ref name="isIOFunc" ref="0x2b61065d3020" scoped=""/>
        <function-ref name="isModuleFunc" ref="0x2b61065d32b0" scoped=""/>
        <function-ref name="clr" ref="0x2b61065d3440" scoped=""/>
      </interface-functions>
    </interface><interface loc="44:/opt/tinyos-release-tinyos-2_1_2//tos/chips/msp430/pins/Msp430GpioC.nc" name="HplGeneralIO" provided="0" ref="0x2b61065a3480">
      <component-ref nicename="HplCC2420PinsC.FIFOPM" qname="HplCC2420PinsC.FIFOPM"/>
      <type-interface alignment="I:2" size="I:2"><interface-ref name="HplGeneralIO" ref="0x2b61065a3480" scoped=""/></type-interface>
      <instance>
        <interfacedef-ref nicename="HplMsp430GeneralIO" qname="HplMsp430GeneralIO"/>
      </instance>
      <interface-functions>
        <function-ref name="makeInput" ref="0x2b61065a3800" scoped=""/>
        <function-ref name="isInput" ref="0x2b61065a3990" scoped=""/>
        <function-ref name="setResistor" ref="0x2b61065a3b20" scoped=""/>
        <function-ref name="toggle" ref="0x2b61065a3cb0" scoped=""/>
        <function-ref name="isOutput" ref="0x2b61065a3e40" scoped=""/>
        <function-ref name="getResistor" ref="0x2b61065a2020" scoped=""/>
        <function-ref name="makeOutput" ref="0x2b61065a21b0" scoped=""/>
        <function-ref name="get" ref="0x2b61065a2340" scoped=""/>
        <function-ref name="selectIOFunc" ref="0x2b61065a24d0" scoped=""/>
        <function-ref name="getRaw" ref="0x2b61065a2660" scoped=""/>
        <function-ref name="set" ref="0x2b61065a27f0" scoped=""/>
        <function-ref name="selectModuleFunc" ref="0x2b61065a2980" scoped=""/>
        <function-ref name="isIOFunc" ref="0x2b61065a2b10" scoped=""/>
        <function-ref name="isModuleFunc" ref="0x2b61065a2da0" scoped=""/>
        <function-ref name="clr" ref="0x2b61065e2020" scoped=""/>
      </interface-functions>
    </interface><interface loc="52:/opt/tinyos-release-tinyos-2_1_2//tos/chips/msp430/pins/HplMsp430GeneralIOC.nc" name="Port13" provided="1" ref="0x2b6105fca020">
      <component-ref nicename="HplMsp430GeneralIOC" qname="HplMsp430GeneralIOC"/>
      <type-interface alignment="I:2" size="I:2"><interface-ref name="Port13" ref="0x2b6105fca020" scoped=""/></type-interface>
      <instance>
        <interfacedef-ref nicename="HplMsp430GeneralIO" qname="HplMsp430GeneralIO"/>
      </instance>
      <interface-functions>
        <function-ref name="makeInput" ref="0x2b6105fca3a0" scoped=""/>
        <function-ref name="isInput" ref="0x2b6105fca530" scoped=""/>
        <function-ref name="setResistor" ref="0x2b6105fca6c0" scoped=""/>
        <function-ref name="toggle" ref="0x2b6105fca850" scoped=""/>
        <function-ref name="isOutput" ref="0x2b6105fca9e0" scoped=""/>
        <function-ref name="getResistor" ref="0x2b6105fcab70" scoped=""/>
        <function-ref name="makeOutput" ref="0x2b6105fcad00" scoped=""/>
        <function-ref name="get" ref="0x2b6105fc9020" scoped=""/>
        <function-ref name="selectIOFunc" ref="0x2b6105fc91b0" scoped=""/>
        <function-ref name="getRaw" ref="0x2b6105fc9340" scoped=""/>
        <function-ref name="set" ref="0x2b6105fc94d0" scoped=""/>
        <function-ref name="selectModuleFunc" ref="0x2b6105fc9660" scoped=""/>
        <function-ref name="isIOFunc" ref="0x2b6105fc97f0" scoped=""/>
        <function-ref name="isModuleFunc" ref="0x2b6105fc9a80" scoped=""/>
        <function-ref name="clr" ref="0x2b6105fc9c10" scoped=""/>
      </interface-functions>
    </interface><interface loc="43:/opt/tinyos-release-tinyos-2_1_2//tos/chips/msp430/pins/Msp430GpioC.nc" name="GeneralIO" provided="1" ref="0x2b61065dcb60">
      <component-ref nicename="HplCC2420PinsC.SFDM" qname="HplCC2420PinsC.SFDM"/>
      <type-interface alignment="I:2" size="I:2"><interface-ref name="GeneralIO" ref="0x2b61065dcb60" scoped=""/></type-interface>
      <instance>
        <interfacedef-ref nicename="GeneralIO" qname="GeneralIO"/>
      </instance>
      <interface-functions>
        <function-ref name="makeInput" ref="0x2b61065db020" scoped=""/>
        <function-ref name="isInput" ref="0x2b61065db1b0" scoped=""/>
        <function-ref name="toggle" ref="0x2b61065db340" scoped=""/>
        <function-ref name="isOutput" ref="0x2b61065db4d0" scoped=""/>
        <function-ref name="get" ref="0x2b61065db660" scoped=""/>
        <function-ref name="makeOutput" ref="0x2b61065db7f0" scoped=""/>
        <function-ref name="set" ref="0x2b61065db980" scoped=""/>
        <function-ref name="clr" ref="0x2b61065dbb10" scoped=""/>
      </interface-functions>
    </interface><interface loc="43:/opt/tinyos-release-tinyos-2_1_2//tos/chips/msp430/pins/Msp430GpioC.nc" name="GeneralIO" provided="1" ref="0x2b61065aeb60">
      <component-ref nicename="HplCC2420PinsC.CSNM" qname="HplCC2420PinsC.CSNM"/>
      <type-interface alignment="I:2" size="I:2"><interface-ref name="GeneralIO" ref="0x2b61065aeb60" scoped=""/></type-interface>
      <instance>
        <interfacedef-ref nicename="GeneralIO" qname="GeneralIO"/>
      </instance>
      <interface-functions>
        <function-ref name="makeInput" ref="0x2b61065ad020" scoped=""/>
        <function-ref name="isInput" ref="0x2b61065ad1b0" scoped=""/>
        <function-ref name="toggle" ref="0x2b61065ad340" scoped=""/>
        <function-ref name="isOutput" ref="0x2b61065ad4d0" scoped=""/>
        <function-ref name="get" ref="0x2b61065ad660" scoped=""/>
        <function-ref name="makeOutput" ref="0x2b61065ad7f0" scoped=""/>
        <function-ref name="set" ref="0x2b61065ad980" scoped=""/>
        <function-ref name="clr" ref="0x2b61065adb10" scoped=""/>
      </interface-functions>
    </interface><interface loc="43:/opt/tinyos-release-tinyos-2_1_2//tos/chips/msp430/pins/Msp430GpioC.nc" name="GeneralIO" provided="1" ref="0x2b61065e1d70">
      <component-ref nicename="HplCC2420PinsC.RSTNM" qname="HplCC2420PinsC.RSTNM"/>
      <type-interface alignment="I:2" size="I:2"><interface-ref name="GeneralIO" ref="0x2b61065e1d70" scoped=""/></type-interface>
      <instance>
        <interfacedef-ref nicename="GeneralIO" qname="GeneralIO"/>
      </instance>
      <interface-functions>
        <function-ref name="makeInput" ref="0x2b61065e0180" scoped=""/>
        <function-ref name="isInput" ref="0x2b61065e0310" scoped=""/>
        <function-ref name="toggle" ref="0x2b61065e04a0" scoped=""/>
        <function-ref name="isOutput" ref="0x2b61065e0630" scoped=""/>
        <function-ref name="get" ref="0x2b61065e07c0" scoped=""/>
        <function-ref name="makeOutput" ref="0x2b61065e0950" scoped=""/>
        <function-ref name="set" ref="0x2b61065e0ae0" scoped=""/>
        <function-ref name="clr" ref="0x2b61065e0c70" scoped=""/>
      </interface-functions>
    </interface><interface loc="44:/opt/tinyos-release-tinyos-2_1_2//tos/chips/msp430/pins/Msp430GpioC.nc" name="HplGeneralIO" provided="0" ref="0x2b61065dbde0">
      <component-ref nicename="HplCC2420PinsC.SFDM" qname="HplCC2420PinsC.SFDM"/>
      <type-interface alignment="I:2" size="I:2"><interface-ref name="HplGeneralIO" ref="0x2b61065dbde0" scoped=""/></type-interface>
      <instance>
        <interfacedef-ref nicename="HplMsp430GeneralIO" qname="HplMsp430GeneralIO"/>
      </instance>
      <interface-functions>
        <function-ref name="makeInput" ref="0x2b61065d9180" scoped=""/>
        <function-ref name="isInput" ref="0x2b61065d9310" scoped=""/>
        <function-ref name="setResistor" ref="0x2b61065d94a0" scoped=""/>
        <function-ref name="toggle" ref="0x2b61065d9630" scoped=""/>
        <function-ref name="isOutput" ref="0x2b61065d97c0" scoped=""/>
        <function-ref name="getResistor" ref="0x2b61065d9950" scoped=""/>
        <function-ref name="makeOutput" ref="0x2b61065d9ae0" scoped=""/>
        <function-ref name="get" ref="0x2b61065d9c70" scoped=""/>
        <function-ref name="selectIOFunc" ref="0x2b61065d9e00" scoped=""/>
        <function-ref name="getRaw" ref="0x2b61065d8020" scoped=""/>
        <function-ref name="set" ref="0x2b61065d81b0" scoped=""/>
        <function-ref name="selectModuleFunc" ref="0x2b61065d8340" scoped=""/>
        <function-ref name="isIOFunc" ref="0x2b61065d84d0" scoped=""/>
        <function-ref name="isModuleFunc" ref="0x2b61065d8760" scoped=""/>
        <function-ref name="clr" ref="0x2b61065d88f0" scoped=""/>
      </interface-functions>
    </interface><interface loc="84:/opt/tinyos-release-tinyos-2_1_2//tos/chips/msp430/pins/HplMsp430GeneralIOC.nc" name="Port42" provided="1" ref="0x2b6105fef200">
      <component-ref nicename="HplMsp430GeneralIOC" qname="HplMsp430GeneralIOC"/>
      <type-interface alignment="I:2" size="I:2"><interface-ref name="Port42" ref="0x2b6105fef200" scoped=""/></type-interface>
      <instance>
        <interfacedef-ref nicename="HplMsp430GeneralIO" qname="HplMsp430GeneralIO"/>
      </instance>
      <interface-functions>
        <function-ref name="makeInput" ref="0x2b6105fef580" scoped=""/>
        <function-ref name="isInput" ref="0x2b6105fef710" scoped=""/>
        <function-ref name="setResistor" ref="0x2b6105fef8a0" scoped=""/>
        <function-ref name="toggle" ref="0x2b6105fefa30" scoped=""/>
        <function-ref name="isOutput" ref="0x2b6105fefbc0" scoped=""/>
        <function-ref name="getResistor" ref="0x2b6105fefd50" scoped=""/>
        <function-ref name="makeOutput" ref="0x2b6106018020" scoped=""/>
        <function-ref name="get" ref="0x2b61060181b0" scoped=""/>
        <function-ref name="selectIOFunc" ref="0x2b6106018340" scoped=""/>
        <function-ref name="getRaw" ref="0x2b61060184d0" scoped=""/>
        <function-ref name="set" ref="0x2b6106018660" scoped=""/>
        <function-ref name="selectModuleFunc" ref="0x2b61060187f0" scoped=""/>
        <function-ref name="isIOFunc" ref="0x2b6106018980" scoped=""/>
        <function-ref name="isModuleFunc" ref="0x2b6106018c10" scoped=""/>
        <function-ref name="clr" ref="0x2b6106018da0" scoped=""/>
      </interface-functions>
    </interface><interface loc="87:/opt/tinyos-release-tinyos-2_1_2//tos/chips/msp430/pins/HplMsp430GeneralIOC.nc" name="Port45" provided="1" ref="0x2b6106013200">
      <component-ref nicename="HplMsp430GeneralIOC" qname="HplMsp430GeneralIOC"/>
      <type-interface alignment="I:2" size="I:2"><interface-ref name="Port45" ref="0x2b6106013200" scoped=""/></type-interface>
      <instance>
        <interfacedef-ref nicename="HplMsp430GeneralIO" qname="HplMsp430GeneralIO"/>
      </instance>
      <interface-functions>
        <function-ref name="makeInput" ref="0x2b6106013580" scoped=""/>
        <function-ref name="isInput" ref="0x2b6106013710" scoped=""/>
        <function-ref name="setResistor" ref="0x2b61060138a0" scoped=""/>
        <function-ref name="toggle" ref="0x2b6106013a30" scoped=""/>
        <function-ref name="isOutput" ref="0x2b6106013bc0" scoped=""/>
        <function-ref name="getResistor" ref="0x2b6106013d50" scoped=""/>
        <function-ref name="makeOutput" ref="0x2b6106012020" scoped=""/>
        <function-ref name="get" ref="0x2b61060121b0" scoped=""/>
        <function-ref name="selectIOFunc" ref="0x2b6106012340" scoped=""/>
        <function-ref name="getRaw" ref="0x2b61060124d0" scoped=""/>
        <function-ref name="set" ref="0x2b6106012660" scoped=""/>
        <function-ref name="selectModuleFunc" ref="0x2b61060127f0" scoped=""/>
        <function-ref name="isIOFunc" ref="0x2b6106012980" scoped=""/>
        <function-ref name="isModuleFunc" ref="0x2b6106012c10" scoped=""/>
        <function-ref name="clr" ref="0x2b6106012da0" scoped=""/>
      </interface-functions>
    </interface><interface loc="44:/opt/tinyos-release-tinyos-2_1_2//tos/chips/msp430/pins/Msp430GpioC.nc" name="HplGeneralIO" provided="0" ref="0x2b61065a8930">
      <component-ref nicename="HplCC2420PinsC.FIFOM" qname="HplCC2420PinsC.FIFOM"/>
      <type-interface alignment="I:2" size="I:2"><interface-ref name="HplGeneralIO" ref="0x2b61065a8930" scoped=""/></type-interface>
      <instance>
        <interfacedef-ref nicename="HplMsp430GeneralIO" qname="HplMsp430GeneralIO"/>
      </instance>
      <interface-functions>
        <function-ref name="makeInput" ref="0x2b61065a8cb0" scoped=""/>
        <function-ref name="isInput" ref="0x2b61065a8e40" scoped=""/>
        <function-ref name="setResistor" ref="0x2b61065a7020" scoped=""/>
        <function-ref name="toggle" ref="0x2b61065a71b0" scoped=""/>
        <function-ref name="isOutput" ref="0x2b61065a7340" scoped=""/>
        <function-ref name="getResistor" ref="0x2b61065a74d0" scoped=""/>
        <function-ref name="makeOutput" ref="0x2b61065a7660" scoped=""/>
        <function-ref name="get" ref="0x2b61065a77f0" scoped=""/>
        <function-ref name="selectIOFunc" ref="0x2b61065a7980" scoped=""/>
        <function-ref name="getRaw" ref="0x2b61065a7b10" scoped=""/>
        <function-ref name="set" ref="0x2b61065a7ca0" scoped=""/>
        <function-ref name="selectModuleFunc" ref="0x2b61065a7e30" scoped=""/>
        <function-ref name="isIOFunc" ref="0x2b61065a6020" scoped=""/>
        <function-ref name="isModuleFunc" ref="0x2b61065a62b0" scoped=""/>
        <function-ref name="clr" ref="0x2b61065a6440" scoped=""/>
      </interface-functions>
    </interface><interface loc="44:/opt/tinyos-release-tinyos-2_1_2//tos/chips/msp430/pins/Msp430GpioC.nc" name="HplGeneralIO" provided="0" ref="0x2b61065adde0">
      <component-ref nicename="HplCC2420PinsC.CSNM" qname="HplCC2420PinsC.CSNM"/>
      <type-interface alignment="I:2" size="I:2"><interface-ref name="HplGeneralIO" ref="0x2b61065adde0" scoped=""/></type-interface>
      <instance>
        <interfacedef-ref nicename="HplMsp430GeneralIO" qname="HplMsp430GeneralIO"/>
      </instance>
      <interface-functions>
        <function-ref name="makeInput" ref="0x2b61065ac180" scoped=""/>
        <function-ref name="isInput" ref="0x2b61065ac310" scoped=""/>
        <function-ref name="setResistor" ref="0x2b61065ac4a0" scoped=""/>
        <function-ref name="toggle" ref="0x2b61065ac630" scoped=""/>
        <function-ref name="isOutput" ref="0x2b61065ac7c0" scoped=""/>
        <function-ref name="getResistor" ref="0x2b61065ac950" scoped=""/>
        <function-ref name="makeOutput" ref="0x2b61065acae0" scoped=""/>
        <function-ref name="get" ref="0x2b61065acc70" scoped=""/>
        <function-ref name="selectIOFunc" ref="0x2b61065ace00" scoped=""/>
        <function-ref name="getRaw" ref="0x2b61065ab020" scoped=""/>
        <function-ref name="set" ref="0x2b61065ab1b0" scoped=""/>
        <function-ref name="selectModuleFunc" ref="0x2b61065ab340" scoped=""/>
        <function-ref name="isIOFunc" ref="0x2b61065ab4d0" scoped=""/>
        <function-ref name="isModuleFunc" ref="0x2b61065ab760" scoped=""/>
        <function-ref name="clr" ref="0x2b61065ab8f0" scoped=""/>
      </interface-functions>
    </interface><interface loc="44:/opt/tinyos-release-tinyos-2_1_2//tos/chips/msp430/pins/Msp430GpioC.nc" name="HplGeneralIO" provided="0" ref="0x2b61065df020">
      <component-ref nicename="HplCC2420PinsC.RSTNM" qname="HplCC2420PinsC.RSTNM"/>
      <type-interface alignment="I:2" size="I:2"><interface-ref name="HplGeneralIO" ref="0x2b61065df020" scoped=""/></type-interface>
      <instance>
        <interfacedef-ref nicename="HplMsp430GeneralIO" qname="HplMsp430GeneralIO"/>
      </instance>
      <interface-functions>
        <function-ref name="makeInput" ref="0x2b61065df3a0" scoped=""/>
        <function-ref name="isInput" ref="0x2b61065df530" scoped=""/>
        <function-ref name="setResistor" ref="0x2b61065df6c0" scoped=""/>
        <function-ref name="toggle" ref="0x2b61065df850" scoped=""/>
        <function-ref name="isOutput" ref="0x2b61065df9e0" scoped=""/>
        <function-ref name="getResistor" ref="0x2b61065dfb70" scoped=""/>
        <function-ref name="makeOutput" ref="0x2b61065dfd00" scoped=""/>
        <function-ref name="get" ref="0x2b61065de020" scoped=""/>
        <function-ref name="selectIOFunc" ref="0x2b61065de1b0" scoped=""/>
        <function-ref name="getRaw" ref="0x2b61065de340" scoped=""/>
        <function-ref name="set" ref="0x2b61065de4d0" scoped=""/>
        <function-ref name="selectModuleFunc" ref="0x2b61065de660" scoped=""/>
        <function-ref name="isIOFunc" ref="0x2b61065de7f0" scoped=""/>
        <function-ref name="isModuleFunc" ref="0x2b61065dea80" scoped=""/>
        <function-ref name="clr" ref="0x2b61065dec10" scoped=""/>
      </interface-functions>
    </interface><interface loc="83:/opt/tinyos-release-tinyos-2_1_2//tos/chips/msp430/pins/HplMsp430GeneralIOC.nc" name="Port41" provided="1" ref="0x2b6105ff1200">
      <component-ref nicename="HplMsp430GeneralIOC" qname="HplMsp430GeneralIOC"/>
      <type-interface alignment="I:2" size="I:2"><interface-ref name="Port41" ref="0x2b6105ff1200" scoped=""/></type-interface>
      <instance>
        <interfacedef-ref nicename="HplMsp430GeneralIO" qname="HplMsp430GeneralIO"/>
      </instance>
      <interface-functions>
        <function-ref name="makeInput" ref="0x2b6105ff1580" scoped=""/>
        <function-ref name="isInput" ref="0x2b6105ff1710" scoped=""/>
        <function-ref name="setResistor" ref="0x2b6105ff18a0" scoped=""/>
        <function-ref name="toggle" ref="0x2b6105ff1a30" scoped=""/>
        <function-ref name="isOutput" ref="0x2b6105ff1bc0" scoped=""/>
        <function-ref name="getResistor" ref="0x2b6105ff1d50" scoped=""/>
        <function-ref name="makeOutput" ref="0x2b6105ff0020" scoped=""/>
        <function-ref name="get" ref="0x2b6105ff01b0" scoped=""/>
        <function-ref name="selectIOFunc" ref="0x2b6105ff0340" scoped=""/>
        <function-ref name="getRaw" ref="0x2b6105ff04d0" scoped=""/>
        <function-ref name="set" ref="0x2b6105ff0660" scoped=""/>
        <function-ref name="selectModuleFunc" ref="0x2b6105ff07f0" scoped=""/>
        <function-ref name="isIOFunc" ref="0x2b6105ff0980" scoped=""/>
        <function-ref name="isModuleFunc" ref="0x2b6105ff0c10" scoped=""/>
        <function-ref name="clr" ref="0x2b6105ff0da0" scoped=""/>
      </interface-functions>
    </interface><interface loc="43:/opt/tinyos-release-tinyos-2_1_2//tos/chips/msp430/pins/Msp430GpioC.nc" name="GeneralIO" provided="1" ref="0x2b61065d6710">
      <component-ref nicename="HplCC2420PinsC.VRENM" qname="HplCC2420PinsC.VRENM"/>
      <type-interface alignment="I:2" size="I:2"><interface-ref name="GeneralIO" ref="0x2b61065d6710" scoped=""/></type-interface>
      <instance>
        <interfacedef-ref nicename="GeneralIO" qname="GeneralIO"/>
      </instance>
      <interface-functions>
        <function-ref name="makeInput" ref="0x2b61065d6a90" scoped=""/>
        <function-ref name="isInput" ref="0x2b61065d6c20" scoped=""/>
        <function-ref name="toggle" ref="0x2b61065d6db0" scoped=""/>
        <function-ref name="isOutput" ref="0x2b61065d5020" scoped=""/>
        <function-ref name="get" ref="0x2b61065d51b0" scoped=""/>
        <function-ref name="makeOutput" ref="0x2b61065d5340" scoped=""/>
        <function-ref name="set" ref="0x2b61065d54d0" scoped=""/>
        <function-ref name="clr" ref="0x2b61065d5660" scoped=""/>
      </interface-functions>
    </interface><interface loc="53:/opt/tinyos-release-tinyos-2_1_2//tos/chips/msp430/pins/HplMsp430GeneralIOC.nc" name="Port14" provided="1" ref="0x2b6105fc8020">
      <component-ref nicename="HplMsp430GeneralIOC" qname="HplMsp430GeneralIOC"/>
      <type-interface alignment="I:2" size="I:2"><interface-ref name="Port14" ref="0x2b6105fc8020" scoped=""/></type-interface>
      <instance>
        <interfacedef-ref nicename="HplMsp430GeneralIO" qname="HplMsp430GeneralIO"/>
      </instance>
      <interface-functions>
        <function-ref name="makeInput" ref="0x2b6105fc83a0" scoped=""/>
        <function-ref name="isInput" ref="0x2b6105fc8530" scoped=""/>
        <function-ref name="setResistor" ref="0x2b6105fc86c0" scoped=""/>
        <function-ref name="toggle" ref="0x2b6105fc8850" scoped=""/>
        <function-ref name="isOutput" ref="0x2b6105fc89e0" scoped=""/>
        <function-ref name="getResistor" ref="0x2b6105fc8b70" scoped=""/>
        <function-ref name="makeOutput" ref="0x2b6105fc8d00" scoped=""/>
        <function-ref name="get" ref="0x2b6105fc7020" scoped=""/>
        <function-ref name="selectIOFunc" ref="0x2b6105fc71b0" scoped=""/>
        <function-ref name="getRaw" ref="0x2b6105fc7340" scoped=""/>
        <function-ref name="set" ref="0x2b6105fc74d0" scoped=""/>
        <function-ref name="selectModuleFunc" ref="0x2b6105fc7660" scoped=""/>
        <function-ref name="isIOFunc" ref="0x2b6105fc77f0" scoped=""/>
        <function-ref name="isModuleFunc" ref="0x2b6105fc7a80" scoped=""/>
        <function-ref name="clr" ref="0x2b6105fc7c10" scoped=""/>
      </interface-functions>
    </interface><interface loc="44:/opt/tinyos-release-tinyos-2_1_2//tos/chips/msp430/pins/Msp430GpioC.nc" name="HplGeneralIO" provided="0" ref="0x2b61065b22f0">
      <component-ref nicename="HplCC2420PinsC.CCAM" qname="HplCC2420PinsC.CCAM"/>
      <type-interface alignment="I:2" size="I:2"><interface-ref name="HplGeneralIO" ref="0x2b61065b22f0" scoped=""/></type-interface>
      <instance>
        <interfacedef-ref nicename="HplMsp430GeneralIO" qname="HplMsp430GeneralIO"/>
      </instance>
      <interface-functions>
        <function-ref name="makeInput" ref="0x2b61065b2670" scoped=""/>
        <function-ref name="isInput" ref="0x2b61065b2800" scoped=""/>
        <function-ref name="setResistor" ref="0x2b61065b2990" scoped=""/>
        <function-ref name="toggle" ref="0x2b61065b2b20" scoped=""/>
        <function-ref name="isOutput" ref="0x2b61065b2cb0" scoped=""/>
        <function-ref name="getResistor" ref="0x2b61065b2e40" scoped=""/>
        <function-ref name="makeOutput" ref="0x2b61065b1020" scoped=""/>
        <function-ref name="get" ref="0x2b61065b11b0" scoped=""/>
        <function-ref name="selectIOFunc" ref="0x2b61065b1340" scoped=""/>
        <function-ref name="getRaw" ref="0x2b61065b14d0" scoped=""/>
        <function-ref name="set" ref="0x2b61065b1660" scoped=""/>
        <function-ref name="selectModuleFunc" ref="0x2b61065b17f0" scoped=""/>
        <function-ref name="isIOFunc" ref="0x2b61065b1980" scoped=""/>
        <function-ref name="isModuleFunc" ref="0x2b61065b1c10" scoped=""/>
        <function-ref name="clr" ref="0x2b61065b1da0" scoped=""/>
      </interface-functions>
    </interface><interface loc="43:/opt/tinyos-release-tinyos-2_1_2//tos/chips/msp430/pins/Msp430GpioC.nc" name="GeneralIO" provided="1" ref="0x2b61065a41d0">
      <component-ref nicename="HplCC2420PinsC.FIFOPM" qname="HplCC2420PinsC.FIFOPM"/>
      <type-interface alignment="I:2" size="I:2"><interface-ref name="GeneralIO" ref="0x2b61065a41d0" scoped=""/></type-interface>
      <instance>
        <interfacedef-ref nicename="GeneralIO" qname="GeneralIO"/>
      </instance>
      <interface-functions>
        <function-ref name="makeInput" ref="0x2b61065a4550" scoped=""/>
        <function-ref name="isInput" ref="0x2b61065a46e0" scoped=""/>
        <function-ref name="toggle" ref="0x2b61065a4870" scoped=""/>
        <function-ref name="isOutput" ref="0x2b61065a4a00" scoped=""/>
        <function-ref name="get" ref="0x2b61065a4b90" scoped=""/>
        <function-ref name="makeOutput" ref="0x2b61065a4d20" scoped=""/>
        <function-ref name="set" ref="0x2b61065a3020" scoped=""/>
        <function-ref name="clr" ref="0x2b61065a31b0" scoped=""/>
      </interface-functions>
    </interface><interface loc="43:/opt/tinyos-release-tinyos-2_1_2//tos/chips/msp430/pins/Msp430GpioC.nc" name="GeneralIO" provided="1" ref="0x2b61065a9710">
      <component-ref nicename="HplCC2420PinsC.FIFOM" qname="HplCC2420PinsC.FIFOM"/>
      <type-interface alignment="I:2" size="I:2"><interface-ref name="GeneralIO" ref="0x2b61065a9710" scoped=""/></type-interface>
      <instance>
        <interfacedef-ref nicename="GeneralIO" qname="GeneralIO"/>
      </instance>
      <interface-functions>
        <function-ref name="makeInput" ref="0x2b61065a9a90" scoped=""/>
        <function-ref name="isInput" ref="0x2b61065a9c20" scoped=""/>
        <function-ref name="toggle" ref="0x2b61065a9db0" scoped=""/>
        <function-ref name="isOutput" ref="0x2b61065a8020" scoped=""/>
        <function-ref name="get" ref="0x2b61065a81b0" scoped=""/>
        <function-ref name="makeOutput" ref="0x2b61065a8340" scoped=""/>
        <function-ref name="set" ref="0x2b61065a84d0" scoped=""/>
        <function-ref name="clr" ref="0x2b61065a8660" scoped=""/>
      </interface-functions>
    </interface><interface loc="43:/opt/tinyos-release-tinyos-2_1_2//tos/chips/msp430/pins/Msp430GpioC.nc" name="GeneralIO" provided="1" ref="0x2b61065b3020">
      <component-ref nicename="HplCC2420PinsC.CCAM" qname="HplCC2420PinsC.CCAM"/>
      <type-interface alignment="I:2" size="I:2"><interface-ref name="GeneralIO" ref="0x2b61065b3020" scoped=""/></type-interface>
      <instance>
        <interfacedef-ref nicename="GeneralIO" qname="GeneralIO"/>
      </instance>
      <interface-functions>
        <function-ref name="makeInput" ref="0x2b61065b33a0" scoped=""/>
        <function-ref name="isInput" ref="0x2b61065b3530" scoped=""/>
        <function-ref name="toggle" ref="0x2b61065b36c0" scoped=""/>
        <function-ref name="isOutput" ref="0x2b61065b3850" scoped=""/>
        <function-ref name="get" ref="0x2b61065b39e0" scoped=""/>
        <function-ref name="makeOutput" ref="0x2b61065b3b70" scoped=""/>
        <function-ref name="set" ref="0x2b61065b3d00" scoped=""/>
        <function-ref name="clr" ref="0x2b61065b2020" scoped=""/>
      </interface-functions>
    </interface><interface loc="49:/opt/tinyos-release-tinyos-2_1_2//tos/chips/msp430/pins/HplMsp430GeneralIOC.nc" name="Port10" provided="1" ref="0x2b6105fd9020">
      <component-ref nicename="HplMsp430GeneralIOC" qname="HplMsp430GeneralIOC"/>
      <type-interface alignment="I:2" size="I:2"><interface-ref name="Port10" ref="0x2b6105fd9020" scoped=""/></type-interface>
      <instance>
        <interfacedef-ref nicename="HplMsp430GeneralIO" qname="HplMsp430GeneralIO"/>
      </instance>
      <interface-functions>
        <function-ref name="makeInput" ref="0x2b6105fd93a0" scoped=""/>
        <function-ref name="isInput" ref="0x2b6105fd9530" scoped=""/>
        <function-ref name="setResistor" ref="0x2b6105fd96c0" scoped=""/>
        <function-ref name="toggle" ref="0x2b6105fd9850" scoped=""/>
        <function-ref name="isOutput" ref="0x2b6105fd99e0" scoped=""/>
        <function-ref name="getResistor" ref="0x2b6105fd9b70" scoped=""/>
        <function-ref name="makeOutput" ref="0x2b6105fd9d00" scoped=""/>
        <function-ref name="get" ref="0x2b6105fd8020" scoped=""/>
        <function-ref name="selectIOFunc" ref="0x2b6105fd81b0" scoped=""/>
        <function-ref name="getRaw" ref="0x2b6105fd8340" scoped=""/>
        <function-ref name="set" ref="0x2b6105fd84d0" scoped=""/>
        <function-ref name="selectModuleFunc" ref="0x2b6105fd8660" scoped=""/>
        <function-ref name="isIOFunc" ref="0x2b6105fd87f0" scoped=""/>
        <function-ref name="isModuleFunc" ref="0x2b6105fd8a80" scoped=""/>
        <function-ref name="clr" ref="0x2b6105fd8c10" scoped=""/>
      </interface-functions>
    </interface><interface loc="88:/opt/tinyos-release-tinyos-2_1_2//tos/chips/msp430/pins/HplMsp430GeneralIOC.nc" name="Port46" provided="1" ref="0x2b6106011200">
      <component-ref nicename="HplMsp430GeneralIOC" qname="HplMsp430GeneralIOC"/>
      <type-interface alignment="I:2" size="I:2"><interface-ref name="Port46" ref="0x2b6106011200" scoped=""/></type-interface>
      <instance>
        <interfacedef-ref nicename="HplMsp430GeneralIO" qname="HplMsp430GeneralIO"/>
      </instance>
      <interface-functions>
        <function-ref name="makeInput" ref="0x2b6106011580" scoped=""/>
        <function-ref name="isInput" ref="0x2b6106011710" scoped=""/>
        <function-ref name="setResistor" ref="0x2b61060118a0" scoped=""/>
        <function-ref name="toggle" ref="0x2b6106011a30" scoped=""/>
        <function-ref name="isOutput" ref="0x2b6106011bc0" scoped=""/>
        <function-ref name="getResistor" ref="0x2b6106011d50" scoped=""/>
        <function-ref name="makeOutput" ref="0x2b6106010020" scoped=""/>
        <function-ref name="get" ref="0x2b61060101b0" scoped=""/>
        <function-ref name="selectIOFunc" ref="0x2b6106010340" scoped=""/>
        <function-ref name="getRaw" ref="0x2b61060104d0" scoped=""/>
        <function-ref name="set" ref="0x2b6106010660" scoped=""/>
        <function-ref name="selectModuleFunc" ref="0x2b61060107f0" scoped=""/>
        <function-ref name="isIOFunc" ref="0x2b6106010980" scoped=""/>
        <function-ref name="isModuleFunc" ref="0x2b6106010c10" scoped=""/>
        <function-ref name="clr" ref="0x2b6106010da0" scoped=""/>
      </interface-functions>
    </interface><component loc="42(HplCC2420PinsC.VRENM):/opt/tinyos-release-tinyos-2_1_2//tos/chips/msp430/pins/Msp430GpioC.nc" nicename="HplCC2420PinsC.VRENM" qname="HplCC2420PinsC.VRENM">
      <documentation loc="33:/opt/tinyos-release-tinyos-2_1_2//tos/chips/msp430/pins/Msp430GpioC.nc">
        <short>
 Implementation of the general-purpose I/O abstraction
 for the TI MSP430 microcontroller.</short>
        <long>
 Implementation of the general-purpose I/O abstraction
 for the TI MSP430 microcontroller.

 @author Joe Polastre
 @see  Please refer to TEP 117 for more information about this component and its
          intended use.
</long>
      </documentation>
      <instance number="9">
        <component-ref nicename="Msp430GpioC" qname="Msp430GpioC"/>
      </instance>
      <module/>
    </component><component loc="42(HplCC2420PinsC.CSNM):/opt/tinyos-release-tinyos-2_1_2//tos/chips/msp430/pins/Msp430GpioC.nc" nicename="HplCC2420PinsC.CSNM" qname="HplCC2420PinsC.CSNM">
      <documentation loc="33:/opt/tinyos-release-tinyos-2_1_2//tos/chips/msp430/pins/Msp430GpioC.nc">
        <short>
 Implementation of the general-purpose I/O abstraction
 for the TI MSP430 microcontroller.</short>
        <long>
 Implementation of the general-purpose I/O abstraction
 for the TI MSP430 microcontroller.

 @author Joe Polastre
 @see  Please refer to TEP 117 for more information about this component and its
          intended use.
</long>
      </documentation>
      <instance number="4">
        <component-ref nicename="Msp430GpioC" qname="Msp430GpioC"/>
      </instance>
      <module/>
    </component><component loc="42(HplCC2420PinsC.FIFOPM):/opt/tinyos-release-tinyos-2_1_2//tos/chips/msp430/pins/Msp430GpioC.nc" nicename="HplCC2420PinsC.FIFOPM" qname="HplCC2420PinsC.FIFOPM">
      <documentation loc="33:/opt/tinyos-release-tinyos-2_1_2//tos/chips/msp430/pins/Msp430GpioC.nc">
        <short>
 Implementation of the general-purpose I/O abstraction
 for the TI MSP430 microcontroller.</short>
        <long>
 Implementation of the general-purpose I/O abstraction
 for the TI MSP430 microcontroller.

 @author Joe Polastre
 @see  Please refer to TEP 117 for more information about this component and its
          intended use.
</long>
      </documentation>
      <instance number="6">
        <component-ref nicename="Msp430GpioC" qname="Msp430GpioC"/>
      </instance>
      <module/>
    </component><component loc="42(HplCC2420PinsC.CCAM):/opt/tinyos-release-tinyos-2_1_2//tos/chips/msp430/pins/Msp430GpioC.nc" nicename="HplCC2420PinsC.CCAM" qname="HplCC2420PinsC.CCAM">
      <documentation loc="33:/opt/tinyos-release-tinyos-2_1_2//tos/chips/msp430/pins/Msp430GpioC.nc">
        <short>
 Implementation of the general-purpose I/O abstraction
 for the TI MSP430 microcontroller.</short>
        <long>
 Implementation of the general-purpose I/O abstraction
 for the TI MSP430 microcontroller.

 @author Joe Polastre
 @see  Please refer to TEP 117 for more information about this component and its
          intended use.
</long>
      </documentation>
      <instance number="3">
        <component-ref nicename="Msp430GpioC" qname="Msp430GpioC"/>
      </instance>
      <module/>
    </component><component loc="42(HplCC2420PinsC.FIFOM):/opt/tinyos-release-tinyos-2_1_2//tos/chips/msp430/pins/Msp430GpioC.nc" nicename="HplCC2420PinsC.FIFOM" qname="HplCC2420PinsC.FIFOM">
      <documentation loc="33:/opt/tinyos-release-tinyos-2_1_2//tos/chips/msp430/pins/Msp430GpioC.nc">
        <short>
 Implementation of the general-purpose I/O abstraction
 for the TI MSP430 microcontroller.</short>
        <long>
 Implementation of the general-purpose I/O abstraction
 for the TI MSP430 microcontroller.

 @author Joe Polastre
 @see  Please refer to TEP 117 for more information about this component and its
          intended use.
</long>
      </documentation>
      <instance number="5">
        <component-ref nicename="Msp430GpioC" qname="Msp430GpioC"/>
      </instance>
      <module/>
    </component><component loc="42(HplCC2420PinsC.SFDM):/opt/tinyos-release-tinyos-2_1_2//tos/chips/msp430/pins/Msp430GpioC.nc" nicename="HplCC2420PinsC.SFDM" qname="HplCC2420PinsC.SFDM">
      <documentation loc="33:/opt/tinyos-release-tinyos-2_1_2//tos/chips/msp430/pins/Msp430GpioC.nc">
        <short>
 Implementation of the general-purpose I/O abstraction
 for the TI MSP430 microcontroller.</short>
        <long>
 Implementation of the general-purpose I/O abstraction
 for the TI MSP430 microcontroller.

 @author Joe Polastre
 @see  Please refer to TEP 117 for more information about this component and its
          intended use.
</long>
      </documentation>
      <instance number="8">
        <component-ref nicename="Msp430GpioC" qname="Msp430GpioC"/>
      </instance>
      <module/>
    </component><component loc="45:/opt/tinyos-release-tinyos-2_1_2//tos/chips/msp430/pins/HplMsp430GeneralIOC.nc" nicename="HplMsp430GeneralIOC" qname="HplMsp430GeneralIOC">
      <documentation loc="35:/opt/tinyos-release-tinyos-2_1_2//tos/chips/msp430/pins/HplMsp430GeneralIOC.nc">
        <short>
 HPL for the TI MSP430 family of microprocessors.</short>
        <long>
 HPL for the TI MSP430 family of microprocessors. This provides an
 abstraction for general-purpose I/O.

 @author Joe Polastre
 @author Xavier Orduna &lt;xorduna@dexmatech.com&gt;
 @author Peter A. Bigot &lt;pab@peoplepowerco.com&gt;
 @author Eric B. Decker &lt;cire831@gmail.com&gt;
</long>
      </documentation>
      <configuration/>
      <wiring>
        <wire loc="442:/opt/tinyos-release-tinyos-2_1_2//tos/chips/msp430/pins/HplMsp430GeneralIOC.nc">
          <from><interface-ref name="Port14" ref="0x2b6105fc8020" scoped=""/></from>
          <to><interface-ref name="IO" ref="0x2b61060a9100" scoped=""/></to>
        </wire>
        <wire loc="455:/opt/tinyos-release-tinyos-2_1_2//tos/chips/msp430/pins/HplMsp430GeneralIOC.nc">
          <from><interface-ref name="Port26" ref="0x2b6105fdd020" scoped=""/></from>
          <to><interface-ref name="IO" ref="0x2b61060d3d10" scoped=""/></to>
        </wire>
        <wire loc="531:/opt/tinyos-release-tinyos-2_1_2//tos/chips/msp430/pins/HplMsp430GeneralIOC.nc">
          <from><interface-ref name="SDA" ref="0x2b610603c560" scoped=""/></from>
          <to><interface-ref name="IO" ref="0x2b61060f2d10" scoped=""/></to>
        </wire>
        <wire loc="551:/opt/tinyos-release-tinyos-2_1_2//tos/chips/msp430/pins/HplMsp430GeneralIOC.nc">
          <from><interface-ref name="ADC6" ref="0x2b610606e570" scoped=""/></from>
          <to><interface-ref name="IO" ref="0x2b6106180100" scoped=""/></to>
        </wire>
        <wire loc="532:/opt/tinyos-release-tinyos-2_1_2//tos/chips/msp430/pins/HplMsp430GeneralIOC.nc">
          <from><interface-ref name="SOMI0" ref="0x2b610603a580" scoped=""/></from>
          <to><interface-ref name="IO" ref="0x2b61060ed740" scoped=""/></to>
        </wire>
        <wire loc="460:/opt/tinyos-release-tinyos-2_1_2//tos/chips/msp430/pins/HplMsp430GeneralIOC.nc">
          <from><interface-ref name="Port30" ref="0x2b6106003020" scoped=""/></from>
          <to><interface-ref name="IO" ref="0x2b61060c9100" scoped=""/></to>
        </wire>
        <wire loc="473:/opt/tinyos-release-tinyos-2_1_2//tos/chips/msp430/pins/HplMsp430GeneralIOC.nc">
          <from><interface-ref name="Port42" ref="0x2b6105fef200" scoped=""/></from>
          <to><interface-ref name="IO" ref="0x2b61060f5e00" scoped=""/></to>
        </wire>
        <wire loc="486:/opt/tinyos-release-tinyos-2_1_2//tos/chips/msp430/pins/HplMsp430GeneralIOC.nc">
          <from><interface-ref name="Port54" ref="0x2b6106004200" scoped=""/></from>
          <to><interface-ref name="IO" ref="0x2b6106150740" scoped=""/></to>
        </wire>
        <wire loc="497:/opt/tinyos-release-tinyos-2_1_2//tos/chips/msp430/pins/HplMsp430GeneralIOC.nc">
          <from><interface-ref name="Port64" ref="0x2b610601e200" scoped=""/></from>
          <to><interface-ref name="IO" ref="0x2b610615ad10" scoped=""/></to>
        </wire>
        <wire loc="535:/opt/tinyos-release-tinyos-2_1_2//tos/chips/msp430/pins/HplMsp430GeneralIOC.nc">
          <from><interface-ref name="UTXD0" ref="0x2b6106034580" scoped=""/></from>
          <to><interface-ref name="IO" ref="0x2b61060e4d10" scoped=""/></to>
        </wire>
        <wire loc="545:/opt/tinyos-release-tinyos-2_1_2//tos/chips/msp430/pins/HplMsp430GeneralIOC.nc">
          <from><interface-ref name="ADC0" ref="0x2b610604e570" scoped=""/></from>
          <to><interface-ref name="IO" ref="0x2b610613c100" scoped=""/></to>
        </wire>
        <wire loc="557:/opt/tinyos-release-tinyos-2_1_2//tos/chips/msp430/pins/HplMsp430GeneralIOC.nc">
          <from><interface-ref name="SVSIN" ref="0x2b6106066580" scoped=""/></from>
          <to><interface-ref name="IO" ref="0x2b610617cd10" scoped=""/></to>
        </wire>
        <wire loc="445:/opt/tinyos-release-tinyos-2_1_2//tos/chips/msp430/pins/HplMsp430GeneralIOC.nc">
          <from><interface-ref name="Port17" ref="0x2b6105fec020" scoped=""/></from>
          <to><interface-ref name="IO" ref="0x2b610609b100" scoped=""/></to>
        </wire>
        <wire loc="536:/opt/tinyos-release-tinyos-2_1_2//tos/chips/msp430/pins/HplMsp430GeneralIOC.nc">
          <from><interface-ref name="URXD0" ref="0x2b6106032580" scoped=""/></from>
          <to><interface-ref name="IO" ref="0x2b61060df740" scoped=""/></to>
        </wire>
        <wire loc="450:/opt/tinyos-release-tinyos-2_1_2//tos/chips/msp430/pins/HplMsp430GeneralIOC.nc">
          <from><interface-ref name="Port21" ref="0x2b6105fe8020" scoped=""/></from>
          <to><interface-ref name="IO" ref="0x2b61060bd740" scoped=""/></to>
        </wire>
        <wire loc="463:/opt/tinyos-release-tinyos-2_1_2//tos/chips/msp430/pins/HplMsp430GeneralIOC.nc">
          <from><interface-ref name="Port33" ref="0x2b6105ffd020" scoped=""/></from>
          <to><interface-ref name="IO" ref="0x2b61060e8100" scoped=""/></to>
        </wire>
        <wire loc="476:/opt/tinyos-release-tinyos-2_1_2//tos/chips/msp430/pins/HplMsp430GeneralIOC.nc">
          <from><interface-ref name="Port45" ref="0x2b6106013200" scoped=""/></from>
          <to><interface-ref name="IO" ref="0x2b6106115d10" scoped=""/></to>
        </wire>
        <wire loc="489:/opt/tinyos-release-tinyos-2_1_2//tos/chips/msp430/pins/HplMsp430GeneralIOC.nc">
          <from><interface-ref name="Port57" ref="0x2b6106028200" scoped=""/></from>
          <to><interface-ref name="IO" ref="0x2b6106142740" scoped=""/></to>
        </wire>
        <wire loc="500:/opt/tinyos-release-tinyos-2_1_2//tos/chips/msp430/pins/HplMsp430GeneralIOC.nc">
          <from><interface-ref name="Port67" ref="0x2b6106042200" scoped=""/></from>
          <to><interface-ref name="IO" ref="0x2b610617cd10" scoped=""/></to>
        </wire>
        <wire loc="440:/opt/tinyos-release-tinyos-2_1_2//tos/chips/msp430/pins/HplMsp430GeneralIOC.nc">
          <from><interface-ref name="Port12" ref="0x2b6105fcc020" scoped=""/></from>
          <to><interface-ref name="IO" ref="0x2b6106087d10" scoped=""/></to>
        </wire>
        <wire loc="453:/opt/tinyos-release-tinyos-2_1_2//tos/chips/msp430/pins/HplMsp430GeneralIOC.nc">
          <from><interface-ref name="Port24" ref="0x2b6105fe1020" scoped=""/></from>
          <to><interface-ref name="IO" ref="0x2b61060dc860" scoped=""/></to>
        </wire>
        <wire loc="466:/opt/tinyos-release-tinyos-2_1_2//tos/chips/msp430/pins/HplMsp430GeneralIOC.nc">
          <from><interface-ref name="Port36" ref="0x2b6105ff7020" scoped=""/></from>
          <to><interface-ref name="IO" ref="0x2b6106108100" scoped=""/></to>
        </wire>
        <wire loc="530:/opt/tinyos-release-tinyos-2_1_2//tos/chips/msp430/pins/HplMsp430GeneralIOC.nc">
          <from><interface-ref name="SIMO0" ref="0x2b610603e580" scoped=""/></from>
          <to><interface-ref name="IO" ref="0x2b61060f2d10" scoped=""/></to>
        </wire>
        <wire loc="548:/opt/tinyos-release-tinyos-2_1_2//tos/chips/msp430/pins/HplMsp430GeneralIOC.nc">
          <from><interface-ref name="ADC3" ref="0x2b6106048570" scoped=""/></from>
          <to><interface-ref name="IO" ref="0x2b610615e100" scoped=""/></to>
        </wire>
        <wire loc="555:/opt/tinyos-release-tinyos-2_1_2//tos/chips/msp430/pins/HplMsp430GeneralIOC.nc">
          <from><interface-ref name="DAC1" ref="0x2b6106068570" scoped=""/></from>
          <to><interface-ref name="IO" ref="0x2b610617cd10" scoped=""/></to>
        </wire>
        <wire loc="541:/opt/tinyos-release-tinyos-2_1_2//tos/chips/msp430/pins/HplMsp430GeneralIOC.nc">
          <from><interface-ref name="UCLK1" ref="0x2b6106054580" scoped=""/></from>
          <to><interface-ref name="IO" ref="0x2b6106126d10" scoped=""/></to>
        </wire>
        <wire loc="471:/opt/tinyos-release-tinyos-2_1_2//tos/chips/msp430/pins/HplMsp430GeneralIOC.nc">
          <from><interface-ref name="Port40" ref="0x2b6105ff3020" scoped=""/></from>
          <to><interface-ref name="IO" ref="0x2b61060ffa60" scoped=""/></to>
        </wire>
        <wire loc="484:/opt/tinyos-release-tinyos-2_1_2//tos/chips/msp430/pins/HplMsp430GeneralIOC.nc">
          <from><interface-ref name="Port52" ref="0x2b6106008200" scoped=""/></from>
          <to><interface-ref name="IO" ref="0x2b610612a100" scoped=""/></to>
        </wire>
        <wire loc="495:/opt/tinyos-release-tinyos-2_1_2//tos/chips/msp430/pins/HplMsp430GeneralIOC.nc">
          <from><interface-ref name="Port62" ref="0x2b6106022200" scoped=""/></from>
          <to><interface-ref name="IO" ref="0x2b6106163740" scoped=""/></to>
        </wire>
        <wire loc="549:/opt/tinyos-release-tinyos-2_1_2//tos/chips/msp430/pins/HplMsp430GeneralIOC.nc">
          <from><interface-ref name="ADC4" ref="0x2b6106046570" scoped=""/></from>
          <to><interface-ref name="IO" ref="0x2b610615ad10" scoped=""/></to>
        </wire>
        <wire loc="538:/opt/tinyos-release-tinyos-2_1_2//tos/chips/msp430/pins/HplMsp430GeneralIOC.nc">
          <from><interface-ref name="STE1" ref="0x2b6106030570" scoped=""/></from>
          <to><interface-ref name="IO" ref="0x2b6106134d10" scoped=""/></to>
        </wire>
        <wire loc="443:/opt/tinyos-release-tinyos-2_1_2//tos/chips/msp430/pins/HplMsp430GeneralIOC.nc">
          <from><interface-ref name="Port15" ref="0x2b6105fc6020" scoped=""/></from>
          <to><interface-ref name="IO" ref="0x2b61060a5d10" scoped=""/></to>
        </wire>
        <wire loc="456:/opt/tinyos-release-tinyos-2_1_2//tos/chips/msp430/pins/HplMsp430GeneralIOC.nc">
          <from><interface-ref name="Port27" ref="0x2b6105fdb020" scoped=""/></from>
          <to><interface-ref name="IO" ref="0x2b61060ce740" scoped=""/></to>
        </wire>
        <wire loc="493:/opt/tinyos-release-tinyos-2_1_2//tos/chips/msp430/pins/HplMsp430GeneralIOC.nc">
          <from><interface-ref name="Port60" ref="0x2b6106026200" scoped=""/></from>
          <to><interface-ref name="IO" ref="0x2b610613c100" scoped=""/></to>
        </wire>
        <wire loc="461:/opt/tinyos-release-tinyos-2_1_2//tos/chips/msp430/pins/HplMsp430GeneralIOC.nc">
          <from><interface-ref name="Port31" ref="0x2b6106001020" scoped=""/></from>
          <to><interface-ref name="IO" ref="0x2b61060f2d10" scoped=""/></to>
        </wire>
        <wire loc="474:/opt/tinyos-release-tinyos-2_1_2//tos/chips/msp430/pins/HplMsp430GeneralIOC.nc">
          <from><interface-ref name="Port43" ref="0x2b6106017200" scoped=""/></from>
          <to><interface-ref name="IO" ref="0x2b610611e740" scoped=""/></to>
        </wire>
        <wire loc="487:/opt/tinyos-release-tinyos-2_1_2//tos/chips/msp430/pins/HplMsp430GeneralIOC.nc">
          <from><interface-ref name="Port55" ref="0x2b610602c200" scoped=""/></from>
          <to><interface-ref name="IO" ref="0x2b610614b100" scoped=""/></to>
        </wire>
        <wire loc="498:/opt/tinyos-release-tinyos-2_1_2//tos/chips/msp430/pins/HplMsp430GeneralIOC.nc">
          <from><interface-ref name="Port65" ref="0x2b610601c200" scoped=""/></from>
          <to><interface-ref name="IO" ref="0x2b6106155740" scoped=""/></to>
        </wire>
        <wire loc="540:/opt/tinyos-release-tinyos-2_1_2//tos/chips/msp430/pins/HplMsp430GeneralIOC.nc">
          <from><interface-ref name="SOMI1" ref="0x2b6106056580" scoped=""/></from>
          <to><interface-ref name="IO" ref="0x2b610612a100" scoped=""/></to>
        </wire>
        <wire loc="438:/opt/tinyos-release-tinyos-2_1_2//tos/chips/msp430/pins/HplMsp430GeneralIOC.nc">
          <from><interface-ref name="Port10" ref="0x2b6105fd9020" scoped=""/></from>
          <to><interface-ref name="IO" ref="0x2b61060916d0" scoped=""/></to>
        </wire>
        <wire loc="451:/opt/tinyos-release-tinyos-2_1_2//tos/chips/msp430/pins/HplMsp430GeneralIOC.nc">
          <from><interface-ref name="Port22" ref="0x2b6105fe6020" scoped=""/></from>
          <to><interface-ref name="IO" ref="0x2b61060b8100" scoped=""/></to>
        </wire>
        <wire loc="464:/opt/tinyos-release-tinyos-2_1_2//tos/chips/msp430/pins/HplMsp430GeneralIOC.nc">
          <from><interface-ref name="Port34" ref="0x2b6105ffb020" scoped=""/></from>
          <to><interface-ref name="IO" ref="0x2b61060e4d10" scoped=""/></to>
        </wire>
        <wire loc="477:/opt/tinyos-release-tinyos-2_1_2//tos/chips/msp430/pins/HplMsp430GeneralIOC.nc">
          <from><interface-ref name="Port46" ref="0x2b6106011200" scoped=""/></from>
          <to><interface-ref name="IO" ref="0x2b6106110740" scoped=""/></to>
        </wire>
        <wire loc="542:/opt/tinyos-release-tinyos-2_1_2//tos/chips/msp430/pins/HplMsp430GeneralIOC.nc">
          <from><interface-ref name="UTXD1" ref="0x2b6106052580" scoped=""/></from>
          <to><interface-ref name="IO" ref="0x2b6106108100" scoped=""/></to>
        </wire>
        <wire loc="546:/opt/tinyos-release-tinyos-2_1_2//tos/chips/msp430/pins/HplMsp430GeneralIOC.nc">
          <from><interface-ref name="ADC1" ref="0x2b610604c570" scoped=""/></from>
          <to><interface-ref name="IO" ref="0x2b6106168d10" scoped=""/></to>
        </wire>
        <wire loc="552:/opt/tinyos-release-tinyos-2_1_2//tos/chips/msp430/pins/HplMsp430GeneralIOC.nc">
          <from><interface-ref name="ADC7" ref="0x2b610606c570" scoped=""/></from>
          <to><interface-ref name="IO" ref="0x2b610617cd10" scoped=""/></to>
        </wire>
        <wire loc="482:/opt/tinyos-release-tinyos-2_1_2//tos/chips/msp430/pins/HplMsp430GeneralIOC.nc">
          <from><interface-ref name="Port50" ref="0x2b610600d200" scoped=""/></from>
          <to><interface-ref name="IO" ref="0x2b6106134d10" scoped=""/></to>
        </wire>
        <wire loc="543:/opt/tinyos-release-tinyos-2_1_2//tos/chips/msp430/pins/HplMsp430GeneralIOC.nc">
          <from><interface-ref name="URXD1" ref="0x2b6106050580" scoped=""/></from>
          <to><interface-ref name="IO" ref="0x2b6106104d10" scoped=""/></to>
        </wire>
        <wire loc="441:/opt/tinyos-release-tinyos-2_1_2//tos/chips/msp430/pins/HplMsp430GeneralIOC.nc">
          <from><interface-ref name="Port13" ref="0x2b6105fca020" scoped=""/></from>
          <to><interface-ref name="IO" ref="0x2b61060ae740" scoped=""/></to>
        </wire>
        <wire loc="454:/opt/tinyos-release-tinyos-2_1_2//tos/chips/msp430/pins/HplMsp430GeneralIOC.nc">
          <from><interface-ref name="Port25" ref="0x2b6105fdf020" scoped=""/></from>
          <to><interface-ref name="IO" ref="0x2b61060d7270" scoped=""/></to>
        </wire>
        <wire loc="467:/opt/tinyos-release-tinyos-2_1_2//tos/chips/msp430/pins/HplMsp430GeneralIOC.nc">
          <from><interface-ref name="Port37" ref="0x2b6105ff5020" scoped=""/></from>
          <to><interface-ref name="IO" ref="0x2b6106104d10" scoped=""/></to>
        </wire>
        <wire loc="539:/opt/tinyos-release-tinyos-2_1_2//tos/chips/msp430/pins/HplMsp430GeneralIOC.nc">
          <from><interface-ref name="SIMO1" ref="0x2b610602e580" scoped=""/></from>
          <to><interface-ref name="IO" ref="0x2b610612f740" scoped=""/></to>
        </wire>
        <wire loc="550:/opt/tinyos-release-tinyos-2_1_2//tos/chips/msp430/pins/HplMsp430GeneralIOC.nc">
          <from><interface-ref name="ADC5" ref="0x2b6106044570" scoped=""/></from>
          <to><interface-ref name="IO" ref="0x2b6106155740" scoped=""/></to>
        </wire>
        <wire loc="472:/opt/tinyos-release-tinyos-2_1_2//tos/chips/msp430/pins/HplMsp430GeneralIOC.nc">
          <from><interface-ref name="Port41" ref="0x2b6105ff1200" scoped=""/></from>
          <to><interface-ref name="IO" ref="0x2b61060f9460" scoped=""/></to>
        </wire>
        <wire loc="485:/opt/tinyos-release-tinyos-2_1_2//tos/chips/msp430/pins/HplMsp430GeneralIOC.nc">
          <from><interface-ref name="Port53" ref="0x2b6106006200" scoped=""/></from>
          <to><interface-ref name="IO" ref="0x2b6106126d10" scoped=""/></to>
        </wire>
        <wire loc="496:/opt/tinyos-release-tinyos-2_1_2//tos/chips/msp430/pins/HplMsp430GeneralIOC.nc">
          <from><interface-ref name="Port63" ref="0x2b6106020200" scoped=""/></from>
          <to><interface-ref name="IO" ref="0x2b610615e100" scoped=""/></to>
        </wire>
        <wire loc="444:/opt/tinyos-release-tinyos-2_1_2//tos/chips/msp430/pins/HplMsp430GeneralIOC.nc">
          <from><interface-ref name="Port16" ref="0x2b6105fee020" scoped=""/></from>
          <to><interface-ref name="IO" ref="0x2b61060a0740" scoped=""/></to>
        </wire>
        <wire loc="494:/opt/tinyos-release-tinyos-2_1_2//tos/chips/msp430/pins/HplMsp430GeneralIOC.nc">
          <from><interface-ref name="Port61" ref="0x2b6106024200" scoped=""/></from>
          <to><interface-ref name="IO" ref="0x2b6106168d10" scoped=""/></to>
        </wire>
        <wire loc="449:/opt/tinyos-release-tinyos-2_1_2//tos/chips/msp430/pins/HplMsp430GeneralIOC.nc">
          <from><interface-ref name="Port20" ref="0x2b6105fea020" scoped=""/></from>
          <to><interface-ref name="IO" ref="0x2b61060c3d10" scoped=""/></to>
        </wire>
        <wire loc="462:/opt/tinyos-release-tinyos-2_1_2//tos/chips/msp430/pins/HplMsp430GeneralIOC.nc">
          <from><interface-ref name="Port32" ref="0x2b6105fff020" scoped=""/></from>
          <to><interface-ref name="IO" ref="0x2b61060ed740" scoped=""/></to>
        </wire>
        <wire loc="475:/opt/tinyos-release-tinyos-2_1_2//tos/chips/msp430/pins/HplMsp430GeneralIOC.nc">
          <from><interface-ref name="Port44" ref="0x2b6106015200" scoped=""/></from>
          <to><interface-ref name="IO" ref="0x2b6106119100" scoped=""/></to>
        </wire>
        <wire loc="488:/opt/tinyos-release-tinyos-2_1_2//tos/chips/msp430/pins/HplMsp430GeneralIOC.nc">
          <from><interface-ref name="Port56" ref="0x2b610602a200" scoped=""/></from>
          <to><interface-ref name="IO" ref="0x2b6106147d10" scoped=""/></to>
        </wire>
        <wire loc="499:/opt/tinyos-release-tinyos-2_1_2//tos/chips/msp430/pins/HplMsp430GeneralIOC.nc">
          <from><interface-ref name="Port66" ref="0x2b610601a200" scoped=""/></from>
          <to><interface-ref name="IO" ref="0x2b6106180100" scoped=""/></to>
        </wire>
        <wire loc="439:/opt/tinyos-release-tinyos-2_1_2//tos/chips/msp430/pins/HplMsp430GeneralIOC.nc">
          <from><interface-ref name="Port11" ref="0x2b6105fce020" scoped=""/></from>
          <to><interface-ref name="IO" ref="0x2b610608c100" scoped=""/></to>
        </wire>
        <wire loc="452:/opt/tinyos-release-tinyos-2_1_2//tos/chips/msp430/pins/HplMsp430GeneralIOC.nc">
          <from><interface-ref name="Port23" ref="0x2b6105fe3020" scoped=""/></from>
          <to><interface-ref name="IO" ref="0x2b61060b4d10" scoped=""/></to>
        </wire>
        <wire loc="465:/opt/tinyos-release-tinyos-2_1_2//tos/chips/msp430/pins/HplMsp430GeneralIOC.nc">
          <from><interface-ref name="Port35" ref="0x2b6105ff9020" scoped=""/></from>
          <to><interface-ref name="IO" ref="0x2b61060df740" scoped=""/></to>
        </wire>
        <wire loc="478:/opt/tinyos-release-tinyos-2_1_2//tos/chips/msp430/pins/HplMsp430GeneralIOC.nc">
          <from><interface-ref name="Port47" ref="0x2b610600f200" scoped=""/></from>
          <to><interface-ref name="IO" ref="0x2b6106139100" scoped=""/></to>
        </wire>
        <wire loc="534:/opt/tinyos-release-tinyos-2_1_2//tos/chips/msp430/pins/HplMsp430GeneralIOC.nc">
          <from><interface-ref name="SCL" ref="0x2b6106036560" scoped=""/></from>
          <to><interface-ref name="IO" ref="0x2b61060e8100" scoped=""/></to>
        </wire>
        <wire loc="547:/opt/tinyos-release-tinyos-2_1_2//tos/chips/msp430/pins/HplMsp430GeneralIOC.nc">
          <from><interface-ref name="ADC2" ref="0x2b610604a570" scoped=""/></from>
          <to><interface-ref name="IO" ref="0x2b6106163740" scoped=""/></to>
        </wire>
        <wire loc="533:/opt/tinyos-release-tinyos-2_1_2//tos/chips/msp430/pins/HplMsp430GeneralIOC.nc">
          <from><interface-ref name="UCLK0" ref="0x2b6106038580" scoped=""/></from>
          <to><interface-ref name="IO" ref="0x2b61060e8100" scoped=""/></to>
        </wire>
        <wire loc="483:/opt/tinyos-release-tinyos-2_1_2//tos/chips/msp430/pins/HplMsp430GeneralIOC.nc">
          <from><interface-ref name="Port51" ref="0x2b610600b200" scoped=""/></from>
          <to><interface-ref name="IO" ref="0x2b610612f740" scoped=""/></to>
        </wire>
        <wire loc="554:/opt/tinyos-release-tinyos-2_1_2//tos/chips/msp430/pins/HplMsp430GeneralIOC.nc">
          <from><interface-ref name="DAC0" ref="0x2b610606a570" scoped=""/></from>
          <to><interface-ref name="IO" ref="0x2b6106180100" scoped=""/></to>
        </wire>
        <wire loc="558:/opt/tinyos-release-tinyos-2_1_2//tos/chips/msp430/pins/HplMsp430GeneralIOC.nc">
          <from><interface-ref name="SVSOUT" ref="0x2b6106064580" scoped=""/></from>
          <to><interface-ref name="IO" ref="0x2b6106142740" scoped=""/></to>
        </wire>
        <wire loc="529:/opt/tinyos-release-tinyos-2_1_2//tos/chips/msp430/pins/HplMsp430GeneralIOC.nc">
          <from><interface-ref name="STE0" ref="0x2b61060401f0" scoped=""/></from>
          <to><interface-ref name="IO" ref="0x2b61060c9100" scoped=""/></to>
        </wire>
      </wiring>
    </component><component loc="42(HplCC2420PinsC.RSTNM):/opt/tinyos-release-tinyos-2_1_2//tos/chips/msp430/pins/Msp430GpioC.nc" nicename="HplCC2420PinsC.RSTNM" qname="HplCC2420PinsC.RSTNM">
      <documentation loc="33:/opt/tinyos-release-tinyos-2_1_2//tos/chips/msp430/pins/Msp430GpioC.nc">
        <short>
 Implementation of the general-purpose I/O abstraction
 for the TI MSP430 microcontroller.</short>
        <long>
 Implementation of the general-purpose I/O abstraction
 for the TI MSP430 microcontroller.

 @author Joe Polastre
 @see  Please refer to TEP 117 for more information about this component and its
          intended use.
</long>
      </documentation>
      <instance number="7">
        <component-ref nicename="Msp430GpioC" qname="Msp430GpioC"/>
      </instance>
      <module/>
    </component></referenced></component>