<?xml version="1.0" ?><component loc="74:/opt/tinyos-release-tinyos-2_1_2//tos/chips/msp430/usart/HplMsp430Usart0C.nc" nicename="HplMsp430Usart0C" qname="HplMsp430Usart0C">
      <documentation loc="31:/opt/tinyos-release-tinyos-2_1_2//tos/chips/msp430/usart/msp430usart.h">
        <short>
 </short>
        <long>
 @author Vlado Handziski &lt;handzisk@tkn.tu-berlin.de&gt;
 @author Philipp Huppertz &lt;huppertz@tkn.tu-berlin.de&gt;
</long>
      </documentation>
      <configuration/>
      <wiring>
        <wire loc="87:/opt/tinyos-release-tinyos-2_1_2//tos/chips/msp430/usart/HplMsp430Usart0C.nc">
          <from><interface-ref name="HplMsp430I2CInterrupts" ref="0x2b61068e3980" scoped=""/></from>
          <to><interface-ref name="I2CInterrupts" ref="0x2b61068dc750" scoped=""/></to>
        </wire>
        <wire loc="86:/opt/tinyos-release-tinyos-2_1_2//tos/chips/msp430/usart/HplMsp430Usart0C.nc">
          <from><interface-ref name="HplMsp430UsartInterrupts" ref="0x2b61068e63b0" scoped=""/></from>
          <to><interface-ref name="Interrupts" ref="0x2b61068dddc0" scoped=""/></to>
        </wire>
        <wire loc="85:/opt/tinyos-release-tinyos-2_1_2//tos/chips/msp430/usart/HplMsp430Usart0C.nc">
          <from><interface-ref name="HplMsp430Usart" ref="0x2b61068ed870" scoped=""/></from>
          <to><interface-ref name="Usart" ref="0x2b61068e1060" scoped=""/></to>
        </wire>
        <wire loc="90:/opt/tinyos-release-tinyos-2_1_2//tos/chips/msp430/usart/HplMsp430Usart0C.nc">
          <from><interface-ref name="SIMO" ref="0x2b61068fc700" scoped=""/></from>
          <to><interface-ref name="SIMO0" ref="0x2b610603e580" scoped=""/></to>
        </wire>
        <wire loc="91:/opt/tinyos-release-tinyos-2_1_2//tos/chips/msp430/usart/HplMsp430Usart0C.nc">
          <from><interface-ref name="SOMI" ref="0x2b61068fa670" scoped=""/></from>
          <to><interface-ref name="SOMI0" ref="0x2b610603a580" scoped=""/></to>
        </wire>
        <wire loc="92:/opt/tinyos-release-tinyos-2_1_2//tos/chips/msp430/usart/HplMsp430Usart0C.nc">
          <from><interface-ref name="UCLK" ref="0x2b61068f8670" scoped=""/></from>
          <to><interface-ref name="UCLK0" ref="0x2b6106038580" scoped=""/></to>
        </wire>
        <wire loc="93:/opt/tinyos-release-tinyos-2_1_2//tos/chips/msp430/usart/HplMsp430Usart0C.nc">
          <from><interface-ref name="URXD" ref="0x2b6106944670" scoped=""/></from>
          <to><interface-ref name="URXD0" ref="0x2b6106032580" scoped=""/></to>
        </wire>
        <wire loc="94:/opt/tinyos-release-tinyos-2_1_2//tos/chips/msp430/usart/HplMsp430Usart0C.nc">
          <from><interface-ref name="UTXD" ref="0x2b6106942670" scoped=""/></from>
          <to><interface-ref name="UTXD0" ref="0x2b6106034580" scoped=""/></to>
        </wire>
      </wiring>
    <specification><interface loc="78:/opt/tinyos-release-tinyos-2_1_2//tos/chips/msp430/usart/HplMsp430Usart0C.nc" name="HplMsp430I2CInterrupts" provided="1" ref="0x2b61068e3980">
      <component-ref nicename="HplMsp430Usart0C" qname="HplMsp430Usart0C"/>
      <type-interface alignment="I:2" size="I:2"><interface-ref name="HplMsp430I2CInterrupts" ref="0x2b61068e3980" scoped=""/></type-interface>
      <instance>
        <interfacedef-ref nicename="HplMsp430I2CInterrupts" qname="HplMsp430I2CInterrupts"/>
      </instance>
      <interface-functions>
        <function-ref name="fired" ref="0x2b61068e3d00" scoped=""/>
      </interface-functions>
    </interface><interface loc="77:/opt/tinyos-release-tinyos-2_1_2//tos/chips/msp430/usart/HplMsp430Usart0C.nc" name="HplMsp430UsartInterrupts" provided="1" ref="0x2b61068e63b0">
      <component-ref nicename="HplMsp430Usart0C" qname="HplMsp430Usart0C"/>
      <type-interface alignment="I:2" size="I:2"><interface-ref name="HplMsp430UsartInterrupts" ref="0x2b61068e63b0" scoped=""/></type-interface>
      <instance>
        <interfacedef-ref nicename="HplMsp430UsartInterrupts" qname="HplMsp430UsartInterrupts"/>
      </instance>
      <interface-functions>
        <function-ref name="rxDone" ref="0x2b61068e6730" scoped=""/>
        <function-ref name="txDone" ref="0x2b61068e68c0" scoped=""/>
      </interface-functions>
    </interface><interface loc="76:/opt/tinyos-release-tinyos-2_1_2//tos/chips/msp430/usart/HplMsp430Usart0C.nc" name="HplMsp430Usart" provided="1" ref="0x2b61068ed870">
      <component-ref nicename="HplMsp430Usart0C" qname="HplMsp430Usart0C"/>
      <type-interface alignment="I:2" size="I:2"><interface-ref name="HplMsp430Usart" ref="0x2b61068ed870" scoped=""/></type-interface>
      <instance>
        <interfacedef-ref nicename="HplMsp430Usart" qname="HplMsp430Usart"/>
      </instance>
      <interface-functions>
        <function-ref name="isTxEmpty" ref="0x2b61068edbf0" scoped=""/>
        <function-ref name="enableUartRx" ref="0x2b61068edd80" scoped=""/>
        <function-ref name="setUctl" ref="0x2b61068ea020" scoped=""/>
        <function-ref name="enableUart" ref="0x2b61068ea1b0" scoped=""/>
        <function-ref name="setUrctl" ref="0x2b61068ea340" scoped=""/>
        <function-ref name="enableRxIntr" ref="0x2b61068ea4d0" scoped=""/>
        <function-ref name="clrRxIntr" ref="0x2b61068ea660" scoped=""/>
        <function-ref name="getUtctl" ref="0x2b61068ea7f0" scoped=""/>
        <function-ref name="getUrctl" ref="0x2b61068ea980" scoped=""/>
        <function-ref name="resetUsart" ref="0x2b61068eab10" scoped=""/>
        <function-ref name="getUmctl" ref="0x2b61068eaca0" scoped=""/>
        <function-ref name="disableIntr" ref="0x2b61068eae30" scoped=""/>
        <function-ref name="setUtctl" ref="0x2b61068e9020" scoped=""/>
        <function-ref name="getUbr" ref="0x2b61068e92b0" scoped=""/>
        <function-ref name="enableTxIntr" ref="0x2b61068e9440" scoped=""/>
        <function-ref name="setUmctl" ref="0x2b61068e95d0" scoped=""/>
        <function-ref name="isUartRx" ref="0x2b61068e9760" scoped=""/>
        <function-ref name="isUart" ref="0x2b61068e98f0" scoped=""/>
        <function-ref name="disableRxIntr" ref="0x2b61068e9a80" scoped=""/>
        <function-ref name="isSpi" ref="0x2b61068e9c10" scoped=""/>
        <function-ref name="enableUartTx" ref="0x2b61068e9da0" scoped=""/>
        <function-ref name="disableTxIntr" ref="0x2b61068e8020" scoped=""/>
        <function-ref name="disableUartRx" ref="0x2b61068e81b0" scoped=""/>
        <function-ref name="enableIntr" ref="0x2b61068e8340" scoped=""/>
        <function-ref name="getMode" ref="0x2b61068e84d0" scoped=""/>
        <function-ref name="isTxIntrPending" ref="0x2b61068e8860" scoped=""/>
        <function-ref name="clrIntr" ref="0x2b61068e89f0" scoped=""/>
        <function-ref name="setUbr" ref="0x2b61068e8b80" scoped=""/>
        <function-ref name="tx" ref="0x2b61068e8d10" scoped=""/>
        <function-ref name="getUctl" ref="0x2b61068e7020" scoped=""/>
        <function-ref name="disableUart" ref="0x2b61068e71b0" scoped=""/>
        <function-ref name="enableSpi" ref="0x2b61068e7340" scoped=""/>
        <function-ref name="setModeUart" ref="0x2b61068e74d0" scoped=""/>
        <function-ref name="setModeSpi" ref="0x2b61068e7660" scoped=""/>
        <function-ref name="rx" ref="0x2b61068e77f0" scoped=""/>
        <function-ref name="isRxIntrPending" ref="0x2b61068e7980" scoped=""/>
        <function-ref name="isUartTx" ref="0x2b61068e7b10" scoped=""/>
        <function-ref name="clrTxIntr" ref="0x2b61068e7ca0" scoped=""/>
        <function-ref name="disableSpi" ref="0x2b61068e7e30" scoped=""/>
        <function-ref name="disableUartTx" ref="0x2b61068e6020" scoped=""/>
      </interface-functions>
    </interface></specification><referenced><interface loc="80:/opt/tinyos-release-tinyos-2_1_2//tos/chips/msp430/usart/HplMsp430Usart0P.nc" name="SIMO" provided="0" ref="0x2b61068fc700">
      <component-ref nicename="HplMsp430Usart0P" qname="HplMsp430Usart0P"/>
      <type-interface alignment="I:2" size="I:2"><interface-ref name="SIMO" ref="0x2b61068fc700" scoped=""/></type-interface>
      <instance>
        <interfacedef-ref nicename="HplMsp430GeneralIO" qname="HplMsp430GeneralIO"/>
      </instance>
      <interface-functions>
        <function-ref name="makeInput" ref="0x2b61068fca80" scoped=""/>
        <function-ref name="isInput" ref="0x2b61068fcc10" scoped=""/>
        <function-ref name="setResistor" ref="0x2b61068fcda0" scoped=""/>
        <function-ref name="toggle" ref="0x2b61068fb020" scoped=""/>
        <function-ref name="isOutput" ref="0x2b61068fb1b0" scoped=""/>
        <function-ref name="getResistor" ref="0x2b61068fb340" scoped=""/>
        <function-ref name="makeOutput" ref="0x2b61068fb4d0" scoped=""/>
        <function-ref name="get" ref="0x2b61068fb660" scoped=""/>
        <function-ref name="selectIOFunc" ref="0x2b61068fb7f0" scoped=""/>
        <function-ref name="getRaw" ref="0x2b61068fb980" scoped=""/>
        <function-ref name="set" ref="0x2b61068fbb10" scoped=""/>
        <function-ref name="selectModuleFunc" ref="0x2b61068fbca0" scoped=""/>
        <function-ref name="isIOFunc" ref="0x2b61068fbe30" scoped=""/>
        <function-ref name="isModuleFunc" ref="0x2b61068fa120" scoped=""/>
        <function-ref name="clr" ref="0x2b61068fa2b0" scoped=""/>
      </interface-functions>
    </interface><interface loc="146:/opt/tinyos-release-tinyos-2_1_2//tos/chips/msp430/pins/HplMsp430GeneralIOC.nc" name="SOMI0" provided="1" ref="0x2b610603a580">
      <component-ref nicename="HplMsp430GeneralIOC" qname="HplMsp430GeneralIOC"/>
      <type-interface alignment="I:2" size="I:2"><interface-ref name="SOMI0" ref="0x2b610603a580" scoped=""/></type-interface>
      <instance>
        <interfacedef-ref nicename="HplMsp430GeneralIO" qname="HplMsp430GeneralIO"/>
      </instance>
      <interface-functions>
        <function-ref name="makeInput" ref="0x2b610603a900" scoped=""/>
        <function-ref name="isInput" ref="0x2b610603aa90" scoped=""/>
        <function-ref name="setResistor" ref="0x2b610603ac20" scoped=""/>
        <function-ref name="toggle" ref="0x2b610603adb0" scoped=""/>
        <function-ref name="isOutput" ref="0x2b6106039020" scoped=""/>
        <function-ref name="getResistor" ref="0x2b61060391b0" scoped=""/>
        <function-ref name="makeOutput" ref="0x2b6106039340" scoped=""/>
        <function-ref name="get" ref="0x2b61060394d0" scoped=""/>
        <function-ref name="selectIOFunc" ref="0x2b6106039660" scoped=""/>
        <function-ref name="getRaw" ref="0x2b61060397f0" scoped=""/>
        <function-ref name="set" ref="0x2b6106039980" scoped=""/>
        <function-ref name="selectModuleFunc" ref="0x2b6106039b10" scoped=""/>
        <function-ref name="isIOFunc" ref="0x2b6106039ca0" scoped=""/>
        <function-ref name="isModuleFunc" ref="0x2b6106038020" scoped=""/>
        <function-ref name="clr" ref="0x2b61060381b0" scoped=""/>
      </interface-functions>
    </interface><interface loc="150:/opt/tinyos-release-tinyos-2_1_2//tos/chips/msp430/pins/HplMsp430GeneralIOC.nc" name="URXD0" provided="1" ref="0x2b6106032580">
      <component-ref nicename="HplMsp430GeneralIOC" qname="HplMsp430GeneralIOC"/>
      <type-interface alignment="I:2" size="I:2"><interface-ref name="URXD0" ref="0x2b6106032580" scoped=""/></type-interface>
      <instance>
        <interfacedef-ref nicename="HplMsp430GeneralIO" qname="HplMsp430GeneralIO"/>
      </instance>
      <interface-functions>
        <function-ref name="makeInput" ref="0x2b6106032900" scoped=""/>
        <function-ref name="isInput" ref="0x2b6106032a90" scoped=""/>
        <function-ref name="setResistor" ref="0x2b6106032c20" scoped=""/>
        <function-ref name="toggle" ref="0x2b6106032db0" scoped=""/>
        <function-ref name="isOutput" ref="0x2b6106031020" scoped=""/>
        <function-ref name="getResistor" ref="0x2b61060311b0" scoped=""/>
        <function-ref name="makeOutput" ref="0x2b6106031340" scoped=""/>
        <function-ref name="get" ref="0x2b61060314d0" scoped=""/>
        <function-ref name="selectIOFunc" ref="0x2b6106031660" scoped=""/>
        <function-ref name="getRaw" ref="0x2b61060317f0" scoped=""/>
        <function-ref name="set" ref="0x2b6106031980" scoped=""/>
        <function-ref name="selectModuleFunc" ref="0x2b6106031b10" scoped=""/>
        <function-ref name="isIOFunc" ref="0x2b6106031ca0" scoped=""/>
        <function-ref name="isModuleFunc" ref="0x2b6106030020" scoped=""/>
        <function-ref name="clr" ref="0x2b61060301b0" scoped=""/>
      </interface-functions>
    </interface><interface loc="149:/opt/tinyos-release-tinyos-2_1_2//tos/chips/msp430/pins/HplMsp430GeneralIOC.nc" name="UTXD0" provided="1" ref="0x2b6106034580">
      <component-ref nicename="HplMsp430GeneralIOC" qname="HplMsp430GeneralIOC"/>
      <type-interface alignment="I:2" size="I:2"><interface-ref name="UTXD0" ref="0x2b6106034580" scoped=""/></type-interface>
      <instance>
        <interfacedef-ref nicename="HplMsp430GeneralIO" qname="HplMsp430GeneralIO"/>
      </instance>
      <interface-functions>
        <function-ref name="makeInput" ref="0x2b6106034900" scoped=""/>
        <function-ref name="isInput" ref="0x2b6106034a90" scoped=""/>
        <function-ref name="setResistor" ref="0x2b6106034c20" scoped=""/>
        <function-ref name="toggle" ref="0x2b6106034db0" scoped=""/>
        <function-ref name="isOutput" ref="0x2b6106033020" scoped=""/>
        <function-ref name="getResistor" ref="0x2b61060331b0" scoped=""/>
        <function-ref name="makeOutput" ref="0x2b6106033340" scoped=""/>
        <function-ref name="get" ref="0x2b61060334d0" scoped=""/>
        <function-ref name="selectIOFunc" ref="0x2b6106033660" scoped=""/>
        <function-ref name="getRaw" ref="0x2b61060337f0" scoped=""/>
        <function-ref name="set" ref="0x2b6106033980" scoped=""/>
        <function-ref name="selectModuleFunc" ref="0x2b6106033b10" scoped=""/>
        <function-ref name="isIOFunc" ref="0x2b6106033ca0" scoped=""/>
        <function-ref name="isModuleFunc" ref="0x2b6106032020" scoped=""/>
        <function-ref name="clr" ref="0x2b61060321b0" scoped=""/>
      </interface-functions>
    </interface><interface loc="144:/opt/tinyos-release-tinyos-2_1_2//tos/chips/msp430/pins/HplMsp430GeneralIOC.nc" name="SIMO0" provided="1" ref="0x2b610603e580">
      <component-ref nicename="HplMsp430GeneralIOC" qname="HplMsp430GeneralIOC"/>
      <type-interface alignment="I:2" size="I:2"><interface-ref name="SIMO0" ref="0x2b610603e580" scoped=""/></type-interface>
      <instance>
        <interfacedef-ref nicename="HplMsp430GeneralIO" qname="HplMsp430GeneralIO"/>
      </instance>
      <interface-functions>
        <function-ref name="makeInput" ref="0x2b610603e900" scoped=""/>
        <function-ref name="isInput" ref="0x2b610603ea90" scoped=""/>
        <function-ref name="setResistor" ref="0x2b610603ec20" scoped=""/>
        <function-ref name="toggle" ref="0x2b610603edb0" scoped=""/>
        <function-ref name="isOutput" ref="0x2b610603d020" scoped=""/>
        <function-ref name="getResistor" ref="0x2b610603d1b0" scoped=""/>
        <function-ref name="makeOutput" ref="0x2b610603d340" scoped=""/>
        <function-ref name="get" ref="0x2b610603d4d0" scoped=""/>
        <function-ref name="selectIOFunc" ref="0x2b610603d660" scoped=""/>
        <function-ref name="getRaw" ref="0x2b610603d7f0" scoped=""/>
        <function-ref name="set" ref="0x2b610603d980" scoped=""/>
        <function-ref name="selectModuleFunc" ref="0x2b610603db10" scoped=""/>
        <function-ref name="isIOFunc" ref="0x2b610603dca0" scoped=""/>
        <function-ref name="isModuleFunc" ref="0x2b610603c020" scoped=""/>
        <function-ref name="clr" ref="0x2b610603c1b0" scoped=""/>
      </interface-functions>
    </interface><interface loc="83:/opt/tinyos-release-tinyos-2_1_2//tos/chips/msp430/usart/HplMsp430Usart0P.nc" name="URXD" provided="0" ref="0x2b6106944670">
      <component-ref nicename="HplMsp430Usart0P" qname="HplMsp430Usart0P"/>
      <type-interface alignment="I:2" size="I:2"><interface-ref name="URXD" ref="0x2b6106944670" scoped=""/></type-interface>
      <instance>
        <interfacedef-ref nicename="HplMsp430GeneralIO" qname="HplMsp430GeneralIO"/>
      </instance>
      <interface-functions>
        <function-ref name="makeInput" ref="0x2b61069449f0" scoped=""/>
        <function-ref name="isInput" ref="0x2b6106944b80" scoped=""/>
        <function-ref name="setResistor" ref="0x2b6106944d10" scoped=""/>
        <function-ref name="toggle" ref="0x2b6106943020" scoped=""/>
        <function-ref name="isOutput" ref="0x2b61069431b0" scoped=""/>
        <function-ref name="getResistor" ref="0x2b6106943340" scoped=""/>
        <function-ref name="makeOutput" ref="0x2b61069434d0" scoped=""/>
        <function-ref name="get" ref="0x2b6106943660" scoped=""/>
        <function-ref name="selectIOFunc" ref="0x2b61069437f0" scoped=""/>
        <function-ref name="getRaw" ref="0x2b6106943980" scoped=""/>
        <function-ref name="set" ref="0x2b6106943b10" scoped=""/>
        <function-ref name="selectModuleFunc" ref="0x2b6106943ca0" scoped=""/>
        <function-ref name="isIOFunc" ref="0x2b6106943e30" scoped=""/>
        <function-ref name="isModuleFunc" ref="0x2b6106942120" scoped=""/>
        <function-ref name="clr" ref="0x2b61069422b0" scoped=""/>
      </interface-functions>
    </interface><interface loc="76:/opt/tinyos-release-tinyos-2_1_2//tos/chips/msp430/usart/HplMsp430Usart0P.nc" name="Interrupts" provided="1" ref="0x2b61068dddc0">
      <component-ref nicename="HplMsp430Usart0P" qname="HplMsp430Usart0P"/>
      <type-interface alignment="I:2" size="I:2"><interface-ref name="Interrupts" ref="0x2b61068dddc0" scoped=""/></type-interface>
      <instance>
        <interfacedef-ref nicename="HplMsp430UsartInterrupts" qname="HplMsp430UsartInterrupts"/>
      </instance>
      <interface-functions>
        <function-ref name="rxDone" ref="0x2b61068dc180" scoped=""/>
        <function-ref name="txDone" ref="0x2b61068dc310" scoped=""/>
      </interface-functions>
    </interface><interface loc="75:/opt/tinyos-release-tinyos-2_1_2//tos/chips/msp430/usart/HplMsp430Usart0P.nc" name="Usart" provided="1" ref="0x2b61068e1060">
      <component-ref nicename="HplMsp430Usart0P" qname="HplMsp430Usart0P"/>
      <type-interface alignment="I:2" size="I:2"><interface-ref name="Usart" ref="0x2b61068e1060" scoped=""/></type-interface>
      <instance>
        <interfacedef-ref nicename="HplMsp430Usart" qname="HplMsp430Usart"/>
      </instance>
      <interface-functions>
        <function-ref name="isTxEmpty" ref="0x2b61068e13e0" scoped=""/>
        <function-ref name="enableUartRx" ref="0x2b61068e1570" scoped=""/>
        <function-ref name="setUctl" ref="0x2b61068e1700" scoped=""/>
        <function-ref name="enableUart" ref="0x2b61068e1890" scoped=""/>
        <function-ref name="setUrctl" ref="0x2b61068e1a20" scoped=""/>
        <function-ref name="enableRxIntr" ref="0x2b61068e1bb0" scoped=""/>
        <function-ref name="clrRxIntr" ref="0x2b61068e1d40" scoped=""/>
        <function-ref name="getUtctl" ref="0x2b61068e0020" scoped=""/>
        <function-ref name="getUrctl" ref="0x2b61068e01b0" scoped=""/>
        <function-ref name="resetUsart" ref="0x2b61068e0340" scoped=""/>
        <function-ref name="getUmctl" ref="0x2b61068e04d0" scoped=""/>
        <function-ref name="disableIntr" ref="0x2b61068e0660" scoped=""/>
        <function-ref name="setUtctl" ref="0x2b61068e07f0" scoped=""/>
        <function-ref name="getUbr" ref="0x2b61068e0a80" scoped=""/>
        <function-ref name="enableTxIntr" ref="0x2b61068e0c10" scoped=""/>
        <function-ref name="setUmctl" ref="0x2b61068e0da0" scoped=""/>
        <function-ref name="isUartRx" ref="0x2b61068df020" scoped=""/>
        <function-ref name="isUart" ref="0x2b61068df1b0" scoped=""/>
        <function-ref name="disableRxIntr" ref="0x2b61068df340" scoped=""/>
        <function-ref name="isSpi" ref="0x2b61068df4d0" scoped=""/>
        <function-ref name="enableUartTx" ref="0x2b61068df660" scoped=""/>
        <function-ref name="disableTxIntr" ref="0x2b61068df7f0" scoped=""/>
        <function-ref name="disableUartRx" ref="0x2b61068df980" scoped=""/>
        <function-ref name="enableIntr" ref="0x2b61068dfb10" scoped=""/>
        <function-ref name="getMode" ref="0x2b61068dfca0" scoped=""/>
        <function-ref name="isTxIntrPending" ref="0x2b61068de220" scoped=""/>
        <function-ref name="clrIntr" ref="0x2b61068de3b0" scoped=""/>
        <function-ref name="setUbr" ref="0x2b61068de540" scoped=""/>
        <function-ref name="tx" ref="0x2b61068de6d0" scoped=""/>
        <function-ref name="getUctl" ref="0x2b61068de860" scoped=""/>
        <function-ref name="disableUart" ref="0x2b61068de9f0" scoped=""/>
        <function-ref name="enableSpi" ref="0x2b61068deb80" scoped=""/>
        <function-ref name="setModeUart" ref="0x2b61068ded10" scoped=""/>
        <function-ref name="setModeSpi" ref="0x2b61068dd020" scoped=""/>
        <function-ref name="rx" ref="0x2b61068dd1b0" scoped=""/>
        <function-ref name="isRxIntrPending" ref="0x2b61068dd340" scoped=""/>
        <function-ref name="isUartTx" ref="0x2b61068dd4d0" scoped=""/>
        <function-ref name="clrTxIntr" ref="0x2b61068dd660" scoped=""/>
        <function-ref name="disableSpi" ref="0x2b61068dd7f0" scoped=""/>
        <function-ref name="disableUartTx" ref="0x2b61068dd980" scoped=""/>
      </interface-functions>
    </interface><interface loc="147:/opt/tinyos-release-tinyos-2_1_2//tos/chips/msp430/pins/HplMsp430GeneralIOC.nc" name="UCLK0" provided="1" ref="0x2b6106038580">
      <component-ref nicename="HplMsp430GeneralIOC" qname="HplMsp430GeneralIOC"/>
      <type-interface alignment="I:2" size="I:2"><interface-ref name="UCLK0" ref="0x2b6106038580" scoped=""/></type-interface>
      <instance>
        <interfacedef-ref nicename="HplMsp430GeneralIO" qname="HplMsp430GeneralIO"/>
      </instance>
      <interface-functions>
        <function-ref name="makeInput" ref="0x2b6106038900" scoped=""/>
        <function-ref name="isInput" ref="0x2b6106038a90" scoped=""/>
        <function-ref name="setResistor" ref="0x2b6106038c20" scoped=""/>
        <function-ref name="toggle" ref="0x2b6106038db0" scoped=""/>
        <function-ref name="isOutput" ref="0x2b6106037020" scoped=""/>
        <function-ref name="getResistor" ref="0x2b61060371b0" scoped=""/>
        <function-ref name="makeOutput" ref="0x2b6106037340" scoped=""/>
        <function-ref name="get" ref="0x2b61060374d0" scoped=""/>
        <function-ref name="selectIOFunc" ref="0x2b6106037660" scoped=""/>
        <function-ref name="getRaw" ref="0x2b61060377f0" scoped=""/>
        <function-ref name="set" ref="0x2b6106037980" scoped=""/>
        <function-ref name="selectModuleFunc" ref="0x2b6106037b10" scoped=""/>
        <function-ref name="isIOFunc" ref="0x2b6106037ca0" scoped=""/>
        <function-ref name="isModuleFunc" ref="0x2b6106036020" scoped=""/>
        <function-ref name="clr" ref="0x2b61060361b0" scoped=""/>
      </interface-functions>
    </interface><interface loc="77:/opt/tinyos-release-tinyos-2_1_2//tos/chips/msp430/usart/HplMsp430Usart0P.nc" name="I2CInterrupts" provided="1" ref="0x2b61068dc750">
      <component-ref nicename="HplMsp430Usart0P" qname="HplMsp430Usart0P"/>
      <type-interface alignment="I:2" size="I:2"><interface-ref name="I2CInterrupts" ref="0x2b61068dc750" scoped=""/></type-interface>
      <instance>
        <interfacedef-ref nicename="HplMsp430I2CInterrupts" qname="HplMsp430I2CInterrupts"/>
      </instance>
      <interface-functions>
        <function-ref name="fired" ref="0x2b61068dcad0" scoped=""/>
      </interface-functions>
    </interface><interface loc="84:/opt/tinyos-release-tinyos-2_1_2//tos/chips/msp430/usart/HplMsp430Usart0P.nc" name="UTXD" provided="0" ref="0x2b6106942670">
      <component-ref nicename="HplMsp430Usart0P" qname="HplMsp430Usart0P"/>
      <type-interface alignment="I:2" size="I:2"><interface-ref name="UTXD" ref="0x2b6106942670" scoped=""/></type-interface>
      <instance>
        <interfacedef-ref nicename="HplMsp430GeneralIO" qname="HplMsp430GeneralIO"/>
      </instance>
      <interface-functions>
        <function-ref name="makeInput" ref="0x2b61069429f0" scoped=""/>
        <function-ref name="isInput" ref="0x2b6106942b80" scoped=""/>
        <function-ref name="setResistor" ref="0x2b6106942d10" scoped=""/>
        <function-ref name="toggle" ref="0x2b6106941020" scoped=""/>
        <function-ref name="isOutput" ref="0x2b61069411b0" scoped=""/>
        <function-ref name="getResistor" ref="0x2b6106941340" scoped=""/>
        <function-ref name="makeOutput" ref="0x2b61069414d0" scoped=""/>
        <function-ref name="get" ref="0x2b6106941660" scoped=""/>
        <function-ref name="selectIOFunc" ref="0x2b61069417f0" scoped=""/>
        <function-ref name="getRaw" ref="0x2b6106941980" scoped=""/>
        <function-ref name="set" ref="0x2b6106941b10" scoped=""/>
        <function-ref name="selectModuleFunc" ref="0x2b6106941ca0" scoped=""/>
        <function-ref name="isIOFunc" ref="0x2b6106941e30" scoped=""/>
        <function-ref name="isModuleFunc" ref="0x2b6106940120" scoped=""/>
        <function-ref name="clr" ref="0x2b61069402b0" scoped=""/>
      </interface-functions>
    </interface><interface loc="82:/opt/tinyos-release-tinyos-2_1_2//tos/chips/msp430/usart/HplMsp430Usart0P.nc" name="UCLK" provided="0" ref="0x2b61068f8670">
      <component-ref nicename="HplMsp430Usart0P" qname="HplMsp430Usart0P"/>
      <type-interface alignment="I:2" size="I:2"><interface-ref name="UCLK" ref="0x2b61068f8670" scoped=""/></type-interface>
      <instance>
        <interfacedef-ref nicename="HplMsp430GeneralIO" qname="HplMsp430GeneralIO"/>
      </instance>
      <interface-functions>
        <function-ref name="makeInput" ref="0x2b61068f89f0" scoped=""/>
        <function-ref name="isInput" ref="0x2b61068f8b80" scoped=""/>
        <function-ref name="setResistor" ref="0x2b61068f8d10" scoped=""/>
        <function-ref name="toggle" ref="0x2b61068f7020" scoped=""/>
        <function-ref name="isOutput" ref="0x2b61068f71b0" scoped=""/>
        <function-ref name="getResistor" ref="0x2b61068f7340" scoped=""/>
        <function-ref name="makeOutput" ref="0x2b61068f74d0" scoped=""/>
        <function-ref name="get" ref="0x2b61068f7660" scoped=""/>
        <function-ref name="selectIOFunc" ref="0x2b61068f77f0" scoped=""/>
        <function-ref name="getRaw" ref="0x2b61068f7980" scoped=""/>
        <function-ref name="set" ref="0x2b61068f7b10" scoped=""/>
        <function-ref name="selectModuleFunc" ref="0x2b61068f7ca0" scoped=""/>
        <function-ref name="isIOFunc" ref="0x2b61068f7e30" scoped=""/>
        <function-ref name="isModuleFunc" ref="0x2b6106944120" scoped=""/>
        <function-ref name="clr" ref="0x2b61069442b0" scoped=""/>
      </interface-functions>
    </interface><interface loc="81:/opt/tinyos-release-tinyos-2_1_2//tos/chips/msp430/usart/HplMsp430Usart0P.nc" name="SOMI" provided="0" ref="0x2b61068fa670">
      <component-ref nicename="HplMsp430Usart0P" qname="HplMsp430Usart0P"/>
      <type-interface alignment="I:2" size="I:2"><interface-ref name="SOMI" ref="0x2b61068fa670" scoped=""/></type-interface>
      <instance>
        <interfacedef-ref nicename="HplMsp430GeneralIO" qname="HplMsp430GeneralIO"/>
      </instance>
      <interface-functions>
        <function-ref name="makeInput" ref="0x2b61068fa9f0" scoped=""/>
        <function-ref name="isInput" ref="0x2b61068fab80" scoped=""/>
        <function-ref name="setResistor" ref="0x2b61068fad10" scoped=""/>
        <function-ref name="toggle" ref="0x2b61068f9020" scoped=""/>
        <function-ref name="isOutput" ref="0x2b61068f91b0" scoped=""/>
        <function-ref name="getResistor" ref="0x2b61068f9340" scoped=""/>
        <function-ref name="makeOutput" ref="0x2b61068f94d0" scoped=""/>
        <function-ref name="get" ref="0x2b61068f9660" scoped=""/>
        <function-ref name="selectIOFunc" ref="0x2b61068f97f0" scoped=""/>
        <function-ref name="getRaw" ref="0x2b61068f9980" scoped=""/>
        <function-ref name="set" ref="0x2b61068f9b10" scoped=""/>
        <function-ref name="selectModuleFunc" ref="0x2b61068f9ca0" scoped=""/>
        <function-ref name="isIOFunc" ref="0x2b61068f9e30" scoped=""/>
        <function-ref name="isModuleFunc" ref="0x2b61068f8120" scoped=""/>
        <function-ref name="clr" ref="0x2b61068f82b0" scoped=""/>
      </interface-functions>
    </interface><component loc="45:/opt/tinyos-release-tinyos-2_1_2//tos/chips/msp430/pins/HplMsp430GeneralIOC.nc" nicename="HplMsp430GeneralIOC" qname="HplMsp430GeneralIOC">
      <documentation loc="35:/opt/tinyos-release-tinyos-2_1_2//tos/chips/msp430/pins/HplMsp430GeneralIOC.nc">
        <short>
 HPL for the TI MSP430 family of microprocessors.</short>
        <long>
 HPL for the TI MSP430 family of microprocessors. This provides an
 abstraction for general-purpose I/O.

 @author Joe Polastre
 @author Xavier Orduna &lt;xorduna@dexmatech.com&gt;
 @author Peter A. Bigot &lt;pab@peoplepowerco.com&gt;
 @author Eric B. Decker &lt;cire831@gmail.com&gt;
</long>
      </documentation>
      <configuration/>
      <wiring>
        <wire loc="442:/opt/tinyos-release-tinyos-2_1_2//tos/chips/msp430/pins/HplMsp430GeneralIOC.nc">
          <from><interface-ref name="Port14" ref="0x2b6105fc8020" scoped=""/></from>
          <to><interface-ref name="IO" ref="0x2b61060a9100" scoped=""/></to>
        </wire>
        <wire loc="455:/opt/tinyos-release-tinyos-2_1_2//tos/chips/msp430/pins/HplMsp430GeneralIOC.nc">
          <from><interface-ref name="Port26" ref="0x2b6105fdd020" scoped=""/></from>
          <to><interface-ref name="IO" ref="0x2b61060d3d10" scoped=""/></to>
        </wire>
        <wire loc="531:/opt/tinyos-release-tinyos-2_1_2//tos/chips/msp430/pins/HplMsp430GeneralIOC.nc">
          <from><interface-ref name="SDA" ref="0x2b610603c560" scoped=""/></from>
          <to><interface-ref name="IO" ref="0x2b61060f2d10" scoped=""/></to>
        </wire>
        <wire loc="551:/opt/tinyos-release-tinyos-2_1_2//tos/chips/msp430/pins/HplMsp430GeneralIOC.nc">
          <from><interface-ref name="ADC6" ref="0x2b610606e570" scoped=""/></from>
          <to><interface-ref name="IO" ref="0x2b6106180100" scoped=""/></to>
        </wire>
        <wire loc="532:/opt/tinyos-release-tinyos-2_1_2//tos/chips/msp430/pins/HplMsp430GeneralIOC.nc">
          <from><interface-ref name="SOMI0" ref="0x2b610603a580" scoped=""/></from>
          <to><interface-ref name="IO" ref="0x2b61060ed740" scoped=""/></to>
        </wire>
        <wire loc="460:/opt/tinyos-release-tinyos-2_1_2//tos/chips/msp430/pins/HplMsp430GeneralIOC.nc">
          <from><interface-ref name="Port30" ref="0x2b6106003020" scoped=""/></from>
          <to><interface-ref name="IO" ref="0x2b61060c9100" scoped=""/></to>
        </wire>
        <wire loc="473:/opt/tinyos-release-tinyos-2_1_2//tos/chips/msp430/pins/HplMsp430GeneralIOC.nc">
          <from><interface-ref name="Port42" ref="0x2b6105fef200" scoped=""/></from>
          <to><interface-ref name="IO" ref="0x2b61060f5e00" scoped=""/></to>
        </wire>
        <wire loc="486:/opt/tinyos-release-tinyos-2_1_2//tos/chips/msp430/pins/HplMsp430GeneralIOC.nc">
          <from><interface-ref name="Port54" ref="0x2b6106004200" scoped=""/></from>
          <to><interface-ref name="IO" ref="0x2b6106150740" scoped=""/></to>
        </wire>
        <wire loc="497:/opt/tinyos-release-tinyos-2_1_2//tos/chips/msp430/pins/HplMsp430GeneralIOC.nc">
          <from><interface-ref name="Port64" ref="0x2b610601e200" scoped=""/></from>
          <to><interface-ref name="IO" ref="0x2b610615ad10" scoped=""/></to>
        </wire>
        <wire loc="535:/opt/tinyos-release-tinyos-2_1_2//tos/chips/msp430/pins/HplMsp430GeneralIOC.nc">
          <from><interface-ref name="UTXD0" ref="0x2b6106034580" scoped=""/></from>
          <to><interface-ref name="IO" ref="0x2b61060e4d10" scoped=""/></to>
        </wire>
        <wire loc="545:/opt/tinyos-release-tinyos-2_1_2//tos/chips/msp430/pins/HplMsp430GeneralIOC.nc">
          <from><interface-ref name="ADC0" ref="0x2b610604e570" scoped=""/></from>
          <to><interface-ref name="IO" ref="0x2b610613c100" scoped=""/></to>
        </wire>
        <wire loc="557:/opt/tinyos-release-tinyos-2_1_2//tos/chips/msp430/pins/HplMsp430GeneralIOC.nc">
          <from><interface-ref name="SVSIN" ref="0x2b6106066580" scoped=""/></from>
          <to><interface-ref name="IO" ref="0x2b610617cd10" scoped=""/></to>
        </wire>
        <wire loc="445:/opt/tinyos-release-tinyos-2_1_2//tos/chips/msp430/pins/HplMsp430GeneralIOC.nc">
          <from><interface-ref name="Port17" ref="0x2b6105fec020" scoped=""/></from>
          <to><interface-ref name="IO" ref="0x2b610609b100" scoped=""/></to>
        </wire>
        <wire loc="536:/opt/tinyos-release-tinyos-2_1_2//tos/chips/msp430/pins/HplMsp430GeneralIOC.nc">
          <from><interface-ref name="URXD0" ref="0x2b6106032580" scoped=""/></from>
          <to><interface-ref name="IO" ref="0x2b61060df740" scoped=""/></to>
        </wire>
        <wire loc="450:/opt/tinyos-release-tinyos-2_1_2//tos/chips/msp430/pins/HplMsp430GeneralIOC.nc">
          <from><interface-ref name="Port21" ref="0x2b6105fe8020" scoped=""/></from>
          <to><interface-ref name="IO" ref="0x2b61060bd740" scoped=""/></to>
        </wire>
        <wire loc="463:/opt/tinyos-release-tinyos-2_1_2//tos/chips/msp430/pins/HplMsp430GeneralIOC.nc">
          <from><interface-ref name="Port33" ref="0x2b6105ffd020" scoped=""/></from>
          <to><interface-ref name="IO" ref="0x2b61060e8100" scoped=""/></to>
        </wire>
        <wire loc="476:/opt/tinyos-release-tinyos-2_1_2//tos/chips/msp430/pins/HplMsp430GeneralIOC.nc">
          <from><interface-ref name="Port45" ref="0x2b6106013200" scoped=""/></from>
          <to><interface-ref name="IO" ref="0x2b6106115d10" scoped=""/></to>
        </wire>
        <wire loc="489:/opt/tinyos-release-tinyos-2_1_2//tos/chips/msp430/pins/HplMsp430GeneralIOC.nc">
          <from><interface-ref name="Port57" ref="0x2b6106028200" scoped=""/></from>
          <to><interface-ref name="IO" ref="0x2b6106142740" scoped=""/></to>
        </wire>
        <wire loc="500:/opt/tinyos-release-tinyos-2_1_2//tos/chips/msp430/pins/HplMsp430GeneralIOC.nc">
          <from><interface-ref name="Port67" ref="0x2b6106042200" scoped=""/></from>
          <to><interface-ref name="IO" ref="0x2b610617cd10" scoped=""/></to>
        </wire>
        <wire loc="440:/opt/tinyos-release-tinyos-2_1_2//tos/chips/msp430/pins/HplMsp430GeneralIOC.nc">
          <from><interface-ref name="Port12" ref="0x2b6105fcc020" scoped=""/></from>
          <to><interface-ref name="IO" ref="0x2b6106087d10" scoped=""/></to>
        </wire>
        <wire loc="453:/opt/tinyos-release-tinyos-2_1_2//tos/chips/msp430/pins/HplMsp430GeneralIOC.nc">
          <from><interface-ref name="Port24" ref="0x2b6105fe1020" scoped=""/></from>
          <to><interface-ref name="IO" ref="0x2b61060dc860" scoped=""/></to>
        </wire>
        <wire loc="466:/opt/tinyos-release-tinyos-2_1_2//tos/chips/msp430/pins/HplMsp430GeneralIOC.nc">
          <from><interface-ref name="Port36" ref="0x2b6105ff7020" scoped=""/></from>
          <to><interface-ref name="IO" ref="0x2b6106108100" scoped=""/></to>
        </wire>
        <wire loc="530:/opt/tinyos-release-tinyos-2_1_2//tos/chips/msp430/pins/HplMsp430GeneralIOC.nc">
          <from><interface-ref name="SIMO0" ref="0x2b610603e580" scoped=""/></from>
          <to><interface-ref name="IO" ref="0x2b61060f2d10" scoped=""/></to>
        </wire>
        <wire loc="548:/opt/tinyos-release-tinyos-2_1_2//tos/chips/msp430/pins/HplMsp430GeneralIOC.nc">
          <from><interface-ref name="ADC3" ref="0x2b6106048570" scoped=""/></from>
          <to><interface-ref name="IO" ref="0x2b610615e100" scoped=""/></to>
        </wire>
        <wire loc="555:/opt/tinyos-release-tinyos-2_1_2//tos/chips/msp430/pins/HplMsp430GeneralIOC.nc">
          <from><interface-ref name="DAC1" ref="0x2b6106068570" scoped=""/></from>
          <to><interface-ref name="IO" ref="0x2b610617cd10" scoped=""/></to>
        </wire>
        <wire loc="541:/opt/tinyos-release-tinyos-2_1_2//tos/chips/msp430/pins/HplMsp430GeneralIOC.nc">
          <from><interface-ref name="UCLK1" ref="0x2b6106054580" scoped=""/></from>
          <to><interface-ref name="IO" ref="0x2b6106126d10" scoped=""/></to>
        </wire>
        <wire loc="471:/opt/tinyos-release-tinyos-2_1_2//tos/chips/msp430/pins/HplMsp430GeneralIOC.nc">
          <from><interface-ref name="Port40" ref="0x2b6105ff3020" scoped=""/></from>
          <to><interface-ref name="IO" ref="0x2b61060ffa60" scoped=""/></to>
        </wire>
        <wire loc="484:/opt/tinyos-release-tinyos-2_1_2//tos/chips/msp430/pins/HplMsp430GeneralIOC.nc">
          <from><interface-ref name="Port52" ref="0x2b6106008200" scoped=""/></from>
          <to><interface-ref name="IO" ref="0x2b610612a100" scoped=""/></to>
        </wire>
        <wire loc="495:/opt/tinyos-release-tinyos-2_1_2//tos/chips/msp430/pins/HplMsp430GeneralIOC.nc">
          <from><interface-ref name="Port62" ref="0x2b6106022200" scoped=""/></from>
          <to><interface-ref name="IO" ref="0x2b6106163740" scoped=""/></to>
        </wire>
        <wire loc="549:/opt/tinyos-release-tinyos-2_1_2//tos/chips/msp430/pins/HplMsp430GeneralIOC.nc">
          <from><interface-ref name="ADC4" ref="0x2b6106046570" scoped=""/></from>
          <to><interface-ref name="IO" ref="0x2b610615ad10" scoped=""/></to>
        </wire>
        <wire loc="538:/opt/tinyos-release-tinyos-2_1_2//tos/chips/msp430/pins/HplMsp430GeneralIOC.nc">
          <from><interface-ref name="STE1" ref="0x2b6106030570" scoped=""/></from>
          <to><interface-ref name="IO" ref="0x2b6106134d10" scoped=""/></to>
        </wire>
        <wire loc="443:/opt/tinyos-release-tinyos-2_1_2//tos/chips/msp430/pins/HplMsp430GeneralIOC.nc">
          <from><interface-ref name="Port15" ref="0x2b6105fc6020" scoped=""/></from>
          <to><interface-ref name="IO" ref="0x2b61060a5d10" scoped=""/></to>
        </wire>
        <wire loc="456:/opt/tinyos-release-tinyos-2_1_2//tos/chips/msp430/pins/HplMsp430GeneralIOC.nc">
          <from><interface-ref name="Port27" ref="0x2b6105fdb020" scoped=""/></from>
          <to><interface-ref name="IO" ref="0x2b61060ce740" scoped=""/></to>
        </wire>
        <wire loc="493:/opt/tinyos-release-tinyos-2_1_2//tos/chips/msp430/pins/HplMsp430GeneralIOC.nc">
          <from><interface-ref name="Port60" ref="0x2b6106026200" scoped=""/></from>
          <to><interface-ref name="IO" ref="0x2b610613c100" scoped=""/></to>
        </wire>
        <wire loc="461:/opt/tinyos-release-tinyos-2_1_2//tos/chips/msp430/pins/HplMsp430GeneralIOC.nc">
          <from><interface-ref name="Port31" ref="0x2b6106001020" scoped=""/></from>
          <to><interface-ref name="IO" ref="0x2b61060f2d10" scoped=""/></to>
        </wire>
        <wire loc="474:/opt/tinyos-release-tinyos-2_1_2//tos/chips/msp430/pins/HplMsp430GeneralIOC.nc">
          <from><interface-ref name="Port43" ref="0x2b6106017200" scoped=""/></from>
          <to><interface-ref name="IO" ref="0x2b610611e740" scoped=""/></to>
        </wire>
        <wire loc="487:/opt/tinyos-release-tinyos-2_1_2//tos/chips/msp430/pins/HplMsp430GeneralIOC.nc">
          <from><interface-ref name="Port55" ref="0x2b610602c200" scoped=""/></from>
          <to><interface-ref name="IO" ref="0x2b610614b100" scoped=""/></to>
        </wire>
        <wire loc="498:/opt/tinyos-release-tinyos-2_1_2//tos/chips/msp430/pins/HplMsp430GeneralIOC.nc">
          <from><interface-ref name="Port65" ref="0x2b610601c200" scoped=""/></from>
          <to><interface-ref name="IO" ref="0x2b6106155740" scoped=""/></to>
        </wire>
        <wire loc="540:/opt/tinyos-release-tinyos-2_1_2//tos/chips/msp430/pins/HplMsp430GeneralIOC.nc">
          <from><interface-ref name="SOMI1" ref="0x2b6106056580" scoped=""/></from>
          <to><interface-ref name="IO" ref="0x2b610612a100" scoped=""/></to>
        </wire>
        <wire loc="438:/opt/tinyos-release-tinyos-2_1_2//tos/chips/msp430/pins/HplMsp430GeneralIOC.nc">
          <from><interface-ref name="Port10" ref="0x2b6105fd9020" scoped=""/></from>
          <to><interface-ref name="IO" ref="0x2b61060916d0" scoped=""/></to>
        </wire>
        <wire loc="451:/opt/tinyos-release-tinyos-2_1_2//tos/chips/msp430/pins/HplMsp430GeneralIOC.nc">
          <from><interface-ref name="Port22" ref="0x2b6105fe6020" scoped=""/></from>
          <to><interface-ref name="IO" ref="0x2b61060b8100" scoped=""/></to>
        </wire>
        <wire loc="464:/opt/tinyos-release-tinyos-2_1_2//tos/chips/msp430/pins/HplMsp430GeneralIOC.nc">
          <from><interface-ref name="Port34" ref="0x2b6105ffb020" scoped=""/></from>
          <to><interface-ref name="IO" ref="0x2b61060e4d10" scoped=""/></to>
        </wire>
        <wire loc="477:/opt/tinyos-release-tinyos-2_1_2//tos/chips/msp430/pins/HplMsp430GeneralIOC.nc">
          <from><interface-ref name="Port46" ref="0x2b6106011200" scoped=""/></from>
          <to><interface-ref name="IO" ref="0x2b6106110740" scoped=""/></to>
        </wire>
        <wire loc="542:/opt/tinyos-release-tinyos-2_1_2//tos/chips/msp430/pins/HplMsp430GeneralIOC.nc">
          <from><interface-ref name="UTXD1" ref="0x2b6106052580" scoped=""/></from>
          <to><interface-ref name="IO" ref="0x2b6106108100" scoped=""/></to>
        </wire>
        <wire loc="546:/opt/tinyos-release-tinyos-2_1_2//tos/chips/msp430/pins/HplMsp430GeneralIOC.nc">
          <from><interface-ref name="ADC1" ref="0x2b610604c570" scoped=""/></from>
          <to><interface-ref name="IO" ref="0x2b6106168d10" scoped=""/></to>
        </wire>
        <wire loc="552:/opt/tinyos-release-tinyos-2_1_2//tos/chips/msp430/pins/HplMsp430GeneralIOC.nc">
          <from><interface-ref name="ADC7" ref="0x2b610606c570" scoped=""/></from>
          <to><interface-ref name="IO" ref="0x2b610617cd10" scoped=""/></to>
        </wire>
        <wire loc="482:/opt/tinyos-release-tinyos-2_1_2//tos/chips/msp430/pins/HplMsp430GeneralIOC.nc">
          <from><interface-ref name="Port50" ref="0x2b610600d200" scoped=""/></from>
          <to><interface-ref name="IO" ref="0x2b6106134d10" scoped=""/></to>
        </wire>
        <wire loc="543:/opt/tinyos-release-tinyos-2_1_2//tos/chips/msp430/pins/HplMsp430GeneralIOC.nc">
          <from><interface-ref name="URXD1" ref="0x2b6106050580" scoped=""/></from>
          <to><interface-ref name="IO" ref="0x2b6106104d10" scoped=""/></to>
        </wire>
        <wire loc="441:/opt/tinyos-release-tinyos-2_1_2//tos/chips/msp430/pins/HplMsp430GeneralIOC.nc">
          <from><interface-ref name="Port13" ref="0x2b6105fca020" scoped=""/></from>
          <to><interface-ref name="IO" ref="0x2b61060ae740" scoped=""/></to>
        </wire>
        <wire loc="454:/opt/tinyos-release-tinyos-2_1_2//tos/chips/msp430/pins/HplMsp430GeneralIOC.nc">
          <from><interface-ref name="Port25" ref="0x2b6105fdf020" scoped=""/></from>
          <to><interface-ref name="IO" ref="0x2b61060d7270" scoped=""/></to>
        </wire>
        <wire loc="467:/opt/tinyos-release-tinyos-2_1_2//tos/chips/msp430/pins/HplMsp430GeneralIOC.nc">
          <from><interface-ref name="Port37" ref="0x2b6105ff5020" scoped=""/></from>
          <to><interface-ref name="IO" ref="0x2b6106104d10" scoped=""/></to>
        </wire>
        <wire loc="539:/opt/tinyos-release-tinyos-2_1_2//tos/chips/msp430/pins/HplMsp430GeneralIOC.nc">
          <from><interface-ref name="SIMO1" ref="0x2b610602e580" scoped=""/></from>
          <to><interface-ref name="IO" ref="0x2b610612f740" scoped=""/></to>
        </wire>
        <wire loc="550:/opt/tinyos-release-tinyos-2_1_2//tos/chips/msp430/pins/HplMsp430GeneralIOC.nc">
          <from><interface-ref name="ADC5" ref="0x2b6106044570" scoped=""/></from>
          <to><interface-ref name="IO" ref="0x2b6106155740" scoped=""/></to>
        </wire>
        <wire loc="472:/opt/tinyos-release-tinyos-2_1_2//tos/chips/msp430/pins/HplMsp430GeneralIOC.nc">
          <from><interface-ref name="Port41" ref="0x2b6105ff1200" scoped=""/></from>
          <to><interface-ref name="IO" ref="0x2b61060f9460" scoped=""/></to>
        </wire>
        <wire loc="485:/opt/tinyos-release-tinyos-2_1_2//tos/chips/msp430/pins/HplMsp430GeneralIOC.nc">
          <from><interface-ref name="Port53" ref="0x2b6106006200" scoped=""/></from>
          <to><interface-ref name="IO" ref="0x2b6106126d10" scoped=""/></to>
        </wire>
        <wire loc="496:/opt/tinyos-release-tinyos-2_1_2//tos/chips/msp430/pins/HplMsp430GeneralIOC.nc">
          <from><interface-ref name="Port63" ref="0x2b6106020200" scoped=""/></from>
          <to><interface-ref name="IO" ref="0x2b610615e100" scoped=""/></to>
        </wire>
        <wire loc="444:/opt/tinyos-release-tinyos-2_1_2//tos/chips/msp430/pins/HplMsp430GeneralIOC.nc">
          <from><interface-ref name="Port16" ref="0x2b6105fee020" scoped=""/></from>
          <to><interface-ref name="IO" ref="0x2b61060a0740" scoped=""/></to>
        </wire>
        <wire loc="494:/opt/tinyos-release-tinyos-2_1_2//tos/chips/msp430/pins/HplMsp430GeneralIOC.nc">
          <from><interface-ref name="Port61" ref="0x2b6106024200" scoped=""/></from>
          <to><interface-ref name="IO" ref="0x2b6106168d10" scoped=""/></to>
        </wire>
        <wire loc="449:/opt/tinyos-release-tinyos-2_1_2//tos/chips/msp430/pins/HplMsp430GeneralIOC.nc">
          <from><interface-ref name="Port20" ref="0x2b6105fea020" scoped=""/></from>
          <to><interface-ref name="IO" ref="0x2b61060c3d10" scoped=""/></to>
        </wire>
        <wire loc="462:/opt/tinyos-release-tinyos-2_1_2//tos/chips/msp430/pins/HplMsp430GeneralIOC.nc">
          <from><interface-ref name="Port32" ref="0x2b6105fff020" scoped=""/></from>
          <to><interface-ref name="IO" ref="0x2b61060ed740" scoped=""/></to>
        </wire>
        <wire loc="475:/opt/tinyos-release-tinyos-2_1_2//tos/chips/msp430/pins/HplMsp430GeneralIOC.nc">
          <from><interface-ref name="Port44" ref="0x2b6106015200" scoped=""/></from>
          <to><interface-ref name="IO" ref="0x2b6106119100" scoped=""/></to>
        </wire>
        <wire loc="488:/opt/tinyos-release-tinyos-2_1_2//tos/chips/msp430/pins/HplMsp430GeneralIOC.nc">
          <from><interface-ref name="Port56" ref="0x2b610602a200" scoped=""/></from>
          <to><interface-ref name="IO" ref="0x2b6106147d10" scoped=""/></to>
        </wire>
        <wire loc="499:/opt/tinyos-release-tinyos-2_1_2//tos/chips/msp430/pins/HplMsp430GeneralIOC.nc">
          <from><interface-ref name="Port66" ref="0x2b610601a200" scoped=""/></from>
          <to><interface-ref name="IO" ref="0x2b6106180100" scoped=""/></to>
        </wire>
        <wire loc="439:/opt/tinyos-release-tinyos-2_1_2//tos/chips/msp430/pins/HplMsp430GeneralIOC.nc">
          <from><interface-ref name="Port11" ref="0x2b6105fce020" scoped=""/></from>
          <to><interface-ref name="IO" ref="0x2b610608c100" scoped=""/></to>
        </wire>
        <wire loc="452:/opt/tinyos-release-tinyos-2_1_2//tos/chips/msp430/pins/HplMsp430GeneralIOC.nc">
          <from><interface-ref name="Port23" ref="0x2b6105fe3020" scoped=""/></from>
          <to><interface-ref name="IO" ref="0x2b61060b4d10" scoped=""/></to>
        </wire>
        <wire loc="465:/opt/tinyos-release-tinyos-2_1_2//tos/chips/msp430/pins/HplMsp430GeneralIOC.nc">
          <from><interface-ref name="Port35" ref="0x2b6105ff9020" scoped=""/></from>
          <to><interface-ref name="IO" ref="0x2b61060df740" scoped=""/></to>
        </wire>
        <wire loc="478:/opt/tinyos-release-tinyos-2_1_2//tos/chips/msp430/pins/HplMsp430GeneralIOC.nc">
          <from><interface-ref name="Port47" ref="0x2b610600f200" scoped=""/></from>
          <to><interface-ref name="IO" ref="0x2b6106139100" scoped=""/></to>
        </wire>
        <wire loc="534:/opt/tinyos-release-tinyos-2_1_2//tos/chips/msp430/pins/HplMsp430GeneralIOC.nc">
          <from><interface-ref name="SCL" ref="0x2b6106036560" scoped=""/></from>
          <to><interface-ref name="IO" ref="0x2b61060e8100" scoped=""/></to>
        </wire>
        <wire loc="547:/opt/tinyos-release-tinyos-2_1_2//tos/chips/msp430/pins/HplMsp430GeneralIOC.nc">
          <from><interface-ref name="ADC2" ref="0x2b610604a570" scoped=""/></from>
          <to><interface-ref name="IO" ref="0x2b6106163740" scoped=""/></to>
        </wire>
        <wire loc="533:/opt/tinyos-release-tinyos-2_1_2//tos/chips/msp430/pins/HplMsp430GeneralIOC.nc">
          <from><interface-ref name="UCLK0" ref="0x2b6106038580" scoped=""/></from>
          <to><interface-ref name="IO" ref="0x2b61060e8100" scoped=""/></to>
        </wire>
        <wire loc="483:/opt/tinyos-release-tinyos-2_1_2//tos/chips/msp430/pins/HplMsp430GeneralIOC.nc">
          <from><interface-ref name="Port51" ref="0x2b610600b200" scoped=""/></from>
          <to><interface-ref name="IO" ref="0x2b610612f740" scoped=""/></to>
        </wire>
        <wire loc="554:/opt/tinyos-release-tinyos-2_1_2//tos/chips/msp430/pins/HplMsp430GeneralIOC.nc">
          <from><interface-ref name="DAC0" ref="0x2b610606a570" scoped=""/></from>
          <to><interface-ref name="IO" ref="0x2b6106180100" scoped=""/></to>
        </wire>
        <wire loc="558:/opt/tinyos-release-tinyos-2_1_2//tos/chips/msp430/pins/HplMsp430GeneralIOC.nc">
          <from><interface-ref name="SVSOUT" ref="0x2b6106064580" scoped=""/></from>
          <to><interface-ref name="IO" ref="0x2b6106142740" scoped=""/></to>
        </wire>
        <wire loc="529:/opt/tinyos-release-tinyos-2_1_2//tos/chips/msp430/pins/HplMsp430GeneralIOC.nc">
          <from><interface-ref name="STE0" ref="0x2b61060401f0" scoped=""/></from>
          <to><interface-ref name="IO" ref="0x2b61060c9100" scoped=""/></to>
        </wire>
      </wiring>
    </component><component loc="74:/opt/tinyos-release-tinyos-2_1_2//tos/chips/msp430/usart/HplMsp430Usart0P.nc" nicename="HplMsp430Usart0P" qname="HplMsp430Usart0P" safe="">
      <documentation loc="62:/opt/tinyos-release-tinyos-2_1_2//tos/chips/msp430/usart/HplMsp430Usart0P.nc">
        <short>
 Implementation of USART0 lowlevel functionality - stateless.</short>
        <long>
 Implementation of USART0 lowlevel functionality - stateless.
 Setting a mode will by default disable USART-Interrupts.

 @author: Jan Hauer &lt;hauer@tkn.tu-berlin.de&gt;
 @author: Jonathan Hui &lt;jhui@archedrock.com&gt;
 @author: Vlado Handziski &lt;handzisk@tkn.tu-berlin.de&gt;
 @author: Joe Polastre
 @author: Philipp Huppertz &lt;huppertz@tkn.tu-berlin.de&gt;
 @version $Revision: 1.8 $ $Date: 2010-06-04 22:30:21 $
</long>
      </documentation>
      <module/>
    </component></referenced></component>