<?xml version="1.0" ?><component loc="74:/opt/tinyos-release-tinyos-2_1_2//tos/chips/msp430/usart/HplMsp430Usart1C.nc" nicename="HplMsp430Usart1C" qname="HplMsp430Usart1C">
      <documentation loc="31:/opt/tinyos-release-tinyos-2_1_2//tos/chips/msp430/usart/msp430usart.h">
        <short>
 </short>
        <long>
 @author Vlado Handziski &lt;handzisk@tkn.tu-berlin.de&gt;
 @author Philipp Huppertz &lt;huppertz@tkn.tu-berlin.de&gt;
</long>
      </documentation>
      <configuration/>
      <wiring>
        <wire loc="89:/opt/tinyos-release-tinyos-2_1_2//tos/chips/msp430/usart/HplMsp430Usart1C.nc">
          <from><interface-ref name="HplMsp430UsartInterrupts" ref="0x2b61073363b0" scoped=""/></from>
          <to><interface-ref name="Interrupts" ref="0x2b610732edc0" scoped=""/></to>
        </wire>
        <wire loc="87:/opt/tinyos-release-tinyos-2_1_2//tos/chips/msp430/usart/HplMsp430Usart1C.nc">
          <from><interface-ref name="AsyncStdControl" ref="0x2b610733c080" scoped=""/></from>
          <to><interface-ref name="AsyncStdControl" ref="0x2b6107335720" scoped=""/></to>
        </wire>
        <wire loc="88:/opt/tinyos-release-tinyos-2_1_2//tos/chips/msp430/usart/HplMsp430Usart1C.nc">
          <from><interface-ref name="HplMsp430Usart" ref="0x2b610733c8b0" scoped=""/></from>
          <to><interface-ref name="Usart" ref="0x2b6107332020" scoped=""/></to>
        </wire>
        <wire loc="91:/opt/tinyos-release-tinyos-2_1_2//tos/chips/msp430/usart/HplMsp430Usart1C.nc">
          <from><interface-ref name="SIMO" ref="0x2b610732d6d0" scoped=""/></from>
          <to><interface-ref name="SIMO1" ref="0x2b610602e580" scoped=""/></to>
        </wire>
        <wire loc="92:/opt/tinyos-release-tinyos-2_1_2//tos/chips/msp430/usart/HplMsp430Usart1C.nc">
          <from><interface-ref name="SOMI" ref="0x2b610732b670" scoped=""/></from>
          <to><interface-ref name="SOMI1" ref="0x2b6106056580" scoped=""/></to>
        </wire>
        <wire loc="93:/opt/tinyos-release-tinyos-2_1_2//tos/chips/msp430/usart/HplMsp430Usart1C.nc">
          <from><interface-ref name="UCLK" ref="0x2b6107329670" scoped=""/></from>
          <to><interface-ref name="UCLK1" ref="0x2b6106054580" scoped=""/></to>
        </wire>
        <wire loc="94:/opt/tinyos-release-tinyos-2_1_2//tos/chips/msp430/usart/HplMsp430Usart1C.nc">
          <from><interface-ref name="URXD" ref="0x2b6107327670" scoped=""/></from>
          <to><interface-ref name="URXD1" ref="0x2b6106050580" scoped=""/></to>
        </wire>
        <wire loc="95:/opt/tinyos-release-tinyos-2_1_2//tos/chips/msp430/usart/HplMsp430Usart1C.nc">
          <from><interface-ref name="UTXD" ref="0x2b6107325670" scoped=""/></from>
          <to><interface-ref name="UTXD1" ref="0x2b6106052580" scoped=""/></to>
        </wire>
      </wiring>
    <specification><interface loc="78:/opt/tinyos-release-tinyos-2_1_2//tos/chips/msp430/usart/HplMsp430Usart1C.nc" name="HplMsp430UsartInterrupts" provided="1" ref="0x2b61073363b0">
      <component-ref nicename="HplMsp430Usart1C" qname="HplMsp430Usart1C"/>
      <type-interface alignment="I:2" size="I:2"><interface-ref name="HplMsp430UsartInterrupts" ref="0x2b61073363b0" scoped=""/></type-interface>
      <instance>
        <interfacedef-ref nicename="HplMsp430UsartInterrupts" qname="HplMsp430UsartInterrupts"/>
      </instance>
      <interface-functions>
        <function-ref name="rxDone" ref="0x2b6107336730" scoped=""/>
        <function-ref name="txDone" ref="0x2b61073368c0" scoped=""/>
      </interface-functions>
    </interface><interface loc="76:/opt/tinyos-release-tinyos-2_1_2//tos/chips/msp430/usart/HplMsp430Usart1C.nc" name="AsyncStdControl" provided="1" ref="0x2b610733c080">
      <component-ref nicename="HplMsp430Usart1C" qname="HplMsp430Usart1C"/>
      <type-interface alignment="I:2" size="I:2"><interface-ref name="AsyncStdControl" ref="0x2b610733c080" scoped=""/></type-interface>
      <instance>
        <interfacedef-ref nicename="AsyncStdControl" qname="AsyncStdControl"/>
      </instance>
      <interface-functions>
        <function-ref name="start" ref="0x2b610733c400" scoped=""/>
        <function-ref name="stop" ref="0x2b610733c590" scoped=""/>
      </interface-functions>
    </interface><interface loc="77:/opt/tinyos-release-tinyos-2_1_2//tos/chips/msp430/usart/HplMsp430Usart1C.nc" name="HplMsp430Usart" provided="1" ref="0x2b610733c8b0">
      <component-ref nicename="HplMsp430Usart1C" qname="HplMsp430Usart1C"/>
      <type-interface alignment="I:2" size="I:2"><interface-ref name="HplMsp430Usart" ref="0x2b610733c8b0" scoped=""/></type-interface>
      <instance>
        <interfacedef-ref nicename="HplMsp430Usart" qname="HplMsp430Usart"/>
      </instance>
      <interface-functions>
        <function-ref name="isTxEmpty" ref="0x2b610733cc30" scoped=""/>
        <function-ref name="enableUartRx" ref="0x2b610733cdc0" scoped=""/>
        <function-ref name="setUctl" ref="0x2b610733b020" scoped=""/>
        <function-ref name="enableUart" ref="0x2b610733b1b0" scoped=""/>
        <function-ref name="setUrctl" ref="0x2b610733b340" scoped=""/>
        <function-ref name="enableRxIntr" ref="0x2b610733b4d0" scoped=""/>
        <function-ref name="clrRxIntr" ref="0x2b610733b660" scoped=""/>
        <function-ref name="getUtctl" ref="0x2b610733b7f0" scoped=""/>
        <function-ref name="getUrctl" ref="0x2b610733b980" scoped=""/>
        <function-ref name="resetUsart" ref="0x2b610733bb10" scoped=""/>
        <function-ref name="getUmctl" ref="0x2b610733bca0" scoped=""/>
        <function-ref name="disableIntr" ref="0x2b610733be30" scoped=""/>
        <function-ref name="setUtctl" ref="0x2b6107339020" scoped=""/>
        <function-ref name="getUbr" ref="0x2b61073392b0" scoped=""/>
        <function-ref name="enableTxIntr" ref="0x2b6107339440" scoped=""/>
        <function-ref name="setUmctl" ref="0x2b61073395d0" scoped=""/>
        <function-ref name="isUartRx" ref="0x2b6107339760" scoped=""/>
        <function-ref name="isUart" ref="0x2b61073398f0" scoped=""/>
        <function-ref name="disableRxIntr" ref="0x2b6107339a80" scoped=""/>
        <function-ref name="isSpi" ref="0x2b6107339c10" scoped=""/>
        <function-ref name="enableUartTx" ref="0x2b6107339da0" scoped=""/>
        <function-ref name="disableTxIntr" ref="0x2b6107338020" scoped=""/>
        <function-ref name="disableUartRx" ref="0x2b61073381b0" scoped=""/>
        <function-ref name="enableIntr" ref="0x2b6107338340" scoped=""/>
        <function-ref name="getMode" ref="0x2b61073384d0" scoped=""/>
        <function-ref name="isTxIntrPending" ref="0x2b6107338860" scoped=""/>
        <function-ref name="clrIntr" ref="0x2b61073389f0" scoped=""/>
        <function-ref name="setUbr" ref="0x2b6107338b80" scoped=""/>
        <function-ref name="tx" ref="0x2b6107338d10" scoped=""/>
        <function-ref name="getUctl" ref="0x2b6107337020" scoped=""/>
        <function-ref name="disableUart" ref="0x2b61073371b0" scoped=""/>
        <function-ref name="enableSpi" ref="0x2b6107337340" scoped=""/>
        <function-ref name="setModeUart" ref="0x2b61073374d0" scoped=""/>
        <function-ref name="setModeSpi" ref="0x2b6107337660" scoped=""/>
        <function-ref name="rx" ref="0x2b61073377f0" scoped=""/>
        <function-ref name="isRxIntrPending" ref="0x2b6107337980" scoped=""/>
        <function-ref name="isUartTx" ref="0x2b6107337b10" scoped=""/>
        <function-ref name="clrTxIntr" ref="0x2b6107337ca0" scoped=""/>
        <function-ref name="disableSpi" ref="0x2b6107337e30" scoped=""/>
        <function-ref name="disableUartTx" ref="0x2b6107336020" scoped=""/>
      </interface-functions>
    </interface></specification><referenced><interface loc="80:/opt/tinyos-release-tinyos-2_1_2//tos/chips/msp430/usart/HplMsp430Usart1P.nc" name="UCLK" provided="0" ref="0x2b6107329670">
      <component-ref nicename="HplMsp430Usart1P" qname="HplMsp430Usart1P"/>
      <type-interface alignment="I:2" size="I:2"><interface-ref name="UCLK" ref="0x2b6107329670" scoped=""/></type-interface>
      <instance>
        <interfacedef-ref nicename="HplMsp430GeneralIO" qname="HplMsp430GeneralIO"/>
      </instance>
      <interface-functions>
        <function-ref name="makeInput" ref="0x2b61073299f0" scoped=""/>
        <function-ref name="isInput" ref="0x2b6107329b80" scoped=""/>
        <function-ref name="setResistor" ref="0x2b6107329d10" scoped=""/>
        <function-ref name="toggle" ref="0x2b6107328020" scoped=""/>
        <function-ref name="isOutput" ref="0x2b61073281b0" scoped=""/>
        <function-ref name="getResistor" ref="0x2b6107328340" scoped=""/>
        <function-ref name="makeOutput" ref="0x2b61073284d0" scoped=""/>
        <function-ref name="get" ref="0x2b6107328660" scoped=""/>
        <function-ref name="selectIOFunc" ref="0x2b61073287f0" scoped=""/>
        <function-ref name="getRaw" ref="0x2b6107328980" scoped=""/>
        <function-ref name="set" ref="0x2b6107328b10" scoped=""/>
        <function-ref name="selectModuleFunc" ref="0x2b6107328ca0" scoped=""/>
        <function-ref name="isIOFunc" ref="0x2b6107328e30" scoped=""/>
        <function-ref name="isModuleFunc" ref="0x2b6107327120" scoped=""/>
        <function-ref name="clr" ref="0x2b61073272b0" scoped=""/>
      </interface-functions>
    </interface><interface loc="155:/opt/tinyos-release-tinyos-2_1_2//tos/chips/msp430/pins/HplMsp430GeneralIOC.nc" name="UCLK1" provided="1" ref="0x2b6106054580">
      <component-ref nicename="HplMsp430GeneralIOC" qname="HplMsp430GeneralIOC"/>
      <type-interface alignment="I:2" size="I:2"><interface-ref name="UCLK1" ref="0x2b6106054580" scoped=""/></type-interface>
      <instance>
        <interfacedef-ref nicename="HplMsp430GeneralIO" qname="HplMsp430GeneralIO"/>
      </instance>
      <interface-functions>
        <function-ref name="makeInput" ref="0x2b6106054900" scoped=""/>
        <function-ref name="isInput" ref="0x2b6106054a90" scoped=""/>
        <function-ref name="setResistor" ref="0x2b6106054c20" scoped=""/>
        <function-ref name="toggle" ref="0x2b6106054db0" scoped=""/>
        <function-ref name="isOutput" ref="0x2b6106053020" scoped=""/>
        <function-ref name="getResistor" ref="0x2b61060531b0" scoped=""/>
        <function-ref name="makeOutput" ref="0x2b6106053340" scoped=""/>
        <function-ref name="get" ref="0x2b61060534d0" scoped=""/>
        <function-ref name="selectIOFunc" ref="0x2b6106053660" scoped=""/>
        <function-ref name="getRaw" ref="0x2b61060537f0" scoped=""/>
        <function-ref name="set" ref="0x2b6106053980" scoped=""/>
        <function-ref name="selectModuleFunc" ref="0x2b6106053b10" scoped=""/>
        <function-ref name="isIOFunc" ref="0x2b6106053ca0" scoped=""/>
        <function-ref name="isModuleFunc" ref="0x2b6106052020" scoped=""/>
        <function-ref name="clr" ref="0x2b61060521b0" scoped=""/>
      </interface-functions>
    </interface><interface loc="74:/opt/tinyos-release-tinyos-2_1_2//tos/chips/msp430/usart/HplMsp430Usart1P.nc" name="AsyncStdControl" provided="1" ref="0x2b6107335720">
      <component-ref nicename="HplMsp430Usart1P" qname="HplMsp430Usart1P"/>
      <type-interface alignment="I:2" size="I:2"><interface-ref name="AsyncStdControl" ref="0x2b6107335720" scoped=""/></type-interface>
      <instance>
        <interfacedef-ref nicename="AsyncStdControl" qname="AsyncStdControl"/>
      </instance>
      <interface-functions>
        <function-ref name="start" ref="0x2b6107335aa0" scoped=""/>
        <function-ref name="stop" ref="0x2b6107335c30" scoped=""/>
      </interface-functions>
    </interface><interface loc="76:/opt/tinyos-release-tinyos-2_1_2//tos/chips/msp430/usart/HplMsp430Usart1P.nc" name="Interrupts" provided="1" ref="0x2b610732edc0">
      <component-ref nicename="HplMsp430Usart1P" qname="HplMsp430Usart1P"/>
      <type-interface alignment="I:2" size="I:2"><interface-ref name="Interrupts" ref="0x2b610732edc0" scoped=""/></type-interface>
      <instance>
        <interfacedef-ref nicename="HplMsp430UsartInterrupts" qname="HplMsp430UsartInterrupts"/>
      </instance>
      <interface-functions>
        <function-ref name="rxDone" ref="0x2b610732d180" scoped=""/>
        <function-ref name="txDone" ref="0x2b610732d310" scoped=""/>
      </interface-functions>
    </interface><interface loc="78:/opt/tinyos-release-tinyos-2_1_2//tos/chips/msp430/usart/HplMsp430Usart1P.nc" name="SIMO" provided="0" ref="0x2b610732d6d0">
      <component-ref nicename="HplMsp430Usart1P" qname="HplMsp430Usart1P"/>
      <type-interface alignment="I:2" size="I:2"><interface-ref name="SIMO" ref="0x2b610732d6d0" scoped=""/></type-interface>
      <instance>
        <interfacedef-ref nicename="HplMsp430GeneralIO" qname="HplMsp430GeneralIO"/>
      </instance>
      <interface-functions>
        <function-ref name="makeInput" ref="0x2b610732da50" scoped=""/>
        <function-ref name="isInput" ref="0x2b610732dbe0" scoped=""/>
        <function-ref name="setResistor" ref="0x2b610732dd70" scoped=""/>
        <function-ref name="toggle" ref="0x2b610732c020" scoped=""/>
        <function-ref name="isOutput" ref="0x2b610732c1b0" scoped=""/>
        <function-ref name="getResistor" ref="0x2b610732c340" scoped=""/>
        <function-ref name="makeOutput" ref="0x2b610732c4d0" scoped=""/>
        <function-ref name="get" ref="0x2b610732c660" scoped=""/>
        <function-ref name="selectIOFunc" ref="0x2b610732c7f0" scoped=""/>
        <function-ref name="getRaw" ref="0x2b610732c980" scoped=""/>
        <function-ref name="set" ref="0x2b610732cb10" scoped=""/>
        <function-ref name="selectModuleFunc" ref="0x2b610732cca0" scoped=""/>
        <function-ref name="isIOFunc" ref="0x2b610732ce30" scoped=""/>
        <function-ref name="isModuleFunc" ref="0x2b610732b120" scoped=""/>
        <function-ref name="clr" ref="0x2b610732b2b0" scoped=""/>
      </interface-functions>
    </interface><interface loc="75:/opt/tinyos-release-tinyos-2_1_2//tos/chips/msp430/usart/HplMsp430Usart1P.nc" name="Usart" provided="1" ref="0x2b6107332020">
      <component-ref nicename="HplMsp430Usart1P" qname="HplMsp430Usart1P"/>
      <type-interface alignment="I:2" size="I:2"><interface-ref name="Usart" ref="0x2b6107332020" scoped=""/></type-interface>
      <instance>
        <interfacedef-ref nicename="HplMsp430Usart" qname="HplMsp430Usart"/>
      </instance>
      <interface-functions>
        <function-ref name="isTxEmpty" ref="0x2b61073323a0" scoped=""/>
        <function-ref name="enableUartRx" ref="0x2b6107332530" scoped=""/>
        <function-ref name="setUctl" ref="0x2b61073326c0" scoped=""/>
        <function-ref name="enableUart" ref="0x2b6107332850" scoped=""/>
        <function-ref name="setUrctl" ref="0x2b61073329e0" scoped=""/>
        <function-ref name="enableRxIntr" ref="0x2b6107332b70" scoped=""/>
        <function-ref name="clrRxIntr" ref="0x2b6107332d00" scoped=""/>
        <function-ref name="getUtctl" ref="0x2b6107331020" scoped=""/>
        <function-ref name="getUrctl" ref="0x2b61073311b0" scoped=""/>
        <function-ref name="resetUsart" ref="0x2b6107331340" scoped=""/>
        <function-ref name="getUmctl" ref="0x2b61073314d0" scoped=""/>
        <function-ref name="disableIntr" ref="0x2b6107331660" scoped=""/>
        <function-ref name="setUtctl" ref="0x2b61073317f0" scoped=""/>
        <function-ref name="getUbr" ref="0x2b6107331a80" scoped=""/>
        <function-ref name="enableTxIntr" ref="0x2b6107331c10" scoped=""/>
        <function-ref name="setUmctl" ref="0x2b6107331da0" scoped=""/>
        <function-ref name="isUartRx" ref="0x2b6107330020" scoped=""/>
        <function-ref name="isUart" ref="0x2b61073301b0" scoped=""/>
        <function-ref name="disableRxIntr" ref="0x2b6107330340" scoped=""/>
        <function-ref name="isSpi" ref="0x2b61073304d0" scoped=""/>
        <function-ref name="enableUartTx" ref="0x2b6107330660" scoped=""/>
        <function-ref name="disableTxIntr" ref="0x2b61073307f0" scoped=""/>
        <function-ref name="disableUartRx" ref="0x2b6107330980" scoped=""/>
        <function-ref name="enableIntr" ref="0x2b6107330b10" scoped=""/>
        <function-ref name="getMode" ref="0x2b6107330ca0" scoped=""/>
        <function-ref name="isTxIntrPending" ref="0x2b610732f220" scoped=""/>
        <function-ref name="clrIntr" ref="0x2b610732f3b0" scoped=""/>
        <function-ref name="setUbr" ref="0x2b610732f540" scoped=""/>
        <function-ref name="tx" ref="0x2b610732f6d0" scoped=""/>
        <function-ref name="getUctl" ref="0x2b610732f860" scoped=""/>
        <function-ref name="disableUart" ref="0x2b610732f9f0" scoped=""/>
        <function-ref name="enableSpi" ref="0x2b610732fb80" scoped=""/>
        <function-ref name="setModeUart" ref="0x2b610732fd10" scoped=""/>
        <function-ref name="setModeSpi" ref="0x2b610732e020" scoped=""/>
        <function-ref name="rx" ref="0x2b610732e1b0" scoped=""/>
        <function-ref name="isRxIntrPending" ref="0x2b610732e340" scoped=""/>
        <function-ref name="isUartTx" ref="0x2b610732e4d0" scoped=""/>
        <function-ref name="clrTxIntr" ref="0x2b610732e660" scoped=""/>
        <function-ref name="disableSpi" ref="0x2b610732e7f0" scoped=""/>
        <function-ref name="disableUartTx" ref="0x2b610732e980" scoped=""/>
      </interface-functions>
    </interface><interface loc="153:/opt/tinyos-release-tinyos-2_1_2//tos/chips/msp430/pins/HplMsp430GeneralIOC.nc" name="SIMO1" provided="1" ref="0x2b610602e580">
      <component-ref nicename="HplMsp430GeneralIOC" qname="HplMsp430GeneralIOC"/>
      <type-interface alignment="I:2" size="I:2"><interface-ref name="SIMO1" ref="0x2b610602e580" scoped=""/></type-interface>
      <instance>
        <interfacedef-ref nicename="HplMsp430GeneralIO" qname="HplMsp430GeneralIO"/>
      </instance>
      <interface-functions>
        <function-ref name="makeInput" ref="0x2b610602e900" scoped=""/>
        <function-ref name="isInput" ref="0x2b610602ea90" scoped=""/>
        <function-ref name="setResistor" ref="0x2b610602ec20" scoped=""/>
        <function-ref name="toggle" ref="0x2b610602edb0" scoped=""/>
        <function-ref name="isOutput" ref="0x2b6106057020" scoped=""/>
        <function-ref name="getResistor" ref="0x2b61060571b0" scoped=""/>
        <function-ref name="makeOutput" ref="0x2b6106057340" scoped=""/>
        <function-ref name="get" ref="0x2b61060574d0" scoped=""/>
        <function-ref name="selectIOFunc" ref="0x2b6106057660" scoped=""/>
        <function-ref name="getRaw" ref="0x2b61060577f0" scoped=""/>
        <function-ref name="set" ref="0x2b6106057980" scoped=""/>
        <function-ref name="selectModuleFunc" ref="0x2b6106057b10" scoped=""/>
        <function-ref name="isIOFunc" ref="0x2b6106057ca0" scoped=""/>
        <function-ref name="isModuleFunc" ref="0x2b6106056020" scoped=""/>
        <function-ref name="clr" ref="0x2b61060561b0" scoped=""/>
      </interface-functions>
    </interface><interface loc="156:/opt/tinyos-release-tinyos-2_1_2//tos/chips/msp430/pins/HplMsp430GeneralIOC.nc" name="UTXD1" provided="1" ref="0x2b6106052580">
      <component-ref nicename="HplMsp430GeneralIOC" qname="HplMsp430GeneralIOC"/>
      <type-interface alignment="I:2" size="I:2"><interface-ref name="UTXD1" ref="0x2b6106052580" scoped=""/></type-interface>
      <instance>
        <interfacedef-ref nicename="HplMsp430GeneralIO" qname="HplMsp430GeneralIO"/>
      </instance>
      <interface-functions>
        <function-ref name="makeInput" ref="0x2b6106052900" scoped=""/>
        <function-ref name="isInput" ref="0x2b6106052a90" scoped=""/>
        <function-ref name="setResistor" ref="0x2b6106052c20" scoped=""/>
        <function-ref name="toggle" ref="0x2b6106052db0" scoped=""/>
        <function-ref name="isOutput" ref="0x2b6106051020" scoped=""/>
        <function-ref name="getResistor" ref="0x2b61060511b0" scoped=""/>
        <function-ref name="makeOutput" ref="0x2b6106051340" scoped=""/>
        <function-ref name="get" ref="0x2b61060514d0" scoped=""/>
        <function-ref name="selectIOFunc" ref="0x2b6106051660" scoped=""/>
        <function-ref name="getRaw" ref="0x2b61060517f0" scoped=""/>
        <function-ref name="set" ref="0x2b6106051980" scoped=""/>
        <function-ref name="selectModuleFunc" ref="0x2b6106051b10" scoped=""/>
        <function-ref name="isIOFunc" ref="0x2b6106051ca0" scoped=""/>
        <function-ref name="isModuleFunc" ref="0x2b6106050020" scoped=""/>
        <function-ref name="clr" ref="0x2b61060501b0" scoped=""/>
      </interface-functions>
    </interface><interface loc="154:/opt/tinyos-release-tinyos-2_1_2//tos/chips/msp430/pins/HplMsp430GeneralIOC.nc" name="SOMI1" provided="1" ref="0x2b6106056580">
      <component-ref nicename="HplMsp430GeneralIOC" qname="HplMsp430GeneralIOC"/>
      <type-interface alignment="I:2" size="I:2"><interface-ref name="SOMI1" ref="0x2b6106056580" scoped=""/></type-interface>
      <instance>
        <interfacedef-ref nicename="HplMsp430GeneralIO" qname="HplMsp430GeneralIO"/>
      </instance>
      <interface-functions>
        <function-ref name="makeInput" ref="0x2b6106056900" scoped=""/>
        <function-ref name="isInput" ref="0x2b6106056a90" scoped=""/>
        <function-ref name="setResistor" ref="0x2b6106056c20" scoped=""/>
        <function-ref name="toggle" ref="0x2b6106056db0" scoped=""/>
        <function-ref name="isOutput" ref="0x2b6106055020" scoped=""/>
        <function-ref name="getResistor" ref="0x2b61060551b0" scoped=""/>
        <function-ref name="makeOutput" ref="0x2b6106055340" scoped=""/>
        <function-ref name="get" ref="0x2b61060554d0" scoped=""/>
        <function-ref name="selectIOFunc" ref="0x2b6106055660" scoped=""/>
        <function-ref name="getRaw" ref="0x2b61060557f0" scoped=""/>
        <function-ref name="set" ref="0x2b6106055980" scoped=""/>
        <function-ref name="selectModuleFunc" ref="0x2b6106055b10" scoped=""/>
        <function-ref name="isIOFunc" ref="0x2b6106055ca0" scoped=""/>
        <function-ref name="isModuleFunc" ref="0x2b6106054020" scoped=""/>
        <function-ref name="clr" ref="0x2b61060541b0" scoped=""/>
      </interface-functions>
    </interface><interface loc="81:/opt/tinyos-release-tinyos-2_1_2//tos/chips/msp430/usart/HplMsp430Usart1P.nc" name="URXD" provided="0" ref="0x2b6107327670">
      <component-ref nicename="HplMsp430Usart1P" qname="HplMsp430Usart1P"/>
      <type-interface alignment="I:2" size="I:2"><interface-ref name="URXD" ref="0x2b6107327670" scoped=""/></type-interface>
      <instance>
        <interfacedef-ref nicename="HplMsp430GeneralIO" qname="HplMsp430GeneralIO"/>
      </instance>
      <interface-functions>
        <function-ref name="makeInput" ref="0x2b61073279f0" scoped=""/>
        <function-ref name="isInput" ref="0x2b6107327b80" scoped=""/>
        <function-ref name="setResistor" ref="0x2b6107327d10" scoped=""/>
        <function-ref name="toggle" ref="0x2b6107326020" scoped=""/>
        <function-ref name="isOutput" ref="0x2b61073261b0" scoped=""/>
        <function-ref name="getResistor" ref="0x2b6107326340" scoped=""/>
        <function-ref name="makeOutput" ref="0x2b61073264d0" scoped=""/>
        <function-ref name="get" ref="0x2b6107326660" scoped=""/>
        <function-ref name="selectIOFunc" ref="0x2b61073267f0" scoped=""/>
        <function-ref name="getRaw" ref="0x2b6107326980" scoped=""/>
        <function-ref name="set" ref="0x2b6107326b10" scoped=""/>
        <function-ref name="selectModuleFunc" ref="0x2b6107326ca0" scoped=""/>
        <function-ref name="isIOFunc" ref="0x2b6107326e30" scoped=""/>
        <function-ref name="isModuleFunc" ref="0x2b6107325120" scoped=""/>
        <function-ref name="clr" ref="0x2b61073252b0" scoped=""/>
      </interface-functions>
    </interface><interface loc="79:/opt/tinyos-release-tinyos-2_1_2//tos/chips/msp430/usart/HplMsp430Usart1P.nc" name="SOMI" provided="0" ref="0x2b610732b670">
      <component-ref nicename="HplMsp430Usart1P" qname="HplMsp430Usart1P"/>
      <type-interface alignment="I:2" size="I:2"><interface-ref name="SOMI" ref="0x2b610732b670" scoped=""/></type-interface>
      <instance>
        <interfacedef-ref nicename="HplMsp430GeneralIO" qname="HplMsp430GeneralIO"/>
      </instance>
      <interface-functions>
        <function-ref name="makeInput" ref="0x2b610732b9f0" scoped=""/>
        <function-ref name="isInput" ref="0x2b610732bb80" scoped=""/>
        <function-ref name="setResistor" ref="0x2b610732bd10" scoped=""/>
        <function-ref name="toggle" ref="0x2b610732a020" scoped=""/>
        <function-ref name="isOutput" ref="0x2b610732a1b0" scoped=""/>
        <function-ref name="getResistor" ref="0x2b610732a340" scoped=""/>
        <function-ref name="makeOutput" ref="0x2b610732a4d0" scoped=""/>
        <function-ref name="get" ref="0x2b610732a660" scoped=""/>
        <function-ref name="selectIOFunc" ref="0x2b610732a7f0" scoped=""/>
        <function-ref name="getRaw" ref="0x2b610732a980" scoped=""/>
        <function-ref name="set" ref="0x2b610732ab10" scoped=""/>
        <function-ref name="selectModuleFunc" ref="0x2b610732aca0" scoped=""/>
        <function-ref name="isIOFunc" ref="0x2b610732ae30" scoped=""/>
        <function-ref name="isModuleFunc" ref="0x2b6107329120" scoped=""/>
        <function-ref name="clr" ref="0x2b61073292b0" scoped=""/>
      </interface-functions>
    </interface><interface loc="82:/opt/tinyos-release-tinyos-2_1_2//tos/chips/msp430/usart/HplMsp430Usart1P.nc" name="UTXD" provided="0" ref="0x2b6107325670">
      <component-ref nicename="HplMsp430Usart1P" qname="HplMsp430Usart1P"/>
      <type-interface alignment="I:2" size="I:2"><interface-ref name="UTXD" ref="0x2b6107325670" scoped=""/></type-interface>
      <instance>
        <interfacedef-ref nicename="HplMsp430GeneralIO" qname="HplMsp430GeneralIO"/>
      </instance>
      <interface-functions>
        <function-ref name="makeInput" ref="0x2b61073259f0" scoped=""/>
        <function-ref name="isInput" ref="0x2b6107325b80" scoped=""/>
        <function-ref name="setResistor" ref="0x2b6107325d10" scoped=""/>
        <function-ref name="toggle" ref="0x2b6107324020" scoped=""/>
        <function-ref name="isOutput" ref="0x2b61073241b0" scoped=""/>
        <function-ref name="getResistor" ref="0x2b6107324340" scoped=""/>
        <function-ref name="makeOutput" ref="0x2b61073244d0" scoped=""/>
        <function-ref name="get" ref="0x2b6107324660" scoped=""/>
        <function-ref name="selectIOFunc" ref="0x2b61073247f0" scoped=""/>
        <function-ref name="getRaw" ref="0x2b6107324980" scoped=""/>
        <function-ref name="set" ref="0x2b6107324b10" scoped=""/>
        <function-ref name="selectModuleFunc" ref="0x2b6107324ca0" scoped=""/>
        <function-ref name="isIOFunc" ref="0x2b6107324e30" scoped=""/>
        <function-ref name="isModuleFunc" ref="0x2b6107323120" scoped=""/>
        <function-ref name="clr" ref="0x2b61073232b0" scoped=""/>
      </interface-functions>
    </interface><interface loc="157:/opt/tinyos-release-tinyos-2_1_2//tos/chips/msp430/pins/HplMsp430GeneralIOC.nc" name="URXD1" provided="1" ref="0x2b6106050580">
      <component-ref nicename="HplMsp430GeneralIOC" qname="HplMsp430GeneralIOC"/>
      <type-interface alignment="I:2" size="I:2"><interface-ref name="URXD1" ref="0x2b6106050580" scoped=""/></type-interface>
      <instance>
        <interfacedef-ref nicename="HplMsp430GeneralIO" qname="HplMsp430GeneralIO"/>
      </instance>
      <interface-functions>
        <function-ref name="makeInput" ref="0x2b6106050900" scoped=""/>
        <function-ref name="isInput" ref="0x2b6106050a90" scoped=""/>
        <function-ref name="setResistor" ref="0x2b6106050c20" scoped=""/>
        <function-ref name="toggle" ref="0x2b6106050db0" scoped=""/>
        <function-ref name="isOutput" ref="0x2b610604f020" scoped=""/>
        <function-ref name="getResistor" ref="0x2b610604f1b0" scoped=""/>
        <function-ref name="makeOutput" ref="0x2b610604f340" scoped=""/>
        <function-ref name="get" ref="0x2b610604f4d0" scoped=""/>
        <function-ref name="selectIOFunc" ref="0x2b610604f660" scoped=""/>
        <function-ref name="getRaw" ref="0x2b610604f7f0" scoped=""/>
        <function-ref name="set" ref="0x2b610604f980" scoped=""/>
        <function-ref name="selectModuleFunc" ref="0x2b610604fb10" scoped=""/>
        <function-ref name="isIOFunc" ref="0x2b610604fca0" scoped=""/>
        <function-ref name="isModuleFunc" ref="0x2b610604e020" scoped=""/>
        <function-ref name="clr" ref="0x2b610604e1b0" scoped=""/>
      </interface-functions>
    </interface><component loc="45:/opt/tinyos-release-tinyos-2_1_2//tos/chips/msp430/pins/HplMsp430GeneralIOC.nc" nicename="HplMsp430GeneralIOC" qname="HplMsp430GeneralIOC">
      <documentation loc="35:/opt/tinyos-release-tinyos-2_1_2//tos/chips/msp430/pins/HplMsp430GeneralIOC.nc">
        <short>
 HPL for the TI MSP430 family of microprocessors.</short>
        <long>
 HPL for the TI MSP430 family of microprocessors. This provides an
 abstraction for general-purpose I/O.

 @author Joe Polastre
 @author Xavier Orduna &lt;xorduna@dexmatech.com&gt;
 @author Peter A. Bigot &lt;pab@peoplepowerco.com&gt;
 @author Eric B. Decker &lt;cire831@gmail.com&gt;
</long>
      </documentation>
      <configuration/>
      <wiring>
        <wire loc="442:/opt/tinyos-release-tinyos-2_1_2//tos/chips/msp430/pins/HplMsp430GeneralIOC.nc">
          <from><interface-ref name="Port14" ref="0x2b6105fc8020" scoped=""/></from>
          <to><interface-ref name="IO" ref="0x2b61060a9100" scoped=""/></to>
        </wire>
        <wire loc="455:/opt/tinyos-release-tinyos-2_1_2//tos/chips/msp430/pins/HplMsp430GeneralIOC.nc">
          <from><interface-ref name="Port26" ref="0x2b6105fdd020" scoped=""/></from>
          <to><interface-ref name="IO" ref="0x2b61060d3d10" scoped=""/></to>
        </wire>
        <wire loc="531:/opt/tinyos-release-tinyos-2_1_2//tos/chips/msp430/pins/HplMsp430GeneralIOC.nc">
          <from><interface-ref name="SDA" ref="0x2b610603c560" scoped=""/></from>
          <to><interface-ref name="IO" ref="0x2b61060f2d10" scoped=""/></to>
        </wire>
        <wire loc="551:/opt/tinyos-release-tinyos-2_1_2//tos/chips/msp430/pins/HplMsp430GeneralIOC.nc">
          <from><interface-ref name="ADC6" ref="0x2b610606e570" scoped=""/></from>
          <to><interface-ref name="IO" ref="0x2b6106180100" scoped=""/></to>
        </wire>
        <wire loc="532:/opt/tinyos-release-tinyos-2_1_2//tos/chips/msp430/pins/HplMsp430GeneralIOC.nc">
          <from><interface-ref name="SOMI0" ref="0x2b610603a580" scoped=""/></from>
          <to><interface-ref name="IO" ref="0x2b61060ed740" scoped=""/></to>
        </wire>
        <wire loc="460:/opt/tinyos-release-tinyos-2_1_2//tos/chips/msp430/pins/HplMsp430GeneralIOC.nc">
          <from><interface-ref name="Port30" ref="0x2b6106003020" scoped=""/></from>
          <to><interface-ref name="IO" ref="0x2b61060c9100" scoped=""/></to>
        </wire>
        <wire loc="473:/opt/tinyos-release-tinyos-2_1_2//tos/chips/msp430/pins/HplMsp430GeneralIOC.nc">
          <from><interface-ref name="Port42" ref="0x2b6105fef200" scoped=""/></from>
          <to><interface-ref name="IO" ref="0x2b61060f5e00" scoped=""/></to>
        </wire>
        <wire loc="486:/opt/tinyos-release-tinyos-2_1_2//tos/chips/msp430/pins/HplMsp430GeneralIOC.nc">
          <from><interface-ref name="Port54" ref="0x2b6106004200" scoped=""/></from>
          <to><interface-ref name="IO" ref="0x2b6106150740" scoped=""/></to>
        </wire>
        <wire loc="497:/opt/tinyos-release-tinyos-2_1_2//tos/chips/msp430/pins/HplMsp430GeneralIOC.nc">
          <from><interface-ref name="Port64" ref="0x2b610601e200" scoped=""/></from>
          <to><interface-ref name="IO" ref="0x2b610615ad10" scoped=""/></to>
        </wire>
        <wire loc="535:/opt/tinyos-release-tinyos-2_1_2//tos/chips/msp430/pins/HplMsp430GeneralIOC.nc">
          <from><interface-ref name="UTXD0" ref="0x2b6106034580" scoped=""/></from>
          <to><interface-ref name="IO" ref="0x2b61060e4d10" scoped=""/></to>
        </wire>
        <wire loc="545:/opt/tinyos-release-tinyos-2_1_2//tos/chips/msp430/pins/HplMsp430GeneralIOC.nc">
          <from><interface-ref name="ADC0" ref="0x2b610604e570" scoped=""/></from>
          <to><interface-ref name="IO" ref="0x2b610613c100" scoped=""/></to>
        </wire>
        <wire loc="557:/opt/tinyos-release-tinyos-2_1_2//tos/chips/msp430/pins/HplMsp430GeneralIOC.nc">
          <from><interface-ref name="SVSIN" ref="0x2b6106066580" scoped=""/></from>
          <to><interface-ref name="IO" ref="0x2b610617cd10" scoped=""/></to>
        </wire>
        <wire loc="445:/opt/tinyos-release-tinyos-2_1_2//tos/chips/msp430/pins/HplMsp430GeneralIOC.nc">
          <from><interface-ref name="Port17" ref="0x2b6105fec020" scoped=""/></from>
          <to><interface-ref name="IO" ref="0x2b610609b100" scoped=""/></to>
        </wire>
        <wire loc="536:/opt/tinyos-release-tinyos-2_1_2//tos/chips/msp430/pins/HplMsp430GeneralIOC.nc">
          <from><interface-ref name="URXD0" ref="0x2b6106032580" scoped=""/></from>
          <to><interface-ref name="IO" ref="0x2b61060df740" scoped=""/></to>
        </wire>
        <wire loc="450:/opt/tinyos-release-tinyos-2_1_2//tos/chips/msp430/pins/HplMsp430GeneralIOC.nc">
          <from><interface-ref name="Port21" ref="0x2b6105fe8020" scoped=""/></from>
          <to><interface-ref name="IO" ref="0x2b61060bd740" scoped=""/></to>
        </wire>
        <wire loc="463:/opt/tinyos-release-tinyos-2_1_2//tos/chips/msp430/pins/HplMsp430GeneralIOC.nc">
          <from><interface-ref name="Port33" ref="0x2b6105ffd020" scoped=""/></from>
          <to><interface-ref name="IO" ref="0x2b61060e8100" scoped=""/></to>
        </wire>
        <wire loc="476:/opt/tinyos-release-tinyos-2_1_2//tos/chips/msp430/pins/HplMsp430GeneralIOC.nc">
          <from><interface-ref name="Port45" ref="0x2b6106013200" scoped=""/></from>
          <to><interface-ref name="IO" ref="0x2b6106115d10" scoped=""/></to>
        </wire>
        <wire loc="489:/opt/tinyos-release-tinyos-2_1_2//tos/chips/msp430/pins/HplMsp430GeneralIOC.nc">
          <from><interface-ref name="Port57" ref="0x2b6106028200" scoped=""/></from>
          <to><interface-ref name="IO" ref="0x2b6106142740" scoped=""/></to>
        </wire>
        <wire loc="500:/opt/tinyos-release-tinyos-2_1_2//tos/chips/msp430/pins/HplMsp430GeneralIOC.nc">
          <from><interface-ref name="Port67" ref="0x2b6106042200" scoped=""/></from>
          <to><interface-ref name="IO" ref="0x2b610617cd10" scoped=""/></to>
        </wire>
        <wire loc="440:/opt/tinyos-release-tinyos-2_1_2//tos/chips/msp430/pins/HplMsp430GeneralIOC.nc">
          <from><interface-ref name="Port12" ref="0x2b6105fcc020" scoped=""/></from>
          <to><interface-ref name="IO" ref="0x2b6106087d10" scoped=""/></to>
        </wire>
        <wire loc="453:/opt/tinyos-release-tinyos-2_1_2//tos/chips/msp430/pins/HplMsp430GeneralIOC.nc">
          <from><interface-ref name="Port24" ref="0x2b6105fe1020" scoped=""/></from>
          <to><interface-ref name="IO" ref="0x2b61060dc860" scoped=""/></to>
        </wire>
        <wire loc="466:/opt/tinyos-release-tinyos-2_1_2//tos/chips/msp430/pins/HplMsp430GeneralIOC.nc">
          <from><interface-ref name="Port36" ref="0x2b6105ff7020" scoped=""/></from>
          <to><interface-ref name="IO" ref="0x2b6106108100" scoped=""/></to>
        </wire>
        <wire loc="530:/opt/tinyos-release-tinyos-2_1_2//tos/chips/msp430/pins/HplMsp430GeneralIOC.nc">
          <from><interface-ref name="SIMO0" ref="0x2b610603e580" scoped=""/></from>
          <to><interface-ref name="IO" ref="0x2b61060f2d10" scoped=""/></to>
        </wire>
        <wire loc="548:/opt/tinyos-release-tinyos-2_1_2//tos/chips/msp430/pins/HplMsp430GeneralIOC.nc">
          <from><interface-ref name="ADC3" ref="0x2b6106048570" scoped=""/></from>
          <to><interface-ref name="IO" ref="0x2b610615e100" scoped=""/></to>
        </wire>
        <wire loc="555:/opt/tinyos-release-tinyos-2_1_2//tos/chips/msp430/pins/HplMsp430GeneralIOC.nc">
          <from><interface-ref name="DAC1" ref="0x2b6106068570" scoped=""/></from>
          <to><interface-ref name="IO" ref="0x2b610617cd10" scoped=""/></to>
        </wire>
        <wire loc="541:/opt/tinyos-release-tinyos-2_1_2//tos/chips/msp430/pins/HplMsp430GeneralIOC.nc">
          <from><interface-ref name="UCLK1" ref="0x2b6106054580" scoped=""/></from>
          <to><interface-ref name="IO" ref="0x2b6106126d10" scoped=""/></to>
        </wire>
        <wire loc="471:/opt/tinyos-release-tinyos-2_1_2//tos/chips/msp430/pins/HplMsp430GeneralIOC.nc">
          <from><interface-ref name="Port40" ref="0x2b6105ff3020" scoped=""/></from>
          <to><interface-ref name="IO" ref="0x2b61060ffa60" scoped=""/></to>
        </wire>
        <wire loc="484:/opt/tinyos-release-tinyos-2_1_2//tos/chips/msp430/pins/HplMsp430GeneralIOC.nc">
          <from><interface-ref name="Port52" ref="0x2b6106008200" scoped=""/></from>
          <to><interface-ref name="IO" ref="0x2b610612a100" scoped=""/></to>
        </wire>
        <wire loc="495:/opt/tinyos-release-tinyos-2_1_2//tos/chips/msp430/pins/HplMsp430GeneralIOC.nc">
          <from><interface-ref name="Port62" ref="0x2b6106022200" scoped=""/></from>
          <to><interface-ref name="IO" ref="0x2b6106163740" scoped=""/></to>
        </wire>
        <wire loc="549:/opt/tinyos-release-tinyos-2_1_2//tos/chips/msp430/pins/HplMsp430GeneralIOC.nc">
          <from><interface-ref name="ADC4" ref="0x2b6106046570" scoped=""/></from>
          <to><interface-ref name="IO" ref="0x2b610615ad10" scoped=""/></to>
        </wire>
        <wire loc="538:/opt/tinyos-release-tinyos-2_1_2//tos/chips/msp430/pins/HplMsp430GeneralIOC.nc">
          <from><interface-ref name="STE1" ref="0x2b6106030570" scoped=""/></from>
          <to><interface-ref name="IO" ref="0x2b6106134d10" scoped=""/></to>
        </wire>
        <wire loc="443:/opt/tinyos-release-tinyos-2_1_2//tos/chips/msp430/pins/HplMsp430GeneralIOC.nc">
          <from><interface-ref name="Port15" ref="0x2b6105fc6020" scoped=""/></from>
          <to><interface-ref name="IO" ref="0x2b61060a5d10" scoped=""/></to>
        </wire>
        <wire loc="456:/opt/tinyos-release-tinyos-2_1_2//tos/chips/msp430/pins/HplMsp430GeneralIOC.nc">
          <from><interface-ref name="Port27" ref="0x2b6105fdb020" scoped=""/></from>
          <to><interface-ref name="IO" ref="0x2b61060ce740" scoped=""/></to>
        </wire>
        <wire loc="493:/opt/tinyos-release-tinyos-2_1_2//tos/chips/msp430/pins/HplMsp430GeneralIOC.nc">
          <from><interface-ref name="Port60" ref="0x2b6106026200" scoped=""/></from>
          <to><interface-ref name="IO" ref="0x2b610613c100" scoped=""/></to>
        </wire>
        <wire loc="461:/opt/tinyos-release-tinyos-2_1_2//tos/chips/msp430/pins/HplMsp430GeneralIOC.nc">
          <from><interface-ref name="Port31" ref="0x2b6106001020" scoped=""/></from>
          <to><interface-ref name="IO" ref="0x2b61060f2d10" scoped=""/></to>
        </wire>
        <wire loc="474:/opt/tinyos-release-tinyos-2_1_2//tos/chips/msp430/pins/HplMsp430GeneralIOC.nc">
          <from><interface-ref name="Port43" ref="0x2b6106017200" scoped=""/></from>
          <to><interface-ref name="IO" ref="0x2b610611e740" scoped=""/></to>
        </wire>
        <wire loc="487:/opt/tinyos-release-tinyos-2_1_2//tos/chips/msp430/pins/HplMsp430GeneralIOC.nc">
          <from><interface-ref name="Port55" ref="0x2b610602c200" scoped=""/></from>
          <to><interface-ref name="IO" ref="0x2b610614b100" scoped=""/></to>
        </wire>
        <wire loc="498:/opt/tinyos-release-tinyos-2_1_2//tos/chips/msp430/pins/HplMsp430GeneralIOC.nc">
          <from><interface-ref name="Port65" ref="0x2b610601c200" scoped=""/></from>
          <to><interface-ref name="IO" ref="0x2b6106155740" scoped=""/></to>
        </wire>
        <wire loc="540:/opt/tinyos-release-tinyos-2_1_2//tos/chips/msp430/pins/HplMsp430GeneralIOC.nc">
          <from><interface-ref name="SOMI1" ref="0x2b6106056580" scoped=""/></from>
          <to><interface-ref name="IO" ref="0x2b610612a100" scoped=""/></to>
        </wire>
        <wire loc="438:/opt/tinyos-release-tinyos-2_1_2//tos/chips/msp430/pins/HplMsp430GeneralIOC.nc">
          <from><interface-ref name="Port10" ref="0x2b6105fd9020" scoped=""/></from>
          <to><interface-ref name="IO" ref="0x2b61060916d0" scoped=""/></to>
        </wire>
        <wire loc="451:/opt/tinyos-release-tinyos-2_1_2//tos/chips/msp430/pins/HplMsp430GeneralIOC.nc">
          <from><interface-ref name="Port22" ref="0x2b6105fe6020" scoped=""/></from>
          <to><interface-ref name="IO" ref="0x2b61060b8100" scoped=""/></to>
        </wire>
        <wire loc="464:/opt/tinyos-release-tinyos-2_1_2//tos/chips/msp430/pins/HplMsp430GeneralIOC.nc">
          <from><interface-ref name="Port34" ref="0x2b6105ffb020" scoped=""/></from>
          <to><interface-ref name="IO" ref="0x2b61060e4d10" scoped=""/></to>
        </wire>
        <wire loc="477:/opt/tinyos-release-tinyos-2_1_2//tos/chips/msp430/pins/HplMsp430GeneralIOC.nc">
          <from><interface-ref name="Port46" ref="0x2b6106011200" scoped=""/></from>
          <to><interface-ref name="IO" ref="0x2b6106110740" scoped=""/></to>
        </wire>
        <wire loc="542:/opt/tinyos-release-tinyos-2_1_2//tos/chips/msp430/pins/HplMsp430GeneralIOC.nc">
          <from><interface-ref name="UTXD1" ref="0x2b6106052580" scoped=""/></from>
          <to><interface-ref name="IO" ref="0x2b6106108100" scoped=""/></to>
        </wire>
        <wire loc="546:/opt/tinyos-release-tinyos-2_1_2//tos/chips/msp430/pins/HplMsp430GeneralIOC.nc">
          <from><interface-ref name="ADC1" ref="0x2b610604c570" scoped=""/></from>
          <to><interface-ref name="IO" ref="0x2b6106168d10" scoped=""/></to>
        </wire>
        <wire loc="552:/opt/tinyos-release-tinyos-2_1_2//tos/chips/msp430/pins/HplMsp430GeneralIOC.nc">
          <from><interface-ref name="ADC7" ref="0x2b610606c570" scoped=""/></from>
          <to><interface-ref name="IO" ref="0x2b610617cd10" scoped=""/></to>
        </wire>
        <wire loc="482:/opt/tinyos-release-tinyos-2_1_2//tos/chips/msp430/pins/HplMsp430GeneralIOC.nc">
          <from><interface-ref name="Port50" ref="0x2b610600d200" scoped=""/></from>
          <to><interface-ref name="IO" ref="0x2b6106134d10" scoped=""/></to>
        </wire>
        <wire loc="543:/opt/tinyos-release-tinyos-2_1_2//tos/chips/msp430/pins/HplMsp430GeneralIOC.nc">
          <from><interface-ref name="URXD1" ref="0x2b6106050580" scoped=""/></from>
          <to><interface-ref name="IO" ref="0x2b6106104d10" scoped=""/></to>
        </wire>
        <wire loc="441:/opt/tinyos-release-tinyos-2_1_2//tos/chips/msp430/pins/HplMsp430GeneralIOC.nc">
          <from><interface-ref name="Port13" ref="0x2b6105fca020" scoped=""/></from>
          <to><interface-ref name="IO" ref="0x2b61060ae740" scoped=""/></to>
        </wire>
        <wire loc="454:/opt/tinyos-release-tinyos-2_1_2//tos/chips/msp430/pins/HplMsp430GeneralIOC.nc">
          <from><interface-ref name="Port25" ref="0x2b6105fdf020" scoped=""/></from>
          <to><interface-ref name="IO" ref="0x2b61060d7270" scoped=""/></to>
        </wire>
        <wire loc="467:/opt/tinyos-release-tinyos-2_1_2//tos/chips/msp430/pins/HplMsp430GeneralIOC.nc">
          <from><interface-ref name="Port37" ref="0x2b6105ff5020" scoped=""/></from>
          <to><interface-ref name="IO" ref="0x2b6106104d10" scoped=""/></to>
        </wire>
        <wire loc="539:/opt/tinyos-release-tinyos-2_1_2//tos/chips/msp430/pins/HplMsp430GeneralIOC.nc">
          <from><interface-ref name="SIMO1" ref="0x2b610602e580" scoped=""/></from>
          <to><interface-ref name="IO" ref="0x2b610612f740" scoped=""/></to>
        </wire>
        <wire loc="550:/opt/tinyos-release-tinyos-2_1_2//tos/chips/msp430/pins/HplMsp430GeneralIOC.nc">
          <from><interface-ref name="ADC5" ref="0x2b6106044570" scoped=""/></from>
          <to><interface-ref name="IO" ref="0x2b6106155740" scoped=""/></to>
        </wire>
        <wire loc="472:/opt/tinyos-release-tinyos-2_1_2//tos/chips/msp430/pins/HplMsp430GeneralIOC.nc">
          <from><interface-ref name="Port41" ref="0x2b6105ff1200" scoped=""/></from>
          <to><interface-ref name="IO" ref="0x2b61060f9460" scoped=""/></to>
        </wire>
        <wire loc="485:/opt/tinyos-release-tinyos-2_1_2//tos/chips/msp430/pins/HplMsp430GeneralIOC.nc">
          <from><interface-ref name="Port53" ref="0x2b6106006200" scoped=""/></from>
          <to><interface-ref name="IO" ref="0x2b6106126d10" scoped=""/></to>
        </wire>
        <wire loc="496:/opt/tinyos-release-tinyos-2_1_2//tos/chips/msp430/pins/HplMsp430GeneralIOC.nc">
          <from><interface-ref name="Port63" ref="0x2b6106020200" scoped=""/></from>
          <to><interface-ref name="IO" ref="0x2b610615e100" scoped=""/></to>
        </wire>
        <wire loc="444:/opt/tinyos-release-tinyos-2_1_2//tos/chips/msp430/pins/HplMsp430GeneralIOC.nc">
          <from><interface-ref name="Port16" ref="0x2b6105fee020" scoped=""/></from>
          <to><interface-ref name="IO" ref="0x2b61060a0740" scoped=""/></to>
        </wire>
        <wire loc="494:/opt/tinyos-release-tinyos-2_1_2//tos/chips/msp430/pins/HplMsp430GeneralIOC.nc">
          <from><interface-ref name="Port61" ref="0x2b6106024200" scoped=""/></from>
          <to><interface-ref name="IO" ref="0x2b6106168d10" scoped=""/></to>
        </wire>
        <wire loc="449:/opt/tinyos-release-tinyos-2_1_2//tos/chips/msp430/pins/HplMsp430GeneralIOC.nc">
          <from><interface-ref name="Port20" ref="0x2b6105fea020" scoped=""/></from>
          <to><interface-ref name="IO" ref="0x2b61060c3d10" scoped=""/></to>
        </wire>
        <wire loc="462:/opt/tinyos-release-tinyos-2_1_2//tos/chips/msp430/pins/HplMsp430GeneralIOC.nc">
          <from><interface-ref name="Port32" ref="0x2b6105fff020" scoped=""/></from>
          <to><interface-ref name="IO" ref="0x2b61060ed740" scoped=""/></to>
        </wire>
        <wire loc="475:/opt/tinyos-release-tinyos-2_1_2//tos/chips/msp430/pins/HplMsp430GeneralIOC.nc">
          <from><interface-ref name="Port44" ref="0x2b6106015200" scoped=""/></from>
          <to><interface-ref name="IO" ref="0x2b6106119100" scoped=""/></to>
        </wire>
        <wire loc="488:/opt/tinyos-release-tinyos-2_1_2//tos/chips/msp430/pins/HplMsp430GeneralIOC.nc">
          <from><interface-ref name="Port56" ref="0x2b610602a200" scoped=""/></from>
          <to><interface-ref name="IO" ref="0x2b6106147d10" scoped=""/></to>
        </wire>
        <wire loc="499:/opt/tinyos-release-tinyos-2_1_2//tos/chips/msp430/pins/HplMsp430GeneralIOC.nc">
          <from><interface-ref name="Port66" ref="0x2b610601a200" scoped=""/></from>
          <to><interface-ref name="IO" ref="0x2b6106180100" scoped=""/></to>
        </wire>
        <wire loc="439:/opt/tinyos-release-tinyos-2_1_2//tos/chips/msp430/pins/HplMsp430GeneralIOC.nc">
          <from><interface-ref name="Port11" ref="0x2b6105fce020" scoped=""/></from>
          <to><interface-ref name="IO" ref="0x2b610608c100" scoped=""/></to>
        </wire>
        <wire loc="452:/opt/tinyos-release-tinyos-2_1_2//tos/chips/msp430/pins/HplMsp430GeneralIOC.nc">
          <from><interface-ref name="Port23" ref="0x2b6105fe3020" scoped=""/></from>
          <to><interface-ref name="IO" ref="0x2b61060b4d10" scoped=""/></to>
        </wire>
        <wire loc="465:/opt/tinyos-release-tinyos-2_1_2//tos/chips/msp430/pins/HplMsp430GeneralIOC.nc">
          <from><interface-ref name="Port35" ref="0x2b6105ff9020" scoped=""/></from>
          <to><interface-ref name="IO" ref="0x2b61060df740" scoped=""/></to>
        </wire>
        <wire loc="478:/opt/tinyos-release-tinyos-2_1_2//tos/chips/msp430/pins/HplMsp430GeneralIOC.nc">
          <from><interface-ref name="Port47" ref="0x2b610600f200" scoped=""/></from>
          <to><interface-ref name="IO" ref="0x2b6106139100" scoped=""/></to>
        </wire>
        <wire loc="534:/opt/tinyos-release-tinyos-2_1_2//tos/chips/msp430/pins/HplMsp430GeneralIOC.nc">
          <from><interface-ref name="SCL" ref="0x2b6106036560" scoped=""/></from>
          <to><interface-ref name="IO" ref="0x2b61060e8100" scoped=""/></to>
        </wire>
        <wire loc="547:/opt/tinyos-release-tinyos-2_1_2//tos/chips/msp430/pins/HplMsp430GeneralIOC.nc">
          <from><interface-ref name="ADC2" ref="0x2b610604a570" scoped=""/></from>
          <to><interface-ref name="IO" ref="0x2b6106163740" scoped=""/></to>
        </wire>
        <wire loc="533:/opt/tinyos-release-tinyos-2_1_2//tos/chips/msp430/pins/HplMsp430GeneralIOC.nc">
          <from><interface-ref name="UCLK0" ref="0x2b6106038580" scoped=""/></from>
          <to><interface-ref name="IO" ref="0x2b61060e8100" scoped=""/></to>
        </wire>
        <wire loc="483:/opt/tinyos-release-tinyos-2_1_2//tos/chips/msp430/pins/HplMsp430GeneralIOC.nc">
          <from><interface-ref name="Port51" ref="0x2b610600b200" scoped=""/></from>
          <to><interface-ref name="IO" ref="0x2b610612f740" scoped=""/></to>
        </wire>
        <wire loc="554:/opt/tinyos-release-tinyos-2_1_2//tos/chips/msp430/pins/HplMsp430GeneralIOC.nc">
          <from><interface-ref name="DAC0" ref="0x2b610606a570" scoped=""/></from>
          <to><interface-ref name="IO" ref="0x2b6106180100" scoped=""/></to>
        </wire>
        <wire loc="558:/opt/tinyos-release-tinyos-2_1_2//tos/chips/msp430/pins/HplMsp430GeneralIOC.nc">
          <from><interface-ref name="SVSOUT" ref="0x2b6106064580" scoped=""/></from>
          <to><interface-ref name="IO" ref="0x2b6106142740" scoped=""/></to>
        </wire>
        <wire loc="529:/opt/tinyos-release-tinyos-2_1_2//tos/chips/msp430/pins/HplMsp430GeneralIOC.nc">
          <from><interface-ref name="STE0" ref="0x2b61060401f0" scoped=""/></from>
          <to><interface-ref name="IO" ref="0x2b61060c9100" scoped=""/></to>
        </wire>
      </wiring>
    </component><component loc="73:/opt/tinyos-release-tinyos-2_1_2//tos/chips/msp430/usart/HplMsp430Usart1P.nc" nicename="HplMsp430Usart1P" qname="HplMsp430Usart1P">
      <documentation loc="62:/opt/tinyos-release-tinyos-2_1_2//tos/chips/msp430/usart/HplMsp430Usart1P.nc">
        <short>
 Implementation of USART1 lowlevel functionality - stateless.</short>
        <long>
 Implementation of USART1 lowlevel functionality - stateless.
 Setting a mode will by default disable USART-Interrupts.

 @author: Jan Hauer &lt;hauer@tkn.tu-berlin.de&gt;
 @author: Jonathan Hui &lt;jhui@archedrock.com&gt;
 @author: Vlado Handziski &lt;handzisk@tkn.tu-berlin.de&gt;
 @author: Joe Polastre
 @version $Revision: 1.7 $ $Date: 2010-06-04 22:30:21 $
</long>
      </documentation>
      <module/>
    </component></referenced></component>