<?xml version="1.0" ?><component loc="2:/opt/tinyos-release-tinyos-2_1_2//tos/chips/msp430/usart/HplMsp430I2C0C.nc" nicename="HplMsp430I2C0C" qname="HplMsp430I2C0C">
      <configuration/>
      <wiring>
        <wire loc="11:/opt/tinyos-release-tinyos-2_1_2//tos/chips/msp430/usart/HplMsp430I2C0C.nc">
          <from><interface-ref name="HplMsp430I2C" ref="0x2b6106a3e890" scoped=""/></from>
          <to><interface-ref name="HplI2C" ref="0x2b6106a86430" scoped=""/></to>
        </wire>
        <wire loc="14:/opt/tinyos-release-tinyos-2_1_2//tos/chips/msp430/usart/HplMsp430I2C0C.nc">
          <from><interface-ref name="HplI2C" ref="0x2b61069015b0" scoped=""/></from>
          <to><interface-ref name="HplI2C" ref="0x2b6106a86430" scoped=""/></to>
        </wire>
        <wire loc="15:/opt/tinyos-release-tinyos-2_1_2//tos/chips/msp430/usart/HplMsp430I2C0C.nc">
          <from><interface-ref name="HplUsart" ref="0x2b6106a7f250" scoped=""/></from>
          <to><interface-ref name="Usart" ref="0x2b61068e1060" scoped=""/></to>
        </wire>
        <wire loc="18:/opt/tinyos-release-tinyos-2_1_2//tos/chips/msp430/usart/HplMsp430I2C0C.nc">
          <from><interface-ref name="SIMO" ref="0x2b6106a7bd40" scoped=""/></from>
          <to><interface-ref name="SIMO0" ref="0x2b610603e580" scoped=""/></to>
        </wire>
        <wire loc="19:/opt/tinyos-release-tinyos-2_1_2//tos/chips/msp430/usart/HplMsp430I2C0C.nc">
          <from><interface-ref name="UCLK" ref="0x2b6106a79cb0" scoped=""/></from>
          <to><interface-ref name="UCLK0" ref="0x2b6106038580" scoped=""/></to>
        </wire>
      </wiring>
    <specification><interface loc="4:/opt/tinyos-release-tinyos-2_1_2//tos/chips/msp430/usart/HplMsp430I2C0C.nc" name="HplMsp430I2C" provided="1" ref="0x2b6106a3e890">
      <component-ref nicename="HplMsp430I2C0C" qname="HplMsp430I2C0C"/>
      <type-interface alignment="I:2" size="I:2"><interface-ref name="HplMsp430I2C" ref="0x2b6106a3e890" scoped=""/></type-interface>
      <instance>
        <interfacedef-ref nicename="HplMsp430I2C" qname="HplMsp430I2C"/>
      </instance>
      <interface-functions>
        <function-ref name="disableOwnAddress" ref="0x2b6106a3ec10" scoped=""/>
        <function-ref name="getStartByte" ref="0x2b6106a3eda0" scoped=""/>
        <function-ref name="setSlaveAddress" ref="0x2b6106a3b020" scoped=""/>
        <function-ref name="setMasterMode" ref="0x2b6106a3b1b0" scoped=""/>
        <function-ref name="disableTransmitReady" ref="0x2b6106a3b340" scoped=""/>
        <function-ref name="getClockPrescaler" ref="0x2b6106a3b4d0" scoped=""/>
        <function-ref name="setTransmitMode" ref="0x2b6106a3b660" scoped=""/>
        <function-ref name="getStopBit" ref="0x2b6106a3b7f0" scoped=""/>
        <function-ref name="setClockSource" ref="0x2b6106a3b980" scoped=""/>
        <function-ref name="getRepeatMode" ref="0x2b6106a3bb10" scoped=""/>
        <function-ref name="getData" ref="0x2b6106a3bca0" scoped=""/>
        <function-ref name="enableStartDetect" ref="0x2b6106a3be30" scoped=""/>
        <function-ref name="enableAccessReady" ref="0x2b6106a3a020" scoped=""/>
        <function-ref name="getSlaveAddress" ref="0x2b6106a3a2b0" scoped=""/>
        <function-ref name="isGeneralCallPending" ref="0x2b6106a3a440" scoped=""/>
        <function-ref name="getIV" ref="0x2b6106a3a5d0" scoped=""/>
        <function-ref name="enableI2C" ref="0x2b6106a3a760" scoped=""/>
        <function-ref name="setStartBit" ref="0x2b6106a3a8f0" scoped=""/>
        <function-ref name="getTransferByteCount" ref="0x2b6106a3aa80" scoped=""/>
        <function-ref name="getTransmitReceiveMode" ref="0x2b6106a3ac10" scoped=""/>
        <function-ref name="clearModeI2C" ref="0x2b6106a3ada0" scoped=""/>
        <function-ref name="setOwnAddress" ref="0x2b6106a8d020" scoped=""/>
        <function-ref name="isI2C" ref="0x2b6106a8d1b0" scoped=""/>
        <function-ref name="enableGeneralCall" ref="0x2b6106a8d340" scoped=""/>
        <function-ref name="enableOwnAddress" ref="0x2b6106a8d4d0" scoped=""/>
        <function-ref name="isAccessReadyPending" ref="0x2b6106a8d860" scoped=""/>
        <function-ref name="isArbitrationLostPending" ref="0x2b6106a8d9f0" scoped=""/>
        <function-ref name="disableReceiveReady" ref="0x2b6106a8db80" scoped=""/>
        <function-ref name="disableNoAck" ref="0x2b6106a8dd10" scoped=""/>
        <function-ref name="disableStartDetect" ref="0x2b6106a8c020" scoped=""/>
        <function-ref name="enableArbitrationLost" ref="0x2b6106a8c1b0" scoped=""/>
        <function-ref name="disableI2C" ref="0x2b6106a8c340" scoped=""/>
        <function-ref name="getShiftClock" ref="0x2b6106a8c4d0" scoped=""/>
        <function-ref name="disableArbitrationLost" ref="0x2b6106a8c660" scoped=""/>
        <function-ref name="disableAccessReady" ref="0x2b6106a8c7f0" scoped=""/>
        <function-ref name="setTransferByteCount" ref="0x2b6106a8c980" scoped=""/>
        <function-ref name="isOwnAddressPending" ref="0x2b6106a8cb10" scoped=""/>
        <function-ref name="getOwnAddress" ref="0x2b6106a8cca0" scoped=""/>
        <function-ref name="enableTransmitReady" ref="0x2b6106a8ce30" scoped=""/>
        <function-ref name="setModeI2C" ref="0x2b6106a8b020" scoped=""/>
        <function-ref name="getStartBit" ref="0x2b6106a8b1b0" scoped=""/>
        <function-ref name="setWordMode" ref="0x2b6106a8b340" scoped=""/>
        <function-ref name="setData" ref="0x2b6106a8b4d0" scoped=""/>
        <function-ref name="isStartDetectPending" ref="0x2b6106a8b660" scoped=""/>
        <function-ref name="getClockSource" ref="0x2b6106a8b7f0" scoped=""/>
        <function-ref name="getWordMode" ref="0x2b6106a8b980" scoped=""/>
        <function-ref name="setShiftClock" ref="0x2b6106a8bb10" scoped=""/>
        <function-ref name="setSlaveMode" ref="0x2b6106a8bca0" scoped=""/>
        <function-ref name="enableNoAck" ref="0x2b6106a8be30" scoped=""/>
        <function-ref name="enableReceiveReady" ref="0x2b6106a8a420" scoped=""/>
        <function-ref name="disableGeneralCall" ref="0x2b6106a8a5b0" scoped=""/>
        <function-ref name="setClockPrescaler" ref="0x2b6106a8a740" scoped=""/>
        <function-ref name="setStopBit" ref="0x2b6106a8a8d0" scoped=""/>
        <function-ref name="setReceiveMode" ref="0x2b6106a8aa60" scoped=""/>
        <function-ref name="isNoAckPending" ref="0x2b6106a8abf0" scoped=""/>
        <function-ref name="setRepeatMode" ref="0x2b6106a8ad80" scoped=""/>
        <function-ref name="isTransmitReadyPending" ref="0x2b6106a89020" scoped=""/>
        <function-ref name="setStartByte" ref="0x2b6106a891b0" scoped=""/>
        <function-ref name="isReceiveReadyPending" ref="0x2b6106a89340" scoped=""/>
      </interface-functions>
    </interface></specification><referenced><interface loc="41:/opt/tinyos-release-tinyos-2_1_2//tos/chips/msp430/usart/HplMsp430I2C0P.nc" name="HplUsart" provided="0" ref="0x2b6106a7f250">
      <component-ref nicename="HplMsp430I2C0P" qname="HplMsp430I2C0P"/>
      <type-interface alignment="I:2" size="I:2"><interface-ref name="HplUsart" ref="0x2b6106a7f250" scoped=""/></type-interface>
      <instance>
        <interfacedef-ref nicename="HplMsp430Usart" qname="HplMsp430Usart"/>
      </instance>
      <interface-functions>
        <function-ref name="isTxEmpty" ref="0x2b6106a7f5d0" scoped=""/>
        <function-ref name="enableUartRx" ref="0x2b6106a7f760" scoped=""/>
        <function-ref name="setUctl" ref="0x2b6106a7f8f0" scoped=""/>
        <function-ref name="enableUart" ref="0x2b6106a7fa80" scoped=""/>
        <function-ref name="setUrctl" ref="0x2b6106a7fc10" scoped=""/>
        <function-ref name="enableRxIntr" ref="0x2b6106a7fda0" scoped=""/>
        <function-ref name="clrRxIntr" ref="0x2b6106a7e020" scoped=""/>
        <function-ref name="getUtctl" ref="0x2b6106a7e1b0" scoped=""/>
        <function-ref name="getUrctl" ref="0x2b6106a7e340" scoped=""/>
        <function-ref name="resetUsart" ref="0x2b6106a7e4d0" scoped=""/>
        <function-ref name="getUmctl" ref="0x2b6106a7e660" scoped=""/>
        <function-ref name="disableIntr" ref="0x2b6106a7e7f0" scoped=""/>
        <function-ref name="setUtctl" ref="0x2b6106a7e980" scoped=""/>
        <function-ref name="getUbr" ref="0x2b6106a7ec10" scoped=""/>
        <function-ref name="enableTxIntr" ref="0x2b6106a7eda0" scoped=""/>
        <function-ref name="setUmctl" ref="0x2b6106a7d020" scoped=""/>
        <function-ref name="isUartRx" ref="0x2b6106a7d1b0" scoped=""/>
        <function-ref name="isUart" ref="0x2b6106a7d340" scoped=""/>
        <function-ref name="disableRxIntr" ref="0x2b6106a7d4d0" scoped=""/>
        <function-ref name="isSpi" ref="0x2b6106a7d660" scoped=""/>
        <function-ref name="enableUartTx" ref="0x2b6106a7d7f0" scoped=""/>
        <function-ref name="disableTxIntr" ref="0x2b6106a7d980" scoped=""/>
        <function-ref name="disableUartRx" ref="0x2b6106a7db10" scoped=""/>
        <function-ref name="enableIntr" ref="0x2b6106a7dca0" scoped=""/>
        <function-ref name="getMode" ref="0x2b6106a7de30" scoped=""/>
        <function-ref name="isTxIntrPending" ref="0x2b6106a7c220" scoped=""/>
        <function-ref name="clrIntr" ref="0x2b6106a7c3b0" scoped=""/>
        <function-ref name="setUbr" ref="0x2b6106a7c540" scoped=""/>
        <function-ref name="tx" ref="0x2b6106a7c6d0" scoped=""/>
        <function-ref name="getUctl" ref="0x2b6106a7c860" scoped=""/>
        <function-ref name="disableUart" ref="0x2b6106a7c9f0" scoped=""/>
        <function-ref name="enableSpi" ref="0x2b6106a7cb80" scoped=""/>
        <function-ref name="setModeUart" ref="0x2b6106a7cd10" scoped=""/>
        <function-ref name="setModeSpi" ref="0x2b6106a7b020" scoped=""/>
        <function-ref name="rx" ref="0x2b6106a7b1b0" scoped=""/>
        <function-ref name="isRxIntrPending" ref="0x2b6106a7b340" scoped=""/>
        <function-ref name="isUartTx" ref="0x2b6106a7b4d0" scoped=""/>
        <function-ref name="clrTxIntr" ref="0x2b6106a7b660" scoped=""/>
        <function-ref name="disableSpi" ref="0x2b6106a7b7f0" scoped=""/>
        <function-ref name="disableUartTx" ref="0x2b6106a7b980" scoped=""/>
      </interface-functions>
    </interface><interface loc="42:/opt/tinyos-release-tinyos-2_1_2//tos/chips/msp430/usart/HplMsp430I2C0P.nc" name="SIMO" provided="0" ref="0x2b6106a7bd40">
      <component-ref nicename="HplMsp430I2C0P" qname="HplMsp430I2C0P"/>
      <type-interface alignment="I:2" size="I:2"><interface-ref name="SIMO" ref="0x2b6106a7bd40" scoped=""/></type-interface>
      <instance>
        <interfacedef-ref nicename="HplMsp430GeneralIO" qname="HplMsp430GeneralIO"/>
      </instance>
      <interface-functions>
        <function-ref name="makeInput" ref="0x2b6106a7a0e0" scoped=""/>
        <function-ref name="isInput" ref="0x2b6106a7a270" scoped=""/>
        <function-ref name="setResistor" ref="0x2b6106a7a400" scoped=""/>
        <function-ref name="toggle" ref="0x2b6106a7a590" scoped=""/>
        <function-ref name="isOutput" ref="0x2b6106a7a720" scoped=""/>
        <function-ref name="getResistor" ref="0x2b6106a7a8b0" scoped=""/>
        <function-ref name="makeOutput" ref="0x2b6106a7aa40" scoped=""/>
        <function-ref name="get" ref="0x2b6106a7abd0" scoped=""/>
        <function-ref name="selectIOFunc" ref="0x2b6106a7ad60" scoped=""/>
        <function-ref name="getRaw" ref="0x2b6106a79020" scoped=""/>
        <function-ref name="set" ref="0x2b6106a791b0" scoped=""/>
        <function-ref name="selectModuleFunc" ref="0x2b6106a79340" scoped=""/>
        <function-ref name="isIOFunc" ref="0x2b6106a794d0" scoped=""/>
        <function-ref name="isModuleFunc" ref="0x2b6106a79760" scoped=""/>
        <function-ref name="clr" ref="0x2b6106a798f0" scoped=""/>
      </interface-functions>
    </interface><interface loc="43:/opt/tinyos-release-tinyos-2_1_2//tos/chips/msp430/usart/HplMsp430I2C0P.nc" name="UCLK" provided="0" ref="0x2b6106a79cb0">
      <component-ref nicename="HplMsp430I2C0P" qname="HplMsp430I2C0P"/>
      <type-interface alignment="I:2" size="I:2"><interface-ref name="UCLK" ref="0x2b6106a79cb0" scoped=""/></type-interface>
      <instance>
        <interfacedef-ref nicename="HplMsp430GeneralIO" qname="HplMsp430GeneralIO"/>
      </instance>
      <interface-functions>
        <function-ref name="makeInput" ref="0x2b6106a780a0" scoped=""/>
        <function-ref name="isInput" ref="0x2b6106a78230" scoped=""/>
        <function-ref name="setResistor" ref="0x2b6106a783c0" scoped=""/>
        <function-ref name="toggle" ref="0x2b6106a78550" scoped=""/>
        <function-ref name="isOutput" ref="0x2b6106a786e0" scoped=""/>
        <function-ref name="getResistor" ref="0x2b6106a78870" scoped=""/>
        <function-ref name="makeOutput" ref="0x2b6106a78a00" scoped=""/>
        <function-ref name="get" ref="0x2b6106a78b90" scoped=""/>
        <function-ref name="selectIOFunc" ref="0x2b6106a78d20" scoped=""/>
        <function-ref name="getRaw" ref="0x2b6106a77020" scoped=""/>
        <function-ref name="set" ref="0x2b6106a771b0" scoped=""/>
        <function-ref name="selectModuleFunc" ref="0x2b6106a77340" scoped=""/>
        <function-ref name="isIOFunc" ref="0x2b6106a774d0" scoped=""/>
        <function-ref name="isModuleFunc" ref="0x2b6106a77760" scoped=""/>
        <function-ref name="clr" ref="0x2b6106a778f0" scoped=""/>
      </interface-functions>
    </interface><interface loc="144:/opt/tinyos-release-tinyos-2_1_2//tos/chips/msp430/pins/HplMsp430GeneralIOC.nc" name="SIMO0" provided="1" ref="0x2b610603e580">
      <component-ref nicename="HplMsp430GeneralIOC" qname="HplMsp430GeneralIOC"/>
      <type-interface alignment="I:2" size="I:2"><interface-ref name="SIMO0" ref="0x2b610603e580" scoped=""/></type-interface>
      <instance>
        <interfacedef-ref nicename="HplMsp430GeneralIO" qname="HplMsp430GeneralIO"/>
      </instance>
      <interface-functions>
        <function-ref name="makeInput" ref="0x2b610603e900" scoped=""/>
        <function-ref name="isInput" ref="0x2b610603ea90" scoped=""/>
        <function-ref name="setResistor" ref="0x2b610603ec20" scoped=""/>
        <function-ref name="toggle" ref="0x2b610603edb0" scoped=""/>
        <function-ref name="isOutput" ref="0x2b610603d020" scoped=""/>
        <function-ref name="getResistor" ref="0x2b610603d1b0" scoped=""/>
        <function-ref name="makeOutput" ref="0x2b610603d340" scoped=""/>
        <function-ref name="get" ref="0x2b610603d4d0" scoped=""/>
        <function-ref name="selectIOFunc" ref="0x2b610603d660" scoped=""/>
        <function-ref name="getRaw" ref="0x2b610603d7f0" scoped=""/>
        <function-ref name="set" ref="0x2b610603d980" scoped=""/>
        <function-ref name="selectModuleFunc" ref="0x2b610603db10" scoped=""/>
        <function-ref name="isIOFunc" ref="0x2b610603dca0" scoped=""/>
        <function-ref name="isModuleFunc" ref="0x2b610603c020" scoped=""/>
        <function-ref name="clr" ref="0x2b610603c1b0" scoped=""/>
      </interface-functions>
    </interface><interface loc="79:/opt/tinyos-release-tinyos-2_1_2//tos/chips/msp430/usart/HplMsp430Usart0P.nc" name="HplI2C" provided="0" ref="0x2b61069015b0">
      <component-ref nicename="HplMsp430Usart0P" qname="HplMsp430Usart0P"/>
      <type-interface alignment="I:2" size="I:2"><interface-ref name="HplI2C" ref="0x2b61069015b0" scoped=""/></type-interface>
      <instance>
        <interfacedef-ref nicename="HplMsp430I2C" qname="HplMsp430I2C"/>
      </instance>
      <interface-functions>
        <function-ref name="disableOwnAddress" ref="0x2b6106901930" scoped=""/>
        <function-ref name="getStartByte" ref="0x2b6106901ac0" scoped=""/>
        <function-ref name="setSlaveAddress" ref="0x2b6106901c50" scoped=""/>
        <function-ref name="setMasterMode" ref="0x2b6106901de0" scoped=""/>
        <function-ref name="disableTransmitReady" ref="0x2b61068da020" scoped=""/>
        <function-ref name="getClockPrescaler" ref="0x2b61068da1b0" scoped=""/>
        <function-ref name="setTransmitMode" ref="0x2b61068da340" scoped=""/>
        <function-ref name="getStopBit" ref="0x2b61068da4d0" scoped=""/>
        <function-ref name="setClockSource" ref="0x2b61068da660" scoped=""/>
        <function-ref name="getRepeatMode" ref="0x2b61068da7f0" scoped=""/>
        <function-ref name="getData" ref="0x2b61068da980" scoped=""/>
        <function-ref name="enableStartDetect" ref="0x2b61068dab10" scoped=""/>
        <function-ref name="enableAccessReady" ref="0x2b61068daca0" scoped=""/>
        <function-ref name="getSlaveAddress" ref="0x2b61068d9020" scoped=""/>
        <function-ref name="isGeneralCallPending" ref="0x2b61068d91b0" scoped=""/>
        <function-ref name="getIV" ref="0x2b61068d9340" scoped=""/>
        <function-ref name="enableI2C" ref="0x2b61068d94d0" scoped=""/>
        <function-ref name="setStartBit" ref="0x2b61068d9660" scoped=""/>
        <function-ref name="getTransferByteCount" ref="0x2b61068d97f0" scoped=""/>
        <function-ref name="getTransmitReceiveMode" ref="0x2b61068d9980" scoped=""/>
        <function-ref name="clearModeI2C" ref="0x2b61068d9b10" scoped=""/>
        <function-ref name="setOwnAddress" ref="0x2b61068d9ca0" scoped=""/>
        <function-ref name="isI2C" ref="0x2b61068d9e30" scoped=""/>
        <function-ref name="enableGeneralCall" ref="0x2b6106900020" scoped=""/>
        <function-ref name="enableOwnAddress" ref="0x2b61069001b0" scoped=""/>
        <function-ref name="isAccessReadyPending" ref="0x2b6106900540" scoped=""/>
        <function-ref name="isArbitrationLostPending" ref="0x2b61069006d0" scoped=""/>
        <function-ref name="disableReceiveReady" ref="0x2b6106900860" scoped=""/>
        <function-ref name="disableNoAck" ref="0x2b61069009f0" scoped=""/>
        <function-ref name="disableStartDetect" ref="0x2b6106900b80" scoped=""/>
        <function-ref name="enableArbitrationLost" ref="0x2b6106900d10" scoped=""/>
        <function-ref name="disableI2C" ref="0x2b61068ff020" scoped=""/>
        <function-ref name="getShiftClock" ref="0x2b61068ff1b0" scoped=""/>
        <function-ref name="disableArbitrationLost" ref="0x2b61068ff340" scoped=""/>
        <function-ref name="disableAccessReady" ref="0x2b61068ff4d0" scoped=""/>
        <function-ref name="setTransferByteCount" ref="0x2b61068ff660" scoped=""/>
        <function-ref name="isOwnAddressPending" ref="0x2b61068ff7f0" scoped=""/>
        <function-ref name="getOwnAddress" ref="0x2b61068ff980" scoped=""/>
        <function-ref name="enableTransmitReady" ref="0x2b61068ffb10" scoped=""/>
        <function-ref name="setModeI2C" ref="0x2b61068ffca0" scoped=""/>
        <function-ref name="getStartBit" ref="0x2b61068ffe30" scoped=""/>
        <function-ref name="setWordMode" ref="0x2b61068fe020" scoped=""/>
        <function-ref name="setData" ref="0x2b61068fe1b0" scoped=""/>
        <function-ref name="isStartDetectPending" ref="0x2b61068fe340" scoped=""/>
        <function-ref name="getClockSource" ref="0x2b61068fe4d0" scoped=""/>
        <function-ref name="getWordMode" ref="0x2b61068fe660" scoped=""/>
        <function-ref name="setShiftClock" ref="0x2b61068fe7f0" scoped=""/>
        <function-ref name="setSlaveMode" ref="0x2b61068fe980" scoped=""/>
        <function-ref name="enableNoAck" ref="0x2b61068feb10" scoped=""/>
        <function-ref name="enableReceiveReady" ref="0x2b61068fd420" scoped=""/>
        <function-ref name="disableGeneralCall" ref="0x2b61068fd5b0" scoped=""/>
        <function-ref name="setClockPrescaler" ref="0x2b61068fd740" scoped=""/>
        <function-ref name="setStopBit" ref="0x2b61068fd8d0" scoped=""/>
        <function-ref name="setReceiveMode" ref="0x2b61068fda60" scoped=""/>
        <function-ref name="isNoAckPending" ref="0x2b61068fdbf0" scoped=""/>
        <function-ref name="setRepeatMode" ref="0x2b61068fdd80" scoped=""/>
        <function-ref name="isTransmitReadyPending" ref="0x2b61068fc020" scoped=""/>
        <function-ref name="setStartByte" ref="0x2b61068fc1b0" scoped=""/>
        <function-ref name="isReceiveReadyPending" ref="0x2b61068fc340" scoped=""/>
      </interface-functions>
    </interface><interface loc="75:/opt/tinyos-release-tinyos-2_1_2//tos/chips/msp430/usart/HplMsp430Usart0P.nc" name="Usart" provided="1" ref="0x2b61068e1060">
      <component-ref nicename="HplMsp430Usart0P" qname="HplMsp430Usart0P"/>
      <type-interface alignment="I:2" size="I:2"><interface-ref name="Usart" ref="0x2b61068e1060" scoped=""/></type-interface>
      <instance>
        <interfacedef-ref nicename="HplMsp430Usart" qname="HplMsp430Usart"/>
      </instance>
      <interface-functions>
        <function-ref name="isTxEmpty" ref="0x2b61068e13e0" scoped=""/>
        <function-ref name="enableUartRx" ref="0x2b61068e1570" scoped=""/>
        <function-ref name="setUctl" ref="0x2b61068e1700" scoped=""/>
        <function-ref name="enableUart" ref="0x2b61068e1890" scoped=""/>
        <function-ref name="setUrctl" ref="0x2b61068e1a20" scoped=""/>
        <function-ref name="enableRxIntr" ref="0x2b61068e1bb0" scoped=""/>
        <function-ref name="clrRxIntr" ref="0x2b61068e1d40" scoped=""/>
        <function-ref name="getUtctl" ref="0x2b61068e0020" scoped=""/>
        <function-ref name="getUrctl" ref="0x2b61068e01b0" scoped=""/>
        <function-ref name="resetUsart" ref="0x2b61068e0340" scoped=""/>
        <function-ref name="getUmctl" ref="0x2b61068e04d0" scoped=""/>
        <function-ref name="disableIntr" ref="0x2b61068e0660" scoped=""/>
        <function-ref name="setUtctl" ref="0x2b61068e07f0" scoped=""/>
        <function-ref name="getUbr" ref="0x2b61068e0a80" scoped=""/>
        <function-ref name="enableTxIntr" ref="0x2b61068e0c10" scoped=""/>
        <function-ref name="setUmctl" ref="0x2b61068e0da0" scoped=""/>
        <function-ref name="isUartRx" ref="0x2b61068df020" scoped=""/>
        <function-ref name="isUart" ref="0x2b61068df1b0" scoped=""/>
        <function-ref name="disableRxIntr" ref="0x2b61068df340" scoped=""/>
        <function-ref name="isSpi" ref="0x2b61068df4d0" scoped=""/>
        <function-ref name="enableUartTx" ref="0x2b61068df660" scoped=""/>
        <function-ref name="disableTxIntr" ref="0x2b61068df7f0" scoped=""/>
        <function-ref name="disableUartRx" ref="0x2b61068df980" scoped=""/>
        <function-ref name="enableIntr" ref="0x2b61068dfb10" scoped=""/>
        <function-ref name="getMode" ref="0x2b61068dfca0" scoped=""/>
        <function-ref name="isTxIntrPending" ref="0x2b61068de220" scoped=""/>
        <function-ref name="clrIntr" ref="0x2b61068de3b0" scoped=""/>
        <function-ref name="setUbr" ref="0x2b61068de540" scoped=""/>
        <function-ref name="tx" ref="0x2b61068de6d0" scoped=""/>
        <function-ref name="getUctl" ref="0x2b61068de860" scoped=""/>
        <function-ref name="disableUart" ref="0x2b61068de9f0" scoped=""/>
        <function-ref name="enableSpi" ref="0x2b61068deb80" scoped=""/>
        <function-ref name="setModeUart" ref="0x2b61068ded10" scoped=""/>
        <function-ref name="setModeSpi" ref="0x2b61068dd020" scoped=""/>
        <function-ref name="rx" ref="0x2b61068dd1b0" scoped=""/>
        <function-ref name="isRxIntrPending" ref="0x2b61068dd340" scoped=""/>
        <function-ref name="isUartTx" ref="0x2b61068dd4d0" scoped=""/>
        <function-ref name="clrTxIntr" ref="0x2b61068dd660" scoped=""/>
        <function-ref name="disableSpi" ref="0x2b61068dd7f0" scoped=""/>
        <function-ref name="disableUartTx" ref="0x2b61068dd980" scoped=""/>
      </interface-functions>
    </interface><interface loc="147:/opt/tinyos-release-tinyos-2_1_2//tos/chips/msp430/pins/HplMsp430GeneralIOC.nc" name="UCLK0" provided="1" ref="0x2b6106038580">
      <component-ref nicename="HplMsp430GeneralIOC" qname="HplMsp430GeneralIOC"/>
      <type-interface alignment="I:2" size="I:2"><interface-ref name="UCLK0" ref="0x2b6106038580" scoped=""/></type-interface>
      <instance>
        <interfacedef-ref nicename="HplMsp430GeneralIO" qname="HplMsp430GeneralIO"/>
      </instance>
      <interface-functions>
        <function-ref name="makeInput" ref="0x2b6106038900" scoped=""/>
        <function-ref name="isInput" ref="0x2b6106038a90" scoped=""/>
        <function-ref name="setResistor" ref="0x2b6106038c20" scoped=""/>
        <function-ref name="toggle" ref="0x2b6106038db0" scoped=""/>
        <function-ref name="isOutput" ref="0x2b6106037020" scoped=""/>
        <function-ref name="getResistor" ref="0x2b61060371b0" scoped=""/>
        <function-ref name="makeOutput" ref="0x2b6106037340" scoped=""/>
        <function-ref name="get" ref="0x2b61060374d0" scoped=""/>
        <function-ref name="selectIOFunc" ref="0x2b6106037660" scoped=""/>
        <function-ref name="getRaw" ref="0x2b61060377f0" scoped=""/>
        <function-ref name="set" ref="0x2b6106037980" scoped=""/>
        <function-ref name="selectModuleFunc" ref="0x2b6106037b10" scoped=""/>
        <function-ref name="isIOFunc" ref="0x2b6106037ca0" scoped=""/>
        <function-ref name="isModuleFunc" ref="0x2b6106036020" scoped=""/>
        <function-ref name="clr" ref="0x2b61060361b0" scoped=""/>
      </interface-functions>
    </interface><interface loc="39:/opt/tinyos-release-tinyos-2_1_2//tos/chips/msp430/usart/HplMsp430I2C0P.nc" name="HplI2C" provided="1" ref="0x2b6106a86430">
      <component-ref nicename="HplMsp430I2C0P" qname="HplMsp430I2C0P"/>
      <type-interface alignment="I:2" size="I:2"><interface-ref name="HplI2C" ref="0x2b6106a86430" scoped=""/></type-interface>
      <instance>
        <interfacedef-ref nicename="HplMsp430I2C" qname="HplMsp430I2C"/>
      </instance>
      <interface-functions>
        <function-ref name="disableOwnAddress" ref="0x2b6106a867b0" scoped=""/>
        <function-ref name="getStartByte" ref="0x2b6106a86940" scoped=""/>
        <function-ref name="setSlaveAddress" ref="0x2b6106a86ad0" scoped=""/>
        <function-ref name="setMasterMode" ref="0x2b6106a86c60" scoped=""/>
        <function-ref name="disableTransmitReady" ref="0x2b6106a86df0" scoped=""/>
        <function-ref name="getClockPrescaler" ref="0x2b6106a85020" scoped=""/>
        <function-ref name="setTransmitMode" ref="0x2b6106a851b0" scoped=""/>
        <function-ref name="getStopBit" ref="0x2b6106a85340" scoped=""/>
        <function-ref name="setClockSource" ref="0x2b6106a854d0" scoped=""/>
        <function-ref name="getRepeatMode" ref="0x2b6106a85660" scoped=""/>
        <function-ref name="getData" ref="0x2b6106a857f0" scoped=""/>
        <function-ref name="enableStartDetect" ref="0x2b6106a85980" scoped=""/>
        <function-ref name="enableAccessReady" ref="0x2b6106a85b10" scoped=""/>
        <function-ref name="getSlaveAddress" ref="0x2b6106a85da0" scoped=""/>
        <function-ref name="isGeneralCallPending" ref="0x2b6106a84020" scoped=""/>
        <function-ref name="getIV" ref="0x2b6106a841b0" scoped=""/>
        <function-ref name="enableI2C" ref="0x2b6106a84340" scoped=""/>
        <function-ref name="setStartBit" ref="0x2b6106a844d0" scoped=""/>
        <function-ref name="getTransferByteCount" ref="0x2b6106a84660" scoped=""/>
        <function-ref name="getTransmitReceiveMode" ref="0x2b6106a847f0" scoped=""/>
        <function-ref name="clearModeI2C" ref="0x2b6106a84980" scoped=""/>
        <function-ref name="setOwnAddress" ref="0x2b6106a84b10" scoped=""/>
        <function-ref name="isI2C" ref="0x2b6106a84ca0" scoped=""/>
        <function-ref name="enableGeneralCall" ref="0x2b6106a84e30" scoped=""/>
        <function-ref name="enableOwnAddress" ref="0x2b6106a83020" scoped=""/>
        <function-ref name="isAccessReadyPending" ref="0x2b6106a833b0" scoped=""/>
        <function-ref name="isArbitrationLostPending" ref="0x2b6106a83540" scoped=""/>
        <function-ref name="disableReceiveReady" ref="0x2b6106a836d0" scoped=""/>
        <function-ref name="disableNoAck" ref="0x2b6106a83860" scoped=""/>
        <function-ref name="disableStartDetect" ref="0x2b6106a839f0" scoped=""/>
        <function-ref name="enableArbitrationLost" ref="0x2b6106a83b80" scoped=""/>
        <function-ref name="disableI2C" ref="0x2b6106a83d10" scoped=""/>
        <function-ref name="getShiftClock" ref="0x2b6106a82020" scoped=""/>
        <function-ref name="disableArbitrationLost" ref="0x2b6106a821b0" scoped=""/>
        <function-ref name="disableAccessReady" ref="0x2b6106a82340" scoped=""/>
        <function-ref name="setTransferByteCount" ref="0x2b6106a824d0" scoped=""/>
        <function-ref name="isOwnAddressPending" ref="0x2b6106a82660" scoped=""/>
        <function-ref name="getOwnAddress" ref="0x2b6106a827f0" scoped=""/>
        <function-ref name="enableTransmitReady" ref="0x2b6106a82980" scoped=""/>
        <function-ref name="setModeI2C" ref="0x2b6106a82b10" scoped=""/>
        <function-ref name="getStartBit" ref="0x2b6106a82ca0" scoped=""/>
        <function-ref name="setWordMode" ref="0x2b6106a82e30" scoped=""/>
        <function-ref name="setData" ref="0x2b6106a81020" scoped=""/>
        <function-ref name="isStartDetectPending" ref="0x2b6106a811b0" scoped=""/>
        <function-ref name="getClockSource" ref="0x2b6106a81340" scoped=""/>
        <function-ref name="getWordMode" ref="0x2b6106a814d0" scoped=""/>
        <function-ref name="setShiftClock" ref="0x2b6106a81660" scoped=""/>
        <function-ref name="setSlaveMode" ref="0x2b6106a817f0" scoped=""/>
        <function-ref name="enableNoAck" ref="0x2b6106a81980" scoped=""/>
        <function-ref name="enableReceiveReady" ref="0x2b6106a80020" scoped=""/>
        <function-ref name="disableGeneralCall" ref="0x2b6106a801b0" scoped=""/>
        <function-ref name="setClockPrescaler" ref="0x2b6106a80340" scoped=""/>
        <function-ref name="setStopBit" ref="0x2b6106a804d0" scoped=""/>
        <function-ref name="setReceiveMode" ref="0x2b6106a80660" scoped=""/>
        <function-ref name="isNoAckPending" ref="0x2b6106a807f0" scoped=""/>
        <function-ref name="setRepeatMode" ref="0x2b6106a80980" scoped=""/>
        <function-ref name="isTransmitReadyPending" ref="0x2b6106a80b10" scoped=""/>
        <function-ref name="setStartByte" ref="0x2b6106a80ca0" scoped=""/>
        <function-ref name="isReceiveReadyPending" ref="0x2b6106a80e30" scoped=""/>
      </interface-functions>
    </interface><component loc="45:/opt/tinyos-release-tinyos-2_1_2//tos/chips/msp430/pins/HplMsp430GeneralIOC.nc" nicename="HplMsp430GeneralIOC" qname="HplMsp430GeneralIOC">
      <documentation loc="35:/opt/tinyos-release-tinyos-2_1_2//tos/chips/msp430/pins/HplMsp430GeneralIOC.nc">
        <short>
 HPL for the TI MSP430 family of microprocessors.</short>
        <long>
 HPL for the TI MSP430 family of microprocessors. This provides an
 abstraction for general-purpose I/O.

 @author Joe Polastre
 @author Xavier Orduna &lt;xorduna@dexmatech.com&gt;
 @author Peter A. Bigot &lt;pab@peoplepowerco.com&gt;
 @author Eric B. Decker &lt;cire831@gmail.com&gt;
</long>
      </documentation>
      <configuration/>
      <wiring>
        <wire loc="442:/opt/tinyos-release-tinyos-2_1_2//tos/chips/msp430/pins/HplMsp430GeneralIOC.nc">
          <from><interface-ref name="Port14" ref="0x2b6105fc8020" scoped=""/></from>
          <to><interface-ref name="IO" ref="0x2b61060a9100" scoped=""/></to>
        </wire>
        <wire loc="455:/opt/tinyos-release-tinyos-2_1_2//tos/chips/msp430/pins/HplMsp430GeneralIOC.nc">
          <from><interface-ref name="Port26" ref="0x2b6105fdd020" scoped=""/></from>
          <to><interface-ref name="IO" ref="0x2b61060d3d10" scoped=""/></to>
        </wire>
        <wire loc="531:/opt/tinyos-release-tinyos-2_1_2//tos/chips/msp430/pins/HplMsp430GeneralIOC.nc">
          <from><interface-ref name="SDA" ref="0x2b610603c560" scoped=""/></from>
          <to><interface-ref name="IO" ref="0x2b61060f2d10" scoped=""/></to>
        </wire>
        <wire loc="551:/opt/tinyos-release-tinyos-2_1_2//tos/chips/msp430/pins/HplMsp430GeneralIOC.nc">
          <from><interface-ref name="ADC6" ref="0x2b610606e570" scoped=""/></from>
          <to><interface-ref name="IO" ref="0x2b6106180100" scoped=""/></to>
        </wire>
        <wire loc="532:/opt/tinyos-release-tinyos-2_1_2//tos/chips/msp430/pins/HplMsp430GeneralIOC.nc">
          <from><interface-ref name="SOMI0" ref="0x2b610603a580" scoped=""/></from>
          <to><interface-ref name="IO" ref="0x2b61060ed740" scoped=""/></to>
        </wire>
        <wire loc="460:/opt/tinyos-release-tinyos-2_1_2//tos/chips/msp430/pins/HplMsp430GeneralIOC.nc">
          <from><interface-ref name="Port30" ref="0x2b6106003020" scoped=""/></from>
          <to><interface-ref name="IO" ref="0x2b61060c9100" scoped=""/></to>
        </wire>
        <wire loc="473:/opt/tinyos-release-tinyos-2_1_2//tos/chips/msp430/pins/HplMsp430GeneralIOC.nc">
          <from><interface-ref name="Port42" ref="0x2b6105fef200" scoped=""/></from>
          <to><interface-ref name="IO" ref="0x2b61060f5e00" scoped=""/></to>
        </wire>
        <wire loc="486:/opt/tinyos-release-tinyos-2_1_2//tos/chips/msp430/pins/HplMsp430GeneralIOC.nc">
          <from><interface-ref name="Port54" ref="0x2b6106004200" scoped=""/></from>
          <to><interface-ref name="IO" ref="0x2b6106150740" scoped=""/></to>
        </wire>
        <wire loc="497:/opt/tinyos-release-tinyos-2_1_2//tos/chips/msp430/pins/HplMsp430GeneralIOC.nc">
          <from><interface-ref name="Port64" ref="0x2b610601e200" scoped=""/></from>
          <to><interface-ref name="IO" ref="0x2b610615ad10" scoped=""/></to>
        </wire>
        <wire loc="535:/opt/tinyos-release-tinyos-2_1_2//tos/chips/msp430/pins/HplMsp430GeneralIOC.nc">
          <from><interface-ref name="UTXD0" ref="0x2b6106034580" scoped=""/></from>
          <to><interface-ref name="IO" ref="0x2b61060e4d10" scoped=""/></to>
        </wire>
        <wire loc="545:/opt/tinyos-release-tinyos-2_1_2//tos/chips/msp430/pins/HplMsp430GeneralIOC.nc">
          <from><interface-ref name="ADC0" ref="0x2b610604e570" scoped=""/></from>
          <to><interface-ref name="IO" ref="0x2b610613c100" scoped=""/></to>
        </wire>
        <wire loc="557:/opt/tinyos-release-tinyos-2_1_2//tos/chips/msp430/pins/HplMsp430GeneralIOC.nc">
          <from><interface-ref name="SVSIN" ref="0x2b6106066580" scoped=""/></from>
          <to><interface-ref name="IO" ref="0x2b610617cd10" scoped=""/></to>
        </wire>
        <wire loc="445:/opt/tinyos-release-tinyos-2_1_2//tos/chips/msp430/pins/HplMsp430GeneralIOC.nc">
          <from><interface-ref name="Port17" ref="0x2b6105fec020" scoped=""/></from>
          <to><interface-ref name="IO" ref="0x2b610609b100" scoped=""/></to>
        </wire>
        <wire loc="536:/opt/tinyos-release-tinyos-2_1_2//tos/chips/msp430/pins/HplMsp430GeneralIOC.nc">
          <from><interface-ref name="URXD0" ref="0x2b6106032580" scoped=""/></from>
          <to><interface-ref name="IO" ref="0x2b61060df740" scoped=""/></to>
        </wire>
        <wire loc="450:/opt/tinyos-release-tinyos-2_1_2//tos/chips/msp430/pins/HplMsp430GeneralIOC.nc">
          <from><interface-ref name="Port21" ref="0x2b6105fe8020" scoped=""/></from>
          <to><interface-ref name="IO" ref="0x2b61060bd740" scoped=""/></to>
        </wire>
        <wire loc="463:/opt/tinyos-release-tinyos-2_1_2//tos/chips/msp430/pins/HplMsp430GeneralIOC.nc">
          <from><interface-ref name="Port33" ref="0x2b6105ffd020" scoped=""/></from>
          <to><interface-ref name="IO" ref="0x2b61060e8100" scoped=""/></to>
        </wire>
        <wire loc="476:/opt/tinyos-release-tinyos-2_1_2//tos/chips/msp430/pins/HplMsp430GeneralIOC.nc">
          <from><interface-ref name="Port45" ref="0x2b6106013200" scoped=""/></from>
          <to><interface-ref name="IO" ref="0x2b6106115d10" scoped=""/></to>
        </wire>
        <wire loc="489:/opt/tinyos-release-tinyos-2_1_2//tos/chips/msp430/pins/HplMsp430GeneralIOC.nc">
          <from><interface-ref name="Port57" ref="0x2b6106028200" scoped=""/></from>
          <to><interface-ref name="IO" ref="0x2b6106142740" scoped=""/></to>
        </wire>
        <wire loc="500:/opt/tinyos-release-tinyos-2_1_2//tos/chips/msp430/pins/HplMsp430GeneralIOC.nc">
          <from><interface-ref name="Port67" ref="0x2b6106042200" scoped=""/></from>
          <to><interface-ref name="IO" ref="0x2b610617cd10" scoped=""/></to>
        </wire>
        <wire loc="440:/opt/tinyos-release-tinyos-2_1_2//tos/chips/msp430/pins/HplMsp430GeneralIOC.nc">
          <from><interface-ref name="Port12" ref="0x2b6105fcc020" scoped=""/></from>
          <to><interface-ref name="IO" ref="0x2b6106087d10" scoped=""/></to>
        </wire>
        <wire loc="453:/opt/tinyos-release-tinyos-2_1_2//tos/chips/msp430/pins/HplMsp430GeneralIOC.nc">
          <from><interface-ref name="Port24" ref="0x2b6105fe1020" scoped=""/></from>
          <to><interface-ref name="IO" ref="0x2b61060dc860" scoped=""/></to>
        </wire>
        <wire loc="466:/opt/tinyos-release-tinyos-2_1_2//tos/chips/msp430/pins/HplMsp430GeneralIOC.nc">
          <from><interface-ref name="Port36" ref="0x2b6105ff7020" scoped=""/></from>
          <to><interface-ref name="IO" ref="0x2b6106108100" scoped=""/></to>
        </wire>
        <wire loc="530:/opt/tinyos-release-tinyos-2_1_2//tos/chips/msp430/pins/HplMsp430GeneralIOC.nc">
          <from><interface-ref name="SIMO0" ref="0x2b610603e580" scoped=""/></from>
          <to><interface-ref name="IO" ref="0x2b61060f2d10" scoped=""/></to>
        </wire>
        <wire loc="548:/opt/tinyos-release-tinyos-2_1_2//tos/chips/msp430/pins/HplMsp430GeneralIOC.nc">
          <from><interface-ref name="ADC3" ref="0x2b6106048570" scoped=""/></from>
          <to><interface-ref name="IO" ref="0x2b610615e100" scoped=""/></to>
        </wire>
        <wire loc="555:/opt/tinyos-release-tinyos-2_1_2//tos/chips/msp430/pins/HplMsp430GeneralIOC.nc">
          <from><interface-ref name="DAC1" ref="0x2b6106068570" scoped=""/></from>
          <to><interface-ref name="IO" ref="0x2b610617cd10" scoped=""/></to>
        </wire>
        <wire loc="541:/opt/tinyos-release-tinyos-2_1_2//tos/chips/msp430/pins/HplMsp430GeneralIOC.nc">
          <from><interface-ref name="UCLK1" ref="0x2b6106054580" scoped=""/></from>
          <to><interface-ref name="IO" ref="0x2b6106126d10" scoped=""/></to>
        </wire>
        <wire loc="471:/opt/tinyos-release-tinyos-2_1_2//tos/chips/msp430/pins/HplMsp430GeneralIOC.nc">
          <from><interface-ref name="Port40" ref="0x2b6105ff3020" scoped=""/></from>
          <to><interface-ref name="IO" ref="0x2b61060ffa60" scoped=""/></to>
        </wire>
        <wire loc="484:/opt/tinyos-release-tinyos-2_1_2//tos/chips/msp430/pins/HplMsp430GeneralIOC.nc">
          <from><interface-ref name="Port52" ref="0x2b6106008200" scoped=""/></from>
          <to><interface-ref name="IO" ref="0x2b610612a100" scoped=""/></to>
        </wire>
        <wire loc="495:/opt/tinyos-release-tinyos-2_1_2//tos/chips/msp430/pins/HplMsp430GeneralIOC.nc">
          <from><interface-ref name="Port62" ref="0x2b6106022200" scoped=""/></from>
          <to><interface-ref name="IO" ref="0x2b6106163740" scoped=""/></to>
        </wire>
        <wire loc="549:/opt/tinyos-release-tinyos-2_1_2//tos/chips/msp430/pins/HplMsp430GeneralIOC.nc">
          <from><interface-ref name="ADC4" ref="0x2b6106046570" scoped=""/></from>
          <to><interface-ref name="IO" ref="0x2b610615ad10" scoped=""/></to>
        </wire>
        <wire loc="538:/opt/tinyos-release-tinyos-2_1_2//tos/chips/msp430/pins/HplMsp430GeneralIOC.nc">
          <from><interface-ref name="STE1" ref="0x2b6106030570" scoped=""/></from>
          <to><interface-ref name="IO" ref="0x2b6106134d10" scoped=""/></to>
        </wire>
        <wire loc="443:/opt/tinyos-release-tinyos-2_1_2//tos/chips/msp430/pins/HplMsp430GeneralIOC.nc">
          <from><interface-ref name="Port15" ref="0x2b6105fc6020" scoped=""/></from>
          <to><interface-ref name="IO" ref="0x2b61060a5d10" scoped=""/></to>
        </wire>
        <wire loc="456:/opt/tinyos-release-tinyos-2_1_2//tos/chips/msp430/pins/HplMsp430GeneralIOC.nc">
          <from><interface-ref name="Port27" ref="0x2b6105fdb020" scoped=""/></from>
          <to><interface-ref name="IO" ref="0x2b61060ce740" scoped=""/></to>
        </wire>
        <wire loc="493:/opt/tinyos-release-tinyos-2_1_2//tos/chips/msp430/pins/HplMsp430GeneralIOC.nc">
          <from><interface-ref name="Port60" ref="0x2b6106026200" scoped=""/></from>
          <to><interface-ref name="IO" ref="0x2b610613c100" scoped=""/></to>
        </wire>
        <wire loc="461:/opt/tinyos-release-tinyos-2_1_2//tos/chips/msp430/pins/HplMsp430GeneralIOC.nc">
          <from><interface-ref name="Port31" ref="0x2b6106001020" scoped=""/></from>
          <to><interface-ref name="IO" ref="0x2b61060f2d10" scoped=""/></to>
        </wire>
        <wire loc="474:/opt/tinyos-release-tinyos-2_1_2//tos/chips/msp430/pins/HplMsp430GeneralIOC.nc">
          <from><interface-ref name="Port43" ref="0x2b6106017200" scoped=""/></from>
          <to><interface-ref name="IO" ref="0x2b610611e740" scoped=""/></to>
        </wire>
        <wire loc="487:/opt/tinyos-release-tinyos-2_1_2//tos/chips/msp430/pins/HplMsp430GeneralIOC.nc">
          <from><interface-ref name="Port55" ref="0x2b610602c200" scoped=""/></from>
          <to><interface-ref name="IO" ref="0x2b610614b100" scoped=""/></to>
        </wire>
        <wire loc="498:/opt/tinyos-release-tinyos-2_1_2//tos/chips/msp430/pins/HplMsp430GeneralIOC.nc">
          <from><interface-ref name="Port65" ref="0x2b610601c200" scoped=""/></from>
          <to><interface-ref name="IO" ref="0x2b6106155740" scoped=""/></to>
        </wire>
        <wire loc="540:/opt/tinyos-release-tinyos-2_1_2//tos/chips/msp430/pins/HplMsp430GeneralIOC.nc">
          <from><interface-ref name="SOMI1" ref="0x2b6106056580" scoped=""/></from>
          <to><interface-ref name="IO" ref="0x2b610612a100" scoped=""/></to>
        </wire>
        <wire loc="438:/opt/tinyos-release-tinyos-2_1_2//tos/chips/msp430/pins/HplMsp430GeneralIOC.nc">
          <from><interface-ref name="Port10" ref="0x2b6105fd9020" scoped=""/></from>
          <to><interface-ref name="IO" ref="0x2b61060916d0" scoped=""/></to>
        </wire>
        <wire loc="451:/opt/tinyos-release-tinyos-2_1_2//tos/chips/msp430/pins/HplMsp430GeneralIOC.nc">
          <from><interface-ref name="Port22" ref="0x2b6105fe6020" scoped=""/></from>
          <to><interface-ref name="IO" ref="0x2b61060b8100" scoped=""/></to>
        </wire>
        <wire loc="464:/opt/tinyos-release-tinyos-2_1_2//tos/chips/msp430/pins/HplMsp430GeneralIOC.nc">
          <from><interface-ref name="Port34" ref="0x2b6105ffb020" scoped=""/></from>
          <to><interface-ref name="IO" ref="0x2b61060e4d10" scoped=""/></to>
        </wire>
        <wire loc="477:/opt/tinyos-release-tinyos-2_1_2//tos/chips/msp430/pins/HplMsp430GeneralIOC.nc">
          <from><interface-ref name="Port46" ref="0x2b6106011200" scoped=""/></from>
          <to><interface-ref name="IO" ref="0x2b6106110740" scoped=""/></to>
        </wire>
        <wire loc="542:/opt/tinyos-release-tinyos-2_1_2//tos/chips/msp430/pins/HplMsp430GeneralIOC.nc">
          <from><interface-ref name="UTXD1" ref="0x2b6106052580" scoped=""/></from>
          <to><interface-ref name="IO" ref="0x2b6106108100" scoped=""/></to>
        </wire>
        <wire loc="546:/opt/tinyos-release-tinyos-2_1_2//tos/chips/msp430/pins/HplMsp430GeneralIOC.nc">
          <from><interface-ref name="ADC1" ref="0x2b610604c570" scoped=""/></from>
          <to><interface-ref name="IO" ref="0x2b6106168d10" scoped=""/></to>
        </wire>
        <wire loc="552:/opt/tinyos-release-tinyos-2_1_2//tos/chips/msp430/pins/HplMsp430GeneralIOC.nc">
          <from><interface-ref name="ADC7" ref="0x2b610606c570" scoped=""/></from>
          <to><interface-ref name="IO" ref="0x2b610617cd10" scoped=""/></to>
        </wire>
        <wire loc="482:/opt/tinyos-release-tinyos-2_1_2//tos/chips/msp430/pins/HplMsp430GeneralIOC.nc">
          <from><interface-ref name="Port50" ref="0x2b610600d200" scoped=""/></from>
          <to><interface-ref name="IO" ref="0x2b6106134d10" scoped=""/></to>
        </wire>
        <wire loc="543:/opt/tinyos-release-tinyos-2_1_2//tos/chips/msp430/pins/HplMsp430GeneralIOC.nc">
          <from><interface-ref name="URXD1" ref="0x2b6106050580" scoped=""/></from>
          <to><interface-ref name="IO" ref="0x2b6106104d10" scoped=""/></to>
        </wire>
        <wire loc="441:/opt/tinyos-release-tinyos-2_1_2//tos/chips/msp430/pins/HplMsp430GeneralIOC.nc">
          <from><interface-ref name="Port13" ref="0x2b6105fca020" scoped=""/></from>
          <to><interface-ref name="IO" ref="0x2b61060ae740" scoped=""/></to>
        </wire>
        <wire loc="454:/opt/tinyos-release-tinyos-2_1_2//tos/chips/msp430/pins/HplMsp430GeneralIOC.nc">
          <from><interface-ref name="Port25" ref="0x2b6105fdf020" scoped=""/></from>
          <to><interface-ref name="IO" ref="0x2b61060d7270" scoped=""/></to>
        </wire>
        <wire loc="467:/opt/tinyos-release-tinyos-2_1_2//tos/chips/msp430/pins/HplMsp430GeneralIOC.nc">
          <from><interface-ref name="Port37" ref="0x2b6105ff5020" scoped=""/></from>
          <to><interface-ref name="IO" ref="0x2b6106104d10" scoped=""/></to>
        </wire>
        <wire loc="539:/opt/tinyos-release-tinyos-2_1_2//tos/chips/msp430/pins/HplMsp430GeneralIOC.nc">
          <from><interface-ref name="SIMO1" ref="0x2b610602e580" scoped=""/></from>
          <to><interface-ref name="IO" ref="0x2b610612f740" scoped=""/></to>
        </wire>
        <wire loc="550:/opt/tinyos-release-tinyos-2_1_2//tos/chips/msp430/pins/HplMsp430GeneralIOC.nc">
          <from><interface-ref name="ADC5" ref="0x2b6106044570" scoped=""/></from>
          <to><interface-ref name="IO" ref="0x2b6106155740" scoped=""/></to>
        </wire>
        <wire loc="472:/opt/tinyos-release-tinyos-2_1_2//tos/chips/msp430/pins/HplMsp430GeneralIOC.nc">
          <from><interface-ref name="Port41" ref="0x2b6105ff1200" scoped=""/></from>
          <to><interface-ref name="IO" ref="0x2b61060f9460" scoped=""/></to>
        </wire>
        <wire loc="485:/opt/tinyos-release-tinyos-2_1_2//tos/chips/msp430/pins/HplMsp430GeneralIOC.nc">
          <from><interface-ref name="Port53" ref="0x2b6106006200" scoped=""/></from>
          <to><interface-ref name="IO" ref="0x2b6106126d10" scoped=""/></to>
        </wire>
        <wire loc="496:/opt/tinyos-release-tinyos-2_1_2//tos/chips/msp430/pins/HplMsp430GeneralIOC.nc">
          <from><interface-ref name="Port63" ref="0x2b6106020200" scoped=""/></from>
          <to><interface-ref name="IO" ref="0x2b610615e100" scoped=""/></to>
        </wire>
        <wire loc="444:/opt/tinyos-release-tinyos-2_1_2//tos/chips/msp430/pins/HplMsp430GeneralIOC.nc">
          <from><interface-ref name="Port16" ref="0x2b6105fee020" scoped=""/></from>
          <to><interface-ref name="IO" ref="0x2b61060a0740" scoped=""/></to>
        </wire>
        <wire loc="494:/opt/tinyos-release-tinyos-2_1_2//tos/chips/msp430/pins/HplMsp430GeneralIOC.nc">
          <from><interface-ref name="Port61" ref="0x2b6106024200" scoped=""/></from>
          <to><interface-ref name="IO" ref="0x2b6106168d10" scoped=""/></to>
        </wire>
        <wire loc="449:/opt/tinyos-release-tinyos-2_1_2//tos/chips/msp430/pins/HplMsp430GeneralIOC.nc">
          <from><interface-ref name="Port20" ref="0x2b6105fea020" scoped=""/></from>
          <to><interface-ref name="IO" ref="0x2b61060c3d10" scoped=""/></to>
        </wire>
        <wire loc="462:/opt/tinyos-release-tinyos-2_1_2//tos/chips/msp430/pins/HplMsp430GeneralIOC.nc">
          <from><interface-ref name="Port32" ref="0x2b6105fff020" scoped=""/></from>
          <to><interface-ref name="IO" ref="0x2b61060ed740" scoped=""/></to>
        </wire>
        <wire loc="475:/opt/tinyos-release-tinyos-2_1_2//tos/chips/msp430/pins/HplMsp430GeneralIOC.nc">
          <from><interface-ref name="Port44" ref="0x2b6106015200" scoped=""/></from>
          <to><interface-ref name="IO" ref="0x2b6106119100" scoped=""/></to>
        </wire>
        <wire loc="488:/opt/tinyos-release-tinyos-2_1_2//tos/chips/msp430/pins/HplMsp430GeneralIOC.nc">
          <from><interface-ref name="Port56" ref="0x2b610602a200" scoped=""/></from>
          <to><interface-ref name="IO" ref="0x2b6106147d10" scoped=""/></to>
        </wire>
        <wire loc="499:/opt/tinyos-release-tinyos-2_1_2//tos/chips/msp430/pins/HplMsp430GeneralIOC.nc">
          <from><interface-ref name="Port66" ref="0x2b610601a200" scoped=""/></from>
          <to><interface-ref name="IO" ref="0x2b6106180100" scoped=""/></to>
        </wire>
        <wire loc="439:/opt/tinyos-release-tinyos-2_1_2//tos/chips/msp430/pins/HplMsp430GeneralIOC.nc">
          <from><interface-ref name="Port11" ref="0x2b6105fce020" scoped=""/></from>
          <to><interface-ref name="IO" ref="0x2b610608c100" scoped=""/></to>
        </wire>
        <wire loc="452:/opt/tinyos-release-tinyos-2_1_2//tos/chips/msp430/pins/HplMsp430GeneralIOC.nc">
          <from><interface-ref name="Port23" ref="0x2b6105fe3020" scoped=""/></from>
          <to><interface-ref name="IO" ref="0x2b61060b4d10" scoped=""/></to>
        </wire>
        <wire loc="465:/opt/tinyos-release-tinyos-2_1_2//tos/chips/msp430/pins/HplMsp430GeneralIOC.nc">
          <from><interface-ref name="Port35" ref="0x2b6105ff9020" scoped=""/></from>
          <to><interface-ref name="IO" ref="0x2b61060df740" scoped=""/></to>
        </wire>
        <wire loc="478:/opt/tinyos-release-tinyos-2_1_2//tos/chips/msp430/pins/HplMsp430GeneralIOC.nc">
          <from><interface-ref name="Port47" ref="0x2b610600f200" scoped=""/></from>
          <to><interface-ref name="IO" ref="0x2b6106139100" scoped=""/></to>
        </wire>
        <wire loc="534:/opt/tinyos-release-tinyos-2_1_2//tos/chips/msp430/pins/HplMsp430GeneralIOC.nc">
          <from><interface-ref name="SCL" ref="0x2b6106036560" scoped=""/></from>
          <to><interface-ref name="IO" ref="0x2b61060e8100" scoped=""/></to>
        </wire>
        <wire loc="547:/opt/tinyos-release-tinyos-2_1_2//tos/chips/msp430/pins/HplMsp430GeneralIOC.nc">
          <from><interface-ref name="ADC2" ref="0x2b610604a570" scoped=""/></from>
          <to><interface-ref name="IO" ref="0x2b6106163740" scoped=""/></to>
        </wire>
        <wire loc="533:/opt/tinyos-release-tinyos-2_1_2//tos/chips/msp430/pins/HplMsp430GeneralIOC.nc">
          <from><interface-ref name="UCLK0" ref="0x2b6106038580" scoped=""/></from>
          <to><interface-ref name="IO" ref="0x2b61060e8100" scoped=""/></to>
        </wire>
        <wire loc="483:/opt/tinyos-release-tinyos-2_1_2//tos/chips/msp430/pins/HplMsp430GeneralIOC.nc">
          <from><interface-ref name="Port51" ref="0x2b610600b200" scoped=""/></from>
          <to><interface-ref name="IO" ref="0x2b610612f740" scoped=""/></to>
        </wire>
        <wire loc="554:/opt/tinyos-release-tinyos-2_1_2//tos/chips/msp430/pins/HplMsp430GeneralIOC.nc">
          <from><interface-ref name="DAC0" ref="0x2b610606a570" scoped=""/></from>
          <to><interface-ref name="IO" ref="0x2b6106180100" scoped=""/></to>
        </wire>
        <wire loc="558:/opt/tinyos-release-tinyos-2_1_2//tos/chips/msp430/pins/HplMsp430GeneralIOC.nc">
          <from><interface-ref name="SVSOUT" ref="0x2b6106064580" scoped=""/></from>
          <to><interface-ref name="IO" ref="0x2b6106142740" scoped=""/></to>
        </wire>
        <wire loc="529:/opt/tinyos-release-tinyos-2_1_2//tos/chips/msp430/pins/HplMsp430GeneralIOC.nc">
          <from><interface-ref name="STE0" ref="0x2b61060401f0" scoped=""/></from>
          <to><interface-ref name="IO" ref="0x2b61060c9100" scoped=""/></to>
        </wire>
      </wiring>
    </component><component loc="74:/opt/tinyos-release-tinyos-2_1_2//tos/chips/msp430/usart/HplMsp430Usart0P.nc" nicename="HplMsp430Usart0P" qname="HplMsp430Usart0P" safe="">
      <documentation loc="62:/opt/tinyos-release-tinyos-2_1_2//tos/chips/msp430/usart/HplMsp430Usart0P.nc">
        <short>
 Implementation of USART0 lowlevel functionality - stateless.</short>
        <long>
 Implementation of USART0 lowlevel functionality - stateless.
 Setting a mode will by default disable USART-Interrupts.

 @author: Jan Hauer &lt;hauer@tkn.tu-berlin.de&gt;
 @author: Jonathan Hui &lt;jhui@archedrock.com&gt;
 @author: Vlado Handziski &lt;handzisk@tkn.tu-berlin.de&gt;
 @author: Joe Polastre
 @author: Philipp Huppertz &lt;huppertz@tkn.tu-berlin.de&gt;
 @version $Revision: 1.8 $ $Date: 2010-06-04 22:30:21 $
</long>
      </documentation>
      <module/>
    </component><component loc="37:/opt/tinyos-release-tinyos-2_1_2//tos/chips/msp430/usart/HplMsp430I2C0P.nc" nicename="HplMsp430I2C0P" qname="HplMsp430I2C0P" safe="">
      <documentation loc="32:/opt/tinyos-release-tinyos-2_1_2//tos/chips/msp430/usart/HplMsp430I2C0P.nc">
        <short>
 </short>
        <long>
 @author Jonathan Hui &lt;jhui@archrock.com&gt;
 @version $Revision: 1.5 $ $Date: 2008-06-24 05:32:31 $
</long>
      </documentation>
      <module/>
    </component></referenced></component>