<?xml version="1.0" ?><component loc="44:/opt/tinyos-release-tinyos-2_1_2//tos/system/LedsP.nc" nicename="LedsP" qname="LedsP" safe="">
      <documentation loc="35:/opt/tinyos-release-tinyos-2_1_2//tos/system/LedsP.nc">
        <short>
 The implementation of the standard 3 LED mote abstraction.</short>
        <long>
 The implementation of the standard 3 LED mote abstraction.

 @author Joe Polastre
 @author Philip Levis

 @date   March 21, 2005
</long>
      </documentation>
      <module/>
    <specification><interface loc="50:/opt/tinyos-release-tinyos-2_1_2//tos/system/LedsP.nc" name="Led0" provided="0" ref="0x2b6105fad7b0">
      <component-ref nicename="LedsP" qname="LedsP"/>
      <type-interface alignment="I:2" size="I:2"><interface-ref name="Led0" ref="0x2b6105fad7b0" scoped=""/></type-interface>
      <instance>
        <interfacedef-ref nicename="GeneralIO" qname="GeneralIO"/>
      </instance>
      <interface-functions>
        <function-ref name="makeInput" ref="0x2b6105fadb30" scoped=""/>
        <function-ref name="isInput" ref="0x2b6105fadcc0" scoped=""/>
        <function-ref name="toggle" ref="0x2b6105fade50" scoped=""/>
        <function-ref name="isOutput" ref="0x2b6105f8b020" scoped=""/>
        <function-ref name="get" ref="0x2b6105f8b1b0" scoped=""/>
        <function-ref name="makeOutput" ref="0x2b6105f8b340" scoped=""/>
        <function-ref name="set" ref="0x2b6105f8b4d0" scoped=""/>
        <function-ref name="clr" ref="0x2b6105f8b660" scoped=""/>
      </interface-functions>
    </interface><interface loc="46:/opt/tinyos-release-tinyos-2_1_2//tos/system/LedsP.nc" name="Init" provided="1" ref="0x2b6105f908f0">
      <component-ref nicename="LedsP" qname="LedsP"/>
      <type-interface alignment="I:2" size="I:2"><interface-ref name="Init" ref="0x2b6105f908f0" scoped=""/></type-interface>
      <instance>
        <interfacedef-ref nicename="Init" qname="Init"/>
      </instance>
      <interface-functions>
        <function-ref name="init" ref="0x2b6105f90c70" scoped=""/>
      </interface-functions>
    </interface><interface loc="51:/opt/tinyos-release-tinyos-2_1_2//tos/system/LedsP.nc" name="Led1" provided="0" ref="0x2b6105f8b980">
      <component-ref nicename="LedsP" qname="LedsP"/>
      <type-interface alignment="I:2" size="I:2"><interface-ref name="Led1" ref="0x2b6105f8b980" scoped=""/></type-interface>
      <instance>
        <interfacedef-ref nicename="GeneralIO" qname="GeneralIO"/>
      </instance>
      <interface-functions>
        <function-ref name="makeInput" ref="0x2b6105f8bd00" scoped=""/>
        <function-ref name="isInput" ref="0x2b6105f8a020" scoped=""/>
        <function-ref name="toggle" ref="0x2b6105f8a1b0" scoped=""/>
        <function-ref name="isOutput" ref="0x2b6105f8a340" scoped=""/>
        <function-ref name="get" ref="0x2b6105f8a4d0" scoped=""/>
        <function-ref name="makeOutput" ref="0x2b6105f8a660" scoped=""/>
        <function-ref name="set" ref="0x2b6105f8a7f0" scoped=""/>
        <function-ref name="clr" ref="0x2b6105f8a980" scoped=""/>
      </interface-functions>
    </interface><interface loc="47:/opt/tinyos-release-tinyos-2_1_2//tos/system/LedsP.nc" name="Leds" provided="1" ref="0x2b6105f8d020">
      <component-ref nicename="LedsP" qname="LedsP"/>
      <type-interface alignment="I:2" size="I:2"><interface-ref name="Leds" ref="0x2b6105f8d020" scoped=""/></type-interface>
      <instance>
        <interfacedef-ref nicename="Leds" qname="Leds"/>
      </instance>
      <interface-functions>
        <function-ref name="led0Off" ref="0x2b6105f8d3a0" scoped=""/>
        <function-ref name="led0Toggle" ref="0x2b6105f8d530" scoped=""/>
        <function-ref name="led1On" ref="0x2b6105f8d6c0" scoped=""/>
        <function-ref name="led1Toggle" ref="0x2b6105f8d850" scoped=""/>
        <function-ref name="led2Toggle" ref="0x2b6105f8d9e0" scoped=""/>
        <function-ref name="get" ref="0x2b6105f8db70" scoped=""/>
        <function-ref name="led1Off" ref="0x2b6105f8dd00" scoped=""/>
        <function-ref name="led2Off" ref="0x2b6105f8c4d0" scoped=""/>
        <function-ref name="set" ref="0x2b6105f8c020" scoped=""/>
        <function-ref name="led0On" ref="0x2b6105f8c1b0" scoped=""/>
        <function-ref name="led2On" ref="0x2b6105f8c340" scoped=""/>
      </interface-functions>
    </interface><interface loc="52:/opt/tinyos-release-tinyos-2_1_2//tos/system/LedsP.nc" name="Led2" provided="0" ref="0x2b6105f8aca0">
      <component-ref nicename="LedsP" qname="LedsP"/>
      <type-interface alignment="I:2" size="I:2"><interface-ref name="Led2" ref="0x2b6105f8aca0" scoped=""/></type-interface>
      <instance>
        <interfacedef-ref nicename="GeneralIO" qname="GeneralIO"/>
      </instance>
      <interface-functions>
        <function-ref name="makeInput" ref="0x2b6105fac0a0" scoped=""/>
        <function-ref name="isInput" ref="0x2b6105fac230" scoped=""/>
        <function-ref name="toggle" ref="0x2b6105fac3c0" scoped=""/>
        <function-ref name="isOutput" ref="0x2b6105fac550" scoped=""/>
        <function-ref name="get" ref="0x2b6105fac6e0" scoped=""/>
        <function-ref name="makeOutput" ref="0x2b6105fac870" scoped=""/>
        <function-ref name="set" ref="0x2b6105faca00" scoped=""/>
        <function-ref name="clr" ref="0x2b6105facb90" scoped=""/>
      </interface-functions>
    </interface></specification><referenced/></component>