<?xml version="1.0" ?><component abstract="" loc="38:/opt/tinyos-release-tinyos-2_1_2//tos/lib/net/TinySDN/LruTinySdnMsgCacheC.nc" nicename="LruTinySdnMsgCacheC" qname="LruTinySdnMsgCacheC">
      <documentation loc="32:/opt/tinyos-release-tinyos-2_1_2//tos/lib/net/TinySDN/LruTinySdnMsgCacheC.nc">
        <short>
 An LRU cache CTP packet instances, where insertion represents use.</short>
        <long>
 An LRU cache CTP packet instances, where insertion represents use.

 @author Philip Levis
</long>
      </documentation>
      <parameters>
        <constant loc="38:/opt/tinyos-release-tinyos-2_1_2//tos/lib/net/TinySDN/LruTinySdnMsgCacheC.nc" name="CACHE_SIZE" ref="0x2b6107863b20">
          <component-ref nicename="LruTinySdnMsgCacheC" qname="LruTinySdnMsgCacheC"/>
          <type-int alignment="I:1" cname="unsigned char" size="I:1" unsigned="">
            <typename><typedef-ref name="uint8_t" ref="0x2b6104f08160"/></typename>
          </type-int>
        </constant>
      </parameters>
      <configuration/>
      <wiring>
        <wire loc="44:/opt/tinyos-release-tinyos-2_1_2//tos/lib/net/TinySDN/LruTinySdnMsgCacheC.nc">
          <from><interface-ref name="Cache" ref="0x2b61078601a0" scoped=""/></from>
          <to><interface-ref name="Cache" ref="0x2b61078c5450" scoped=""/></to>
        </wire>
        <wire loc="45:/opt/tinyos-release-tinyos-2_1_2//tos/lib/net/TinySDN/LruTinySdnMsgCacheC.nc">
          <from><interface-ref name="TinySdnPacket" ref="0x2b61078c3e80" scoped=""/></from>
          <to><interface-ref name="TinySdnPacket" ref="0x2b61074bd020" scoped=""/></to>
        </wire>
        <wire loc="46:/opt/tinyos-release-tinyos-2_1_2//tos/lib/net/TinySDN/LruTinySdnMsgCacheC.nc">
          <from><interface-ref name="SoftwareInit" ref="0x2b6105d641b0" scoped=""/></from>
          <to><interface-ref name="Init" ref="0x2b610785bca0" scoped=""/></to>
        </wire>
      </wiring>
    <specification><interface loc="39:/opt/tinyos-release-tinyos-2_1_2//tos/lib/net/TinySDN/LruTinySdnMsgCacheC.nc" name="Cache" provided="1" ref="0x2b61078601a0">
      <component-ref nicename="LruTinySdnMsgCacheC" qname="LruTinySdnMsgCacheC"/>
      <type-interface alignment="I:2" size="I:2"><interface-ref name="Cache" ref="0x2b61078601a0" scoped=""/></type-interface>
      <instance>
        <interfacedef-ref nicename="Cache" qname="Cache"/>
        <arguments>
          <type-pointer alignment="I:2" size="I:2">
            <type-tag alignment="I:1" size="I:152"><nx_struct-ref name="message_t" ref="0x2b6105d580c0"/>
              <typename><typedef-ref name="message_t" ref="0x2b6105d576f0"/></typename>
            </type-tag>
          </type-pointer>
        </arguments>
      </instance>
      <interface-functions>
        <function-ref name="insert" ref="0x2b6107860d90" scoped=""/>
        <function-ref name="flush" ref="0x2b610785f770" scoped=""/>
        <function-ref name="lookup" ref="0x2b610785f2a0" scoped=""/>
      </interface-functions>
    </interface></specification><referenced><interface loc="58:/opt/tinyos-release-tinyos-2_1_2//tos/system/MainC.nc" name="SoftwareInit" provided="0" ref="0x2b6105d641b0">
      <component-ref nicename="MainC" qname="MainC"/>
      <type-interface alignment="I:2" size="I:2"><interface-ref name="SoftwareInit" ref="0x2b6105d641b0" scoped=""/></type-interface>
      <instance>
        <interfacedef-ref nicename="Init" qname="Init"/>
      </instance>
      <interface-functions>
        <function-ref name="init" ref="0x2b6105d64530" scoped=""/>
      </interface-functions>
    </interface><interface loc="54:/opt/tinyos-release-tinyos-2_1_2//tos/lib/net/TinySDN/TinySdnP.nc" name="TinySdnPacket" provided="1" ref="0x2b61074bd020">
      <component-ref nicename="TinySdnP" qname="TinySdnP"/>
      <type-interface alignment="I:2" size="I:2"><interface-ref name="TinySdnPacket" ref="0x2b61074bd020" scoped=""/></type-interface>
      <instance>
        <interfacedef-ref nicename="TinySdnPacket" qname="TinySdnPacket"/>
      </instance>
      <interface-functions>
        <function-ref name="setSequenceNumber" ref="0x2b61074bd3a0" scoped=""/>
        <function-ref name="option" ref="0x2b61074bd530" scoped=""/>
        <function-ref name="getDestination" ref="0x2b61074bd6c0" scoped=""/>
        <function-ref name="setSocketID" ref="0x2b61074bd850" scoped=""/>
        <function-ref name="setOrigin" ref="0x2b61074bd9e0" scoped=""/>
        <function-ref name="clearOption" ref="0x2b61074bdb70" scoped=""/>
        <function-ref name="getSocketID" ref="0x2b61074bdd00" scoped=""/>
        <function-ref name="setType" ref="0x2b61074bc020" scoped=""/>
        <function-ref name="getOrigin" ref="0x2b61074bc1b0" scoped=""/>
        <function-ref name="setOption" ref="0x2b61074bc340" scoped=""/>
        <function-ref name="setDestination" ref="0x2b61074bc4d0" scoped=""/>
        <function-ref name="matchPacket" ref="0x2b61074bc660" scoped=""/>
        <function-ref name="getThl" ref="0x2b61074bc7f0" scoped=""/>
        <function-ref name="getSequenceNumber" ref="0x2b61074bca80" scoped=""/>
        <function-ref name="matchInstance" ref="0x2b61074bcc10" scoped=""/>
        <function-ref name="getType" ref="0x2b61074bcda0" scoped=""/>
        <function-ref name="setThl" ref="0x2b61074bb020" scoped=""/>
      </interface-functions>
    </interface><interface loc="45:/opt/tinyos-release-tinyos-2_1_2//tos/lib/net/TinySDN/LruTinySdnMsgCacheP.nc" name="Init" provided="1" ref="0x2b610785bca0">
      <component-ref nicename="LruTinySdnMsgCacheC.CacheP" qname="LruTinySdnMsgCacheC.CacheP"/>
      <type-interface alignment="I:2" size="I:2"><interface-ref name="Init" ref="0x2b610785bca0" scoped=""/></type-interface>
      <instance>
        <interfacedef-ref nicename="Init" qname="Init"/>
      </instance>
      <interface-functions>
        <function-ref name="init" ref="0x2b61078c50a0" scoped=""/>
      </interface-functions>
    </interface><interface loc="49:/opt/tinyos-release-tinyos-2_1_2//tos/lib/net/TinySDN/LruTinySdnMsgCacheP.nc" name="TinySdnPacket" provided="0" ref="0x2b61078c3e80">
      <component-ref nicename="LruTinySdnMsgCacheC.CacheP" qname="LruTinySdnMsgCacheC.CacheP"/>
      <type-interface alignment="I:2" size="I:2"><interface-ref name="TinySdnPacket" ref="0x2b61078c3e80" scoped=""/></type-interface>
      <instance>
        <interfacedef-ref nicename="TinySdnPacket" qname="TinySdnPacket"/>
      </instance>
      <interface-functions>
        <function-ref name="setSequenceNumber" ref="0x2b61078c2220" scoped=""/>
        <function-ref name="option" ref="0x2b61078c23b0" scoped=""/>
        <function-ref name="getDestination" ref="0x2b61078c2540" scoped=""/>
        <function-ref name="setSocketID" ref="0x2b61078c26d0" scoped=""/>
        <function-ref name="setOrigin" ref="0x2b61078c2860" scoped=""/>
        <function-ref name="clearOption" ref="0x2b61078c29f0" scoped=""/>
        <function-ref name="getSocketID" ref="0x2b61078c2b80" scoped=""/>
        <function-ref name="setType" ref="0x2b61078c2d10" scoped=""/>
        <function-ref name="getOrigin" ref="0x2b61078c1020" scoped=""/>
        <function-ref name="setOption" ref="0x2b61078c11b0" scoped=""/>
        <function-ref name="setDestination" ref="0x2b61078c1340" scoped=""/>
        <function-ref name="matchPacket" ref="0x2b61078c14d0" scoped=""/>
        <function-ref name="getThl" ref="0x2b61078c1660" scoped=""/>
        <function-ref name="getSequenceNumber" ref="0x2b61078c18f0" scoped=""/>
        <function-ref name="matchInstance" ref="0x2b61078c1a80" scoped=""/>
        <function-ref name="getType" ref="0x2b61078c1c10" scoped=""/>
        <function-ref name="setThl" ref="0x2b61078c1da0" scoped=""/>
      </interface-functions>
    </interface><interface loc="46:/opt/tinyos-release-tinyos-2_1_2//tos/lib/net/TinySDN/LruTinySdnMsgCacheP.nc" name="Cache" provided="1" ref="0x2b61078c5450">
      <component-ref nicename="LruTinySdnMsgCacheC.CacheP" qname="LruTinySdnMsgCacheC.CacheP"/>
      <type-interface alignment="I:2" size="I:2"><interface-ref name="Cache" ref="0x2b61078c5450" scoped=""/></type-interface>
      <instance>
        <interfacedef-ref nicename="Cache" qname="Cache"/>
        <arguments>
          <type-pointer alignment="I:2" size="I:2">
            <type-tag alignment="I:1" size="I:152"><nx_struct-ref name="message_t" ref="0x2b6105d580c0"/>
              <typename><typedef-ref name="message_t" ref="0x2b6105d576f0"/></typename>
            </type-tag>
          </type-pointer>
        </arguments>
      </instance>
      <interface-functions>
        <function-ref name="insert" ref="0x2b61078c3090" scoped=""/>
        <function-ref name="flush" ref="0x2b61078c3a30" scoped=""/>
        <function-ref name="lookup" ref="0x2b61078c3560" scoped=""/>
      </interface-functions>
    </interface><component loc="56:/opt/tinyos-release-tinyos-2_1_2//tos/system/MainC.nc" nicename="MainC" qname="MainC">
      <documentation loc="45:/opt/tinyos-release-tinyos-2_1_2//tos/system/MainC.nc">
        <short>
 MainC is the system interface the TinyOS boot sequence.</short>
        <long>
 MainC is the system interface the TinyOS boot sequence. It wires the
 boot sequence implementation to the scheduler and hardware resources.

 @author Philip Levis
 @date   August 6 2005
 @see    TEP 107: Boot Sequence
</long>
      </documentation>
      <configuration/>
      <wiring>
        <wire loc="72:/opt/tinyos-release-tinyos-2_1_2//tos/system/MainC.nc">
          <from><interface-ref name="Boot" ref="0x2b6105d69c20" scoped=""/></from>
          <to><interface-ref name="Boot" ref="0x2b6105f1a590" scoped=""/></to>
        </wire>
        <wire loc="67:/opt/tinyos-release-tinyos-2_1_2//tos/system/MainC.nc">
          <from><interface-ref name="Scheduler" ref="0x2b6105f1ac00" scoped=""/></from>
          <to><interface-ref name="Scheduler" ref="0x2b61058673a0" scoped=""/></to>
        </wire>
        <wire loc="68:/opt/tinyos-release-tinyos-2_1_2//tos/system/MainC.nc">
          <from><interface-ref name="PlatformInit" ref="0x2b6105f336c0" scoped=""/></from>
          <to><interface-ref name="Init" ref="0x2b6105d63190" scoped=""/></to>
        </wire>
        <wire loc="71:/opt/tinyos-release-tinyos-2_1_2//tos/system/MainC.nc">
          <from><interface-ref name="SoftwareInit" ref="0x2b6105f33dc0" scoped=""/></from>
          <to><interface-ref name="SoftwareInit" ref="0x2b6105d641b0" scoped=""/></to>
        </wire>
      </wiring>
    </component><component loc="44:/opt/tinyos-release-tinyos-2_1_2//tos/lib/net/TinySDN/TinySdnP.nc" nicename="TinySdnP" qname="TinySdnP">
      <documentation loc="35:/opt/tinyos-release-tinyos-2_1_2//tos/lib/net/TinySDN/TinySdnP.nc">
        <short>
 TinySDN

 </short>
        <long>
 TinySDN

 @author Bruno Trevizan de Oliveira
 @author Lucas Gabriel Batista
 @date   $Date: 2014-03-01

</long>
      </documentation>
      <configuration/>
      <wiring>
        <wire loc="203:/opt/tinyos-release-tinyos-2_1_2//tos/lib/net/TinySDN/TinySdnP.nc">
          <from><interface-ref name="RootControl" ref="0x2b6107535da0" scoped=""/></from>
          <to><interface-ref name="RootControl" ref="0x2b61079c07a0" scoped=""/></to>
        </wire>
        <wire loc="120:/opt/tinyos-release-tinyos-2_1_2//tos/lib/net/TinySDN/TinySdnP.nc">
          <from><interface-ref name="Intercept" ref="0x2b61074c0db0" scoped=""/></from>
          <to><interface-ref name="Intercept" ref="0x2b61076df970" scoped=""/></to>
        </wire>
        <wire loc="116:/opt/tinyos-release-tinyos-2_1_2//tos/lib/net/TinySDN/TinySdnP.nc">
          <from><interface-ref name="Send" ref="0x2b61074c21d0" scoped=""/></from>
          <to><interface-ref name="Send" ref="0x2b61076e1d30" scoped=""/></to>
        </wire>
        <wire loc="119:/opt/tinyos-release-tinyos-2_1_2//tos/lib/net/TinySDN/TinySdnP.nc">
          <from><interface-ref name="Snoop" ref="0x2b61074c01d0" scoped=""/></from>
          <to><interface-ref name="Snoop" ref="0x2b61076df250" scoped=""/></to>
        </wire>
        <wire loc="121:/opt/tinyos-release-tinyos-2_1_2//tos/lib/net/TinySDN/TinySdnP.nc">
          <from><interface-ref name="Packet" ref="0x2b61074bf410" scoped=""/></from>
          <to><interface-ref name="Packet" ref="0x2b61076de020" scoped=""/></to>
        </wire>
        <wire loc="123:/opt/tinyos-release-tinyos-2_1_2//tos/lib/net/TinySDN/TinySdnP.nc">
          <from><interface-ref name="TinySDNSocketPacket" ref="0x2b61074be180" scoped=""/></from>
          <to><interface-ref name="TinySDNSocketPacket" ref="0x2b61076dec30" scoped=""/></to>
        </wire>
        <wire loc="118:/opt/tinyos-release-tinyos-2_1_2//tos/lib/net/TinySDN/TinySdnP.nc">
          <from><interface-ref name="Receive" ref="0x2b61074c1460" scoped=""/></from>
          <to><interface-ref name="Receive" ref="0x2b61076e0ac0" scoped=""/></to>
        </wire>
        <wire loc="124:/opt/tinyos-release-tinyos-2_1_2//tos/lib/net/TinySDN/TinySdnP.nc">
          <from><interface-ref name="TinySdnPacket" ref="0x2b61074bd020" scoped=""/></from>
          <to><interface-ref name="TinySdnPacket" ref="0x2b61076dda40" scoped=""/></to>
        </wire>
        <wire loc="222:/opt/tinyos-release-tinyos-2_1_2//tos/lib/net/TinySDN/TinySdnP.nc">
          <from><interface-ref name="StdControl" ref="0x2b61074c3370" scoped=""/></from>
          <to><interface-ref name="StdControl" ref="0x2b6107b4a3d0" scoped=""/></to>
        </wire>
        <wire loc="202:/opt/tinyos-release-tinyos-2_1_2//tos/lib/net/TinySDN/TinySdnP.nc">
          <from><interface-ref name="StdControl" ref="0x2b61074c3370" scoped=""/></from>
          <to><interface-ref name="StdControl" ref="0x2b61079be720" scoped=""/></to>
        </wire>
        <wire loc="117:/opt/tinyos-release-tinyos-2_1_2//tos/lib/net/TinySDN/TinySdnP.nc">
          <from><interface-ref name="StdControl" ref="0x2b61074c3370" scoped=""/></from>
          <to><interface-ref name="StdControl" ref="0x2b61076e1460" scoped=""/></to>
        </wire>
        <wire loc="99:/opt/tinyos-release-tinyos-2_1_2//tos/lib/net/TinySDN/TinySdnP.nc">
          <from><interface-ref name="StdControl" ref="0x2b61074c3370" scoped=""/></from>
          <to><interface-ref name="StdControl" ref="0x2b6107748ca0" scoped=""/></to>
        </wire>
        <wire loc="95:/opt/tinyos-release-tinyos-2_1_2//tos/lib/net/TinySDN/TinySdnP.nc">
          <from><interface-ref name="Random" ref="0x2b6107744020" scoped=""/></from>
          <to><interface-ref name="Random" ref="0x2b6106ebca20" scoped=""/></to>
        </wire>
        <wire loc="101:/opt/tinyos-release-tinyos-2_1_2//tos/lib/net/TinySDN/TinySdnP.nc">
          <from><interface-ref name="Random" ref="0x2b61077c1790" scoped=""/></from>
          <to><interface-ref name="Random" ref="0x2b6106ebca20" scoped=""/></to>
        </wire>
        <wire loc="102:/opt/tinyos-release-tinyos-2_1_2//tos/lib/net/TinySDN/TinySdnP.nc">
          <from><interface-ref name="AMSend" ref="0x2b61077c3780" scoped=""/></from>
          <to><interface-ref name="AMSend" ref="0x2b610775f970" scoped=""/></to>
        </wire>
        <wire loc="103:/opt/tinyos-release-tinyos-2_1_2//tos/lib/net/TinySDN/TinySdnP.nc">
          <from><interface-ref name="SubReceive" ref="0x2b61077c2a30" scoped=""/></from>
          <to><interface-ref name="Receive" ref="0x2b6107752530" scoped=""/></to>
        </wire>
        <wire loc="104:/opt/tinyos-release-tinyos-2_1_2//tos/lib/net/TinySDN/TinySdnP.nc">
          <from><interface-ref name="SubPacket" ref="0x2b61077c5cb0" scoped=""/></from>
          <to><interface-ref name="Packet" ref="0x2b610775e5a0" scoped=""/></to>
        </wire>
        <wire loc="105:/opt/tinyos-release-tinyos-2_1_2//tos/lib/net/TinySDN/TinySdnP.nc">
          <from><interface-ref name="SubAMPacket" ref="0x2b61077c7510" scoped=""/></from>
          <to><interface-ref name="AMPacket" ref="0x2b610775d270" scoped=""/></to>
        </wire>
        <wire loc="224:/opt/tinyos-release-tinyos-2_1_2//tos/lib/net/TinySDN/TinySdnP.nc">
          <from><interface-ref name="SoftwareInit" ref="0x2b6105d641b0" scoped=""/></from>
          <to><interface-ref name="Init" ref="0x2b6107b4bdb0" scoped=""/></to>
        </wire>
        <wire loc="204:/opt/tinyos-release-tinyos-2_1_2//tos/lib/net/TinySDN/TinySdnP.nc">
          <from><interface-ref name="SoftwareInit" ref="0x2b6105d641b0" scoped=""/></from>
          <to><interface-ref name="Init" ref="0x2b61079bc020" scoped=""/></to>
        </wire>
        <wire loc="151:/opt/tinyos-release-tinyos-2_1_2//tos/lib/net/TinySDN/TinySdnP.nc">
          <from><interface-ref name="SoftwareInit" ref="0x2b6105d641b0" scoped=""/></from>
          <to><interface-ref name="Init" ref="0x2b61076e2e60" scoped=""/></to>
        </wire>
        <wire loc="106:/opt/tinyos-release-tinyos-2_1_2//tos/lib/net/TinySDN/TinySdnP.nc">
          <from><interface-ref name="SoftwareInit" ref="0x2b6105d641b0" scoped=""/></from>
          <to><interface-ref name="Init" ref="0x2b61077cbc00" scoped=""/></to>
        </wire>
        <wire loc="108:/opt/tinyos-release-tinyos-2_1_2//tos/lib/net/TinySDN/TinySdnP.nc">
          <from><interface-ref name="LinkEstimator" ref="0x2b610773d5d0" scoped=""/></from>
          <to><interface-ref name="LinkEstimator" ref="0x2b61077cc920" scoped=""/></to>
        </wire>
        <wire loc="109:/opt/tinyos-release-tinyos-2_1_2//tos/lib/net/TinySDN/TinySdnP.nc">
          <from><interface-ref name="PacketAcknowledgements" ref="0x2b610773b8b0" scoped=""/></from>
          <to><interface-ref name="Acks" ref="0x2b61078ab020" scoped=""/></to>
        </wire>
        <wire loc="110:/opt/tinyos-release-tinyos-2_1_2//tos/lib/net/TinySDN/TinySdnP.nc">
          <from><interface-ref name="initLE" ref="0x2b610773a2b0" scoped=""/></from>
          <to><interface-ref name="Init" ref="0x2b61077cbc00" scoped=""/></to>
        </wire>
        <wire loc="114:/opt/tinyos-release-tinyos-2_1_2//tos/lib/net/TinySDN/TinySdnP.nc">
          <from><interface-ref name="NotifyTimer" ref="0x2b61077423d0" scoped=""/></from>
          <to><interface-ref name="Timer" ref="0x2b610774e870" scoped=""/></to>
        </wire>
        <wire loc="122:/opt/tinyos-release-tinyos-2_1_2//tos/lib/net/TinySDN/TinySdnP.nc">
          <from><interface-ref name="TinySDNSocketId" ref="0x2b61076c2b50" scoped=""/></from>
          <to><interface-ref name="TinySDNSocketId" ref="0x2b6107538d70" scoped=""/></to>
        </wire>
        <wire loc="128:/opt/tinyos-release-tinyos-2_1_2//tos/lib/net/TinySDN/TinySdnP.nc">
          <from><interface-ref name="QEntryPool" ref="0x2b61076cde60" scoped=""/></from>
          <to><interface-ref name="Pool" ref="0x2b6107875140" scoped=""/></to>
        </wire>
        <wire loc="129:/opt/tinyos-release-tinyos-2_1_2//tos/lib/net/TinySDN/TinySdnP.nc">
          <from><interface-ref name="MessagePool" ref="0x2b61076c98d0" scoped=""/></from>
          <to><interface-ref name="Pool" ref="0x2b6107813cd0" scoped=""/></to>
        </wire>
        <wire loc="134:/opt/tinyos-release-tinyos-2_1_2//tos/lib/net/TinySDN/TinySdnP.nc">
          <from><interface-ref name="SendQueue" ref="0x2b61076d18c0" scoped=""/></from>
          <to><interface-ref name="Queue" ref="0x2b6107868020" scoped=""/></to>
        </wire>
        <wire loc="137:/opt/tinyos-release-tinyos-2_1_2//tos/lib/net/TinySDN/TinySdnP.nc">
          <from><interface-ref name="SentCache" ref="0x2b61076c52c0" scoped=""/></from>
          <to><interface-ref name="Cache" ref="0x2b61078bec80" scoped=""/></to>
        </wire>
        <wire loc="146:/opt/tinyos-release-tinyos-2_1_2//tos/lib/net/TinySDN/TinySdnP.nc">
          <from><interface-ref name="TinySDNSocketDebug" ref="0x2b6107744980" scoped=""/></from>
          <to><interface-ref name="TinySDNSocketDebug" ref="0x2b6107534080" scoped=""/></to>
        </wire>
        <wire loc="149:/opt/tinyos-release-tinyos-2_1_2//tos/lib/net/TinySDN/TinySdnP.nc">
          <from><interface-ref name="RetxmitTimer" ref="0x2b61076d8a10" scoped=""/></from>
          <to><interface-ref name="Timer" ref="0x2b61078a3180" scoped=""/></to>
        </wire>
        <wire loc="152:/opt/tinyos-release-tinyos-2_1_2//tos/lib/net/TinySDN/TinySdnP.nc">
          <from><interface-ref name="SubSend" ref="0x2b61076dac00" scoped=""/></from>
          <to><interface-ref name="AMSend" ref="0x2b61078ae020" scoped=""/></to>
        </wire>
        <wire loc="153:/opt/tinyos-release-tinyos-2_1_2//tos/lib/net/TinySDN/TinySdnP.nc">
          <from><interface-ref name="SubReceive" ref="0x2b61076c4df0" scoped=""/></from>
          <to><interface-ref name="Receive" ref="0x2b61078a9a30" scoped=""/></to>
        </wire>
        <wire loc="155:/opt/tinyos-release-tinyos-2_1_2//tos/lib/net/TinySDN/TinySdnP.nc">
          <from><interface-ref name="SubPacket" ref="0x2b61076d4e40" scoped=""/></from>
          <to><interface-ref name="Packet" ref="0x2b61078aec30" scoped=""/></to>
        </wire>
        <wire loc="156:/opt/tinyos-release-tinyos-2_1_2//tos/lib/net/TinySDN/TinySdnP.nc">
          <from><interface-ref name="CtrlPacket" ref="0x2b61076d2ab0" scoped=""/></from>
          <to><interface-ref name="Packet" ref="0x2b61078aec30" scoped=""/></to>
        </wire>
        <wire loc="158:/opt/tinyos-release-tinyos-2_1_2//tos/lib/net/TinySDN/TinySdnP.nc">
          <from><interface-ref name="RadioControl" ref="0x2b6107743760" scoped=""/></from>
          <to><interface-ref name="SplitControl" ref="0x2b6107531a60" scoped=""/></to>
        </wire>
        <wire loc="159:/opt/tinyos-release-tinyos-2_1_2//tos/lib/net/TinySDN/TinySdnP.nc">
          <from><interface-ref name="AMPacket" ref="0x2b61076c1270" scoped=""/></from>
          <to><interface-ref name="AMPacket" ref="0x2b61078ad8b0" scoped=""/></to>
        </wire>
        <wire loc="160:/opt/tinyos-release-tinyos-2_1_2//tos/lib/net/TinySDN/TinySdnP.nc">
          <from><interface-ref name="Leds" ref="0x2b61076c08b0" scoped=""/></from>
          <to><interface-ref name="Leds" ref="0x2b6105f285b0" scoped=""/></to>
        </wire>
        <wire loc="186:/opt/tinyos-release-tinyos-2_1_2//tos/lib/net/TinySDN/TinySdnP.nc">
          <from><interface-ref name="LinkPacketMetadata" ref="0x2b61077c1180" scoped=""/></from>
          <to><interface-ref name="LinkPacketMetadata" ref="0x2b61063e01e0" scoped=""/></to>
        </wire>
        <wire loc="189:/opt/tinyos-release-tinyos-2_1_2//tos/lib/net/TinySDN/TinySdnP.nc">
          <from><interface-ref name="LinkEstimator" ref="0x2b610770a5a0" scoped=""/></from>
          <to><interface-ref name="LinkEstimator" ref="0x2b61077cc920" scoped=""/></to>
        </wire>
        <wire loc="190:/opt/tinyos-release-tinyos-2_1_2//tos/lib/net/TinySDN/TinySdnP.nc">
          <from><interface-ref name="TopologyReportTimer" ref="0x2b610772eaf0" scoped=""/></from>
          <to><interface-ref name="Timer" ref="0x2b610774e870" scoped=""/></to>
        </wire>
        <wire loc="191:/opt/tinyos-release-tinyos-2_1_2//tos/lib/net/TinySDN/TinySdnP.nc">
          <from><interface-ref name="TinySdnReportTopologyPacket" ref="0x2b610770be00" scoped=""/></from>
          <to><interface-ref name="TinySdnReportTopologyPacket" ref="0x2b61076dbb40" scoped=""/></to>
        </wire>
        <wire loc="193:/opt/tinyos-release-tinyos-2_1_2//tos/lib/net/TinySDN/TinySdnP.nc">
          <from><interface-ref name="StdControlTopologyCollection" ref="0x2b61077395d0" scoped=""/></from>
          <to><interface-ref name="StdControl" ref="0x2b610772e1d0" scoped=""/></to>
        </wire>
        <wire loc="205:/opt/tinyos-release-tinyos-2_1_2//tos/lib/net/TinySDN/TinySdnP.nc">
          <from><interface-ref name="BeaconSend" ref="0x2b61079bc690" scoped=""/></from>
          <to><interface-ref name="Send" ref="0x2b6107745530" scoped=""/></to>
        </wire>
        <wire loc="206:/opt/tinyos-release-tinyos-2_1_2//tos/lib/net/TinySDN/TinySdnP.nc">
          <from><interface-ref name="BeaconReceive" ref="0x2b61079bb440" scoped=""/></from>
          <to><interface-ref name="Receive" ref="0x2b61077cc2c0" scoped=""/></to>
        </wire>
        <wire loc="207:/opt/tinyos-release-tinyos-2_1_2//tos/lib/net/TinySDN/TinySdnP.nc">
          <from><interface-ref name="LinkEstimator" ref="0x2b61079bba10" scoped=""/></from>
          <to><interface-ref name="LinkEstimator" ref="0x2b61077cc920" scoped=""/></to>
        </wire>
        <wire loc="209:/opt/tinyos-release-tinyos-2_1_2//tos/lib/net/TinySDN/TinySdnP.nc">
          <from><interface-ref name="CompareBit" ref="0x2b6107a3c600" scoped=""/></from>
          <to><interface-ref name="CompareBit" ref="0x2b61077c30f0" scoped=""/></to>
        </wire>
        <wire loc="211:/opt/tinyos-release-tinyos-2_1_2//tos/lib/net/TinySDN/TinySdnP.nc">
          <from><interface-ref name="AMPacket" ref="0x2b61079bad60" scoped=""/></from>
          <to><interface-ref name="AMPacket" ref="0x2b610752acf0" scoped=""/></to>
        </wire>
        <wire loc="212:/opt/tinyos-release-tinyos-2_1_2//tos/lib/net/TinySDN/TinySdnP.nc">
          <from><interface-ref name="RadioControl" ref="0x2b6107a49440" scoped=""/></from>
          <to><interface-ref name="SplitControl" ref="0x2b6107531a60" scoped=""/></to>
        </wire>
        <wire loc="213:/opt/tinyos-release-tinyos-2_1_2//tos/lib/net/TinySDN/TinySdnP.nc">
          <from><interface-ref name="BeaconTimer" ref="0x2b6107a48060" scoped=""/></from>
          <to><interface-ref name="Timer" ref="0x2b6107a36980" scoped=""/></to>
        </wire>
        <wire loc="214:/opt/tinyos-release-tinyos-2_1_2//tos/lib/net/TinySDN/TinySdnP.nc">
          <from><interface-ref name="RouteTimer" ref="0x2b6107a43570" scoped=""/></from>
          <to><interface-ref name="Timer" ref="0x2b6107a2f2d0" scoped=""/></to>
        </wire>
        <wire loc="215:/opt/tinyos-release-tinyos-2_1_2//tos/lib/net/TinySDN/TinySdnP.nc">
          <from><interface-ref name="CtpCongestion" ref="0x2b6107a3de80" scoped=""/></from>
          <to><interface-ref name="CtpCongestion" ref="0x2b61076da400" scoped=""/></to>
        </wire>
        <wire loc="216:/opt/tinyos-release-tinyos-2_1_2//tos/lib/net/TinySDN/TinySdnP.nc">
          <from><interface-ref name="Random" ref="0x2b6107a3e980" scoped=""/></from>
          <to><interface-ref name="Random" ref="0x2b6106ebca20" scoped=""/></to>
        </wire>
        <wire loc="218:/opt/tinyos-release-tinyos-2_1_2//tos/lib/net/TinySDN/TinySdnP.nc">
          <from><interface-ref name="CTPPathToController" ref="0x2b6107739d70" scoped=""/></from>
          <to><interface-ref name="Routing" ref="0x2b61079c1cf0" scoped=""/></to>
        </wire>
        <wire loc="223:/opt/tinyos-release-tinyos-2_1_2//tos/lib/net/TinySDN/TinySdnP.nc">
          <from><interface-ref name="CollectionId" ref="0x2b6107bbeb00" scoped=""/></from>
          <to><interface-ref name="CollectionId" ref="0x2b61075379b0" scoped=""/></to>
        </wire>
        <wire loc="225:/opt/tinyos-release-tinyos-2_1_2//tos/lib/net/TinySDN/TinySdnP.nc">
          <from><interface-ref name="LinkEstimator" ref="0x2b6107b3ca50" scoped=""/></from>
          <to><interface-ref name="LinkEstimator" ref="0x2b61077cc920" scoped=""/></to>
        </wire>
        <wire loc="226:/opt/tinyos-release-tinyos-2_1_2//tos/lib/net/TinySDN/TinySdnP.nc">
          <from><interface-ref name="SubSend" ref="0x2b6107b42060" scoped=""/></from>
          <to><interface-ref name="AMSend" ref="0x2b61078b90e0" scoped=""/></to>
        </wire>
        <wire loc="227:/opt/tinyos-release-tinyos-2_1_2//tos/lib/net/TinySDN/TinySdnP.nc">
          <from><interface-ref name="SubPacket" ref="0x2b6107b398c0" scoped=""/></from>
          <to><interface-ref name="Packet" ref="0x2b61078b9cf0" scoped=""/></to>
        </wire>
        <wire loc="228:/opt/tinyos-release-tinyos-2_1_2//tos/lib/net/TinySDN/TinySdnP.nc">
          <from><interface-ref name="AMPacket" ref="0x2b6107bbd330" scoped=""/></from>
          <to><interface-ref name="AMPacket" ref="0x2b61078b8930" scoped=""/></to>
        </wire>
        <wire loc="229:/opt/tinyos-release-tinyos-2_1_2//tos/lib/net/TinySDN/TinySdnP.nc">
          <from><interface-ref name="PacketAcknowledgements" ref="0x2b6107b42c70" scoped=""/></from>
          <to><interface-ref name="Acks" ref="0x2b61078b5020" scoped=""/></to>
        </wire>
        <wire loc="230:/opt/tinyos-release-tinyos-2_1_2//tos/lib/net/TinySDN/TinySdnP.nc">
          <from><interface-ref name="SubReceive" ref="0x2b6107bc2df0" scoped=""/></from>
          <to><interface-ref name="Receive" ref="0x2b61078b39f0" scoped=""/></to>
        </wire>
        <wire loc="231:/opt/tinyos-release-tinyos-2_1_2//tos/lib/net/TinySDN/TinySdnP.nc">
          <from><interface-ref name="SentCache" ref="0x2b6107b2c2c0" scoped=""/></from>
          <to><interface-ref name="Cache" ref="0x2b61078bec80" scoped=""/></to>
        </wire>
        <wire loc="232:/opt/tinyos-release-tinyos-2_1_2//tos/lib/net/TinySDN/TinySdnP.nc">
          <from><interface-ref name="SendQueue" ref="0x2b6107b38730" scoped=""/></from>
          <to><interface-ref name="Queue" ref="0x2b610786fcd0" scoped=""/></to>
        </wire>
        <wire loc="233:/opt/tinyos-release-tinyos-2_1_2//tos/lib/net/TinySDN/TinySdnP.nc">
          <from><interface-ref name="RootControl" ref="0x2b6107bbe0e0" scoped=""/></from>
          <to><interface-ref name="RootControl" ref="0x2b61079c07a0" scoped=""/></to>
        </wire>
        <wire loc="234:/opt/tinyos-release-tinyos-2_1_2//tos/lib/net/TinySDN/TinySdnP.nc">
          <from><interface-ref name="UnicastNameFreeRouting" ref="0x2b6107b3bd60" scoped=""/></from>
          <to><interface-ref name="Routing" ref="0x2b61079c1cf0" scoped=""/></to>
        </wire>
        <wire loc="235:/opt/tinyos-release-tinyos-2_1_2//tos/lib/net/TinySDN/TinySdnP.nc">
          <from><interface-ref name="RadioControl" ref="0x2b6107bb9440" scoped=""/></from>
          <to><interface-ref name="SplitControl" ref="0x2b6107531a60" scoped=""/></to>
        </wire>
        <wire loc="236:/opt/tinyos-release-tinyos-2_1_2//tos/lib/net/TinySDN/TinySdnP.nc">
          <from><interface-ref name="CtpInfo" ref="0x2b6107bc0a20" scoped=""/></from>
          <to><interface-ref name="CtpInfo" ref="0x2b61079bf0e0" scoped=""/></to>
        </wire>
        <wire loc="237:/opt/tinyos-release-tinyos-2_1_2//tos/lib/net/TinySDN/TinySdnP.nc">
          <from><interface-ref name="MessagePool" ref="0x2b6107b308d0" scoped=""/></from>
          <to><interface-ref name="Pool" ref="0x2b6107813cd0" scoped=""/></to>
        </wire>
        <wire loc="238:/opt/tinyos-release-tinyos-2_1_2//tos/lib/net/TinySDN/TinySdnP.nc">
          <from><interface-ref name="QEntryPool" ref="0x2b6107b34e60" scoped=""/></from>
          <to><interface-ref name="Pool" ref="0x2b6107875140" scoped=""/></to>
        </wire>
        <wire loc="239:/opt/tinyos-release-tinyos-2_1_2//tos/lib/net/TinySDN/TinySdnP.nc">
          <from><interface-ref name="Random" ref="0x2b6107bba020" scoped=""/></from>
          <to><interface-ref name="Random" ref="0x2b6106ebca20" scoped=""/></to>
        </wire>
        <wire loc="240:/opt/tinyos-release-tinyos-2_1_2//tos/lib/net/TinySDN/TinySdnP.nc">
          <from><interface-ref name="RetxmitTimer" ref="0x2b6107b416f0" scoped=""/></from>
          <to><interface-ref name="Timer" ref="0x2b61078a3180" scoped=""/></to>
        </wire>
        <wire loc="242:/opt/tinyos-release-tinyos-2_1_2//tos/lib/net/TinySDN/TinySdnP.nc">
          <from><interface-ref name="CTPSendToController" ref="0x2b610773a8c0" scoped=""/></from>
          <to><interface-ref name="Send" ref="0x2b6107b4ac60" scoped=""/>
          <arguments>
            <value cst="I:0">
              <type-int alignment="I:2" cname="unsigned int" size="I:2" unsigned=""/>
            </value>
          </arguments>
          </to>
        </wire>
      </wiring>
    </component><component abstract="" loc="43(LruTinySdnMsgCacheC.CacheP):/opt/tinyos-release-tinyos-2_1_2//tos/lib/net/TinySDN/LruTinySdnMsgCacheP.nc" nicename="LruTinySdnMsgCacheC.CacheP" qname="LruTinySdnMsgCacheC.CacheP">
      <documentation loc="32:/opt/tinyos-release-tinyos-2_1_2//tos/lib/net/TinySDN/LruTinySdnMsgCacheP.nc">
        <short>
 An LRU cache that stores the signature of a CTP packet instance.</short>
        <long>
 An LRU cache that stores the signature of a CTP packet instance.
 An insert operation indicates &quot;use&quot;.  Inserting an element not in
 the cache will replace the oldest, and inserting an element already
 in the cache will refresh its age.

 @author Philip Levis 
</long>
      </documentation>
      <instance>
        <component-ref nicename="LruTinySdnMsgCacheP" qname="LruTinySdnMsgCacheP"/>
        <arguments>
          <value cst="U:">
            <type-int alignment="I:1" cname="unsigned char" size="I:1" unsigned="">
              <typename><typedef-ref name="uint8_t" ref="0x2b6104f08160"/></typename>
            </type-int>
          </value>
        </arguments>
      </instance>
      <module/>
    </component></referenced></component>