<?xml version="1.0" ?><component abstract="" loc="43:/opt/tinyos-release-tinyos-2_1_2//tos/lib/net/TinySDN/LruTinySdnMsgCacheP.nc" nicename="LruTinySdnMsgCacheP" qname="LruTinySdnMsgCacheP">
      <documentation loc="32:/opt/tinyos-release-tinyos-2_1_2//tos/lib/net/TinySDN/LruTinySdnMsgCacheP.nc">
        <short>
 An LRU cache that stores the signature of a CTP packet instance.</short>
        <long>
 An LRU cache that stores the signature of a CTP packet instance.
 An insert operation indicates &quot;use&quot;.  Inserting an element not in
 the cache will replace the oldest, and inserting an element already
 in the cache will refresh its age.

 @author Philip Levis 
</long>
      </documentation>
      <parameters>
        <constant loc="43:/opt/tinyos-release-tinyos-2_1_2//tos/lib/net/TinySDN/LruTinySdnMsgCacheP.nc" name="size" ref="0x2b610785dad0">
          <component-ref nicename="LruTinySdnMsgCacheP" qname="LruTinySdnMsgCacheP"/>
          <type-int alignment="I:1" cname="unsigned char" size="I:1" unsigned="">
            <typename><typedef-ref name="uint8_t" ref="0x2b6104f08160"/></typename>
          </type-int>
        </constant>
      </parameters>
      <module/>
    <specification><interface loc="46:/opt/tinyos-release-tinyos-2_1_2//tos/lib/net/TinySDN/LruTinySdnMsgCacheP.nc" name="Cache" provided="1" ref="0x2b610785a7f0">
      <component-ref nicename="LruTinySdnMsgCacheP" qname="LruTinySdnMsgCacheP"/>
      <type-interface alignment="I:2" size="I:2"><interface-ref name="Cache" ref="0x2b610785a7f0" scoped=""/></type-interface>
      <instance>
        <interfacedef-ref nicename="Cache" qname="Cache"/>
        <arguments>
          <type-pointer alignment="I:2" size="I:2">
            <type-tag alignment="I:1" size="I:152"><nx_struct-ref name="message_t" ref="0x2b6105d580c0"/>
              <typename><typedef-ref name="message_t" ref="0x2b6105d576f0"/></typename>
            </type-tag>
          </type-pointer>
        </arguments>
      </instance>
      <interface-functions>
        <function-ref name="insert" ref="0x2b6107859480" scoped=""/>
        <function-ref name="flush" ref="0x2b6107859e20" scoped=""/>
        <function-ref name="lookup" ref="0x2b6107859950" scoped=""/>
      </interface-functions>
    </interface><interface loc="49:/opt/tinyos-release-tinyos-2_1_2//tos/lib/net/TinySDN/LruTinySdnMsgCacheP.nc" name="TinySdnPacket" provided="0" ref="0x2b6107858380">
      <component-ref nicename="LruTinySdnMsgCacheP" qname="LruTinySdnMsgCacheP"/>
      <type-interface alignment="I:2" size="I:2"><interface-ref name="TinySdnPacket" ref="0x2b6107858380" scoped=""/></type-interface>
      <instance>
        <interfacedef-ref nicename="TinySdnPacket" qname="TinySdnPacket"/>
      </instance>
      <interface-functions>
        <function-ref name="setSequenceNumber" ref="0x2b6107858700" scoped=""/>
        <function-ref name="option" ref="0x2b6107858890" scoped=""/>
        <function-ref name="getDestination" ref="0x2b6107858a20" scoped=""/>
        <function-ref name="setSocketID" ref="0x2b6107858bb0" scoped=""/>
        <function-ref name="setOrigin" ref="0x2b6107858d40" scoped=""/>
        <function-ref name="clearOption" ref="0x2b6107857020" scoped=""/>
        <function-ref name="getSocketID" ref="0x2b61078571b0" scoped=""/>
        <function-ref name="setType" ref="0x2b6107857340" scoped=""/>
        <function-ref name="getOrigin" ref="0x2b61078574d0" scoped=""/>
        <function-ref name="setOption" ref="0x2b6107857660" scoped=""/>
        <function-ref name="setDestination" ref="0x2b61078577f0" scoped=""/>
        <function-ref name="matchPacket" ref="0x2b6107857980" scoped=""/>
        <function-ref name="getThl" ref="0x2b6107857b10" scoped=""/>
        <function-ref name="getSequenceNumber" ref="0x2b6107857da0" scoped=""/>
        <function-ref name="matchInstance" ref="0x2b61078e2020" scoped=""/>
        <function-ref name="getType" ref="0x2b61078e21b0" scoped=""/>
        <function-ref name="setThl" ref="0x2b61078e2340" scoped=""/>
      </interface-functions>
    </interface><interface loc="45:/opt/tinyos-release-tinyos-2_1_2//tos/lib/net/TinySDN/LruTinySdnMsgCacheP.nc" name="Init" provided="1" ref="0x2b610785a020">
      <component-ref nicename="LruTinySdnMsgCacheP" qname="LruTinySdnMsgCacheP"/>
      <type-interface alignment="I:2" size="I:2"><interface-ref name="Init" ref="0x2b610785a020" scoped=""/></type-interface>
      <instance>
        <interfacedef-ref nicename="Init" qname="Init"/>
      </instance>
      <interface-functions>
        <function-ref name="init" ref="0x2b610785a3a0" scoped=""/>
      </interface-functions>
    </interface></specification><referenced/></component>