<?xml version="1.0" ?><component loc="56:/opt/tinyos-release-tinyos-2_1_2//tos/system/MainC.nc" nicename="MainC" qname="MainC">
      <documentation loc="45:/opt/tinyos-release-tinyos-2_1_2//tos/system/MainC.nc">
        <short>
 MainC is the system interface the TinyOS boot sequence.</short>
        <long>
 MainC is the system interface the TinyOS boot sequence. It wires the
 boot sequence implementation to the scheduler and hardware resources.

 @author Philip Levis
 @date   August 6 2005
 @see    TEP 107: Boot Sequence
</long>
      </documentation>
      <configuration/>
      <wiring>
        <wire loc="72:/opt/tinyos-release-tinyos-2_1_2//tos/system/MainC.nc">
          <from><interface-ref name="Boot" ref="0x2b6105d69c20" scoped=""/></from>
          <to><interface-ref name="Boot" ref="0x2b6105f1a590" scoped=""/></to>
        </wire>
        <wire loc="67:/opt/tinyos-release-tinyos-2_1_2//tos/system/MainC.nc">
          <from><interface-ref name="Scheduler" ref="0x2b6105f1ac00" scoped=""/></from>
          <to><interface-ref name="Scheduler" ref="0x2b61058673a0" scoped=""/></to>
        </wire>
        <wire loc="68:/opt/tinyos-release-tinyos-2_1_2//tos/system/MainC.nc">
          <from><interface-ref name="PlatformInit" ref="0x2b6105f336c0" scoped=""/></from>
          <to><interface-ref name="Init" ref="0x2b6105d63190" scoped=""/></to>
        </wire>
        <wire loc="71:/opt/tinyos-release-tinyos-2_1_2//tos/system/MainC.nc">
          <from><interface-ref name="SoftwareInit" ref="0x2b6105f33dc0" scoped=""/></from>
          <to><interface-ref name="SoftwareInit" ref="0x2b6105d641b0" scoped=""/></to>
        </wire>
      </wiring>
    <specification><interface loc="58:/opt/tinyos-release-tinyos-2_1_2//tos/system/MainC.nc" name="SoftwareInit" provided="0" ref="0x2b6105d641b0">
      <component-ref nicename="MainC" qname="MainC"/>
      <type-interface alignment="I:2" size="I:2"><interface-ref name="SoftwareInit" ref="0x2b6105d641b0" scoped=""/></type-interface>
      <instance>
        <interfacedef-ref nicename="Init" qname="Init"/>
      </instance>
      <interface-functions>
        <function-ref name="init" ref="0x2b6105d64530" scoped=""/>
      </interface-functions>
    </interface><interface loc="57:/opt/tinyos-release-tinyos-2_1_2//tos/system/MainC.nc" name="Boot" provided="1" ref="0x2b6105d69c20">
      <component-ref nicename="MainC" qname="MainC"/>
      <type-interface alignment="I:2" size="I:2"><interface-ref name="Boot" ref="0x2b6105d69c20" scoped=""/></type-interface>
      <instance>
        <interfacedef-ref nicename="Boot" qname="Boot"/>
      </instance>
      <interface-functions>
        <function-ref name="booted" ref="0x2b6105d68020" scoped=""/>
      </interface-functions>
    </interface></specification><referenced><interface loc="47:/opt/tinyos-release-tinyos-2_1_2//tos/system/TinySchedulerC.nc" name="Scheduler" provided="1" ref="0x2b61058673a0">
      <component-ref nicename="TinySchedulerC" qname="TinySchedulerC"/>
      <type-interface alignment="I:2" size="I:2"><interface-ref name="Scheduler" ref="0x2b61058673a0" scoped=""/></type-interface>
      <instance>
        <interfacedef-ref nicename="Scheduler" qname="Scheduler"/>
      </instance>
      <interface-functions>
        <function-ref name="init" ref="0x2b6105867720" scoped=""/>
        <function-ref name="taskLoop" ref="0x2b61058678b0" scoped=""/>
        <function-ref name="runNextTask" ref="0x2b6105867a40" scoped=""/>
      </interface-functions>
    </interface><interface loc="59:/opt/tinyos-release-tinyos-2_1_2//tos/system/RealMainP.nc" name="PlatformInit" provided="0" ref="0x2b6105f336c0">
      <component-ref nicename="RealMainP" qname="RealMainP"/>
      <type-interface alignment="I:2" size="I:2"><interface-ref name="PlatformInit" ref="0x2b6105f336c0" scoped=""/></type-interface>
      <instance>
        <interfacedef-ref nicename="Init" qname="Init"/>
      </instance>
      <interface-functions>
        <function-ref name="init" ref="0x2b6105f33a40" scoped=""/>
      </interface-functions>
    </interface><interface loc="58:/opt/tinyos-release-tinyos-2_1_2//tos/system/RealMainP.nc" name="Scheduler" provided="0" ref="0x2b6105f1ac00">
      <component-ref nicename="RealMainP" qname="RealMainP"/>
      <type-interface alignment="I:2" size="I:2"><interface-ref name="Scheduler" ref="0x2b6105f1ac00" scoped=""/></type-interface>
      <instance>
        <interfacedef-ref nicename="Scheduler" qname="Scheduler"/>
      </instance>
      <interface-functions>
        <function-ref name="init" ref="0x2b6105f33020" scoped=""/>
        <function-ref name="taskLoop" ref="0x2b6105f331b0" scoped=""/>
        <function-ref name="runNextTask" ref="0x2b6105f33340" scoped=""/>
      </interface-functions>
    </interface><interface loc="60:/opt/tinyos-release-tinyos-2_1_2//tos/system/RealMainP.nc" name="SoftwareInit" provided="0" ref="0x2b6105f33dc0">
      <component-ref nicename="RealMainP" qname="RealMainP"/>
      <type-interface alignment="I:2" size="I:2"><interface-ref name="SoftwareInit" ref="0x2b6105f33dc0" scoped=""/></type-interface>
      <instance>
        <interfacedef-ref nicename="Init" qname="Init"/>
      </instance>
      <interface-functions>
        <function-ref name="init" ref="0x2b6105f32180" scoped=""/>
      </interface-functions>
    </interface><interface loc="42:/opt/tinyos-release-tinyos-2_1_2//tos/platforms/telosa/PlatformC.nc" name="Init" provided="1" ref="0x2b6105d63190">
      <component-ref nicename="PlatformC" qname="PlatformC"/>
      <type-interface alignment="I:2" size="I:2"><interface-ref name="Init" ref="0x2b6105d63190" scoped=""/></type-interface>
      <instance>
        <interfacedef-ref nicename="Init" qname="Init"/>
      </instance>
      <interface-functions>
        <function-ref name="init" ref="0x2b6105d63510" scoped=""/>
      </interface-functions>
    </interface><interface loc="57:/opt/tinyos-release-tinyos-2_1_2//tos/system/RealMainP.nc" name="Boot" provided="1" ref="0x2b6105f1a590">
      <component-ref nicename="RealMainP" qname="RealMainP"/>
      <type-interface alignment="I:2" size="I:2"><interface-ref name="Boot" ref="0x2b6105f1a590" scoped=""/></type-interface>
      <instance>
        <interfacedef-ref nicename="Boot" qname="Boot"/>
      </instance>
      <interface-functions>
        <function-ref name="booted" ref="0x2b6105f1a910" scoped=""/>
      </interface-functions>
    </interface><component loc="56:/opt/tinyos-release-tinyos-2_1_2//tos/system/RealMainP.nc" nicename="RealMainP" qname="RealMainP" safe="">
      <documentation loc="49:/opt/tinyos-release-tinyos-2_1_2//tos/system/RealMainP.nc">
        <short>
 RealMain implements the TinyOS boot sequence, as documented in TEP 107.</short>
        <long>
 RealMain implements the TinyOS boot sequence, as documented in TEP 107.

 @author Philip Levis
 @date   January 17 2005
</long>
      </documentation>
      <module/>
    </component><component loc="40:/opt/tinyos-release-tinyos-2_1_2//tos/platforms/telosa/PlatformC.nc" nicename="PlatformC" qname="PlatformC">
      <documentation loc="34:/opt/tinyos-release-tinyos-2_1_2//tos/platforms/telosa/PlatformC.nc">
        <short>
 </short>
        <long>
 @author Joe Polastre and Cory Sharp
 @version $Revision: 1.6 $ $Date: 2010-06-29 22:07:55 $
</long>
      </documentation>
      <configuration/>
      <wiring>
        <wire loc="48:/opt/tinyos-release-tinyos-2_1_2//tos/platforms/telosa/PlatformC.nc">
          <from><interface-ref name="Init" ref="0x2b6105d63190" scoped=""/></from>
          <to><interface-ref name="Init" ref="0x2b6105d603a0" scoped=""/></to>
        </wire>
        <wire loc="49:/opt/tinyos-release-tinyos-2_1_2//tos/platforms/telosa/PlatformC.nc">
          <from><interface-ref name="MoteClockInit" ref="0x2b6105d60ab0" scoped=""/></from>
          <to><interface-ref name="MoteClockInit" ref="0x2b6105d62920" scoped=""/></to>
        </wire>
        <wire loc="50:/opt/tinyos-release-tinyos-2_1_2//tos/platforms/telosa/PlatformC.nc">
          <from><interface-ref name="MoteInit" ref="0x2b6105d5f1f0" scoped=""/></from>
          <to><interface-ref name="Init" ref="0x2b6105d79550" scoped=""/></to>
        </wire>
      </wiring>
    </component><component loc="46:/opt/tinyos-release-tinyos-2_1_2//tos/system/TinySchedulerC.nc" nicename="TinySchedulerC" qname="TinySchedulerC">
      <documentation loc="34:/opt/tinyos-release-tinyos-2_1_2//tos/system/TinySchedulerC.nc">
        <short>
 The TinyOS scheduler.</short>
        <long>
 The TinyOS scheduler. It provides two interfaces: Scheduler,
 for TinyOS to initialize and run tasks, and TaskBasic, the simplext
 class of TinyOS tasks (reserved always at-most-once posting,
 FIFO, parameter-free). For details and information on how to
 replace the scheduler, refer to TEP 106.

 @author  Phil Levis
 @date    August 7 2005
 @see     TEP 106: Tasks and Schedulers
</long>
      </documentation>
      <configuration/>
      <wiring>
        <wire loc="54:/opt/tinyos-release-tinyos-2_1_2//tos/system/TinySchedulerC.nc">
          <from><interface-ref name="TaskBasic" ref="0x2b61057fd1d0" scoped=""/></from>
          <to><interface-ref name="TaskBasic" ref="0x2b6105cb4040" scoped=""/></to>
        </wire>
        <wire loc="53:/opt/tinyos-release-tinyos-2_1_2//tos/system/TinySchedulerC.nc">
          <from><interface-ref name="Scheduler" ref="0x2b61058673a0" scoped=""/></from>
          <to><interface-ref name="Scheduler" ref="0x2b6105cb6140" scoped=""/></to>
        </wire>
        <wire loc="55:/opt/tinyos-release-tinyos-2_1_2//tos/system/TinySchedulerC.nc">
          <from><interface-ref name="McuSleep" ref="0x2b6105ccd5d0" scoped=""/></from>
          <to><interface-ref name="McuSleep" ref="0x2b61058d52d0" scoped=""/></to>
        </wire>
      </wiring>
    </component></referenced></component>