<?xml version="1.0" ?><component loc="38:/opt/tinyos-release-tinyos-2_1_2//tos/platforms/telosb/MoteClockP.nc" nicename="MoteClockP" qname="MoteClockP">
      <documentation loc="33:/opt/tinyos-release-tinyos-2_1_2//tos/platforms/telosb/MoteClockP.nc">
        <short>
 </short>
        <long>
 @author Vlado Handziski &lt;handzisk@tkn.tu-berlind.de&gt;
 @author Cory Sharp &lt;cssharp@eecs.berkeley.edu&gt;
</long>
      </documentation>
      <module/>
    <specification><interface loc="39:/opt/tinyos-release-tinyos-2_1_2//tos/platforms/telosb/MoteClockP.nc" name="Msp430ClockInit" provided="0" ref="0x2b6105d7fb60">
      <component-ref nicename="MoteClockP" qname="MoteClockP"/>
      <type-interface alignment="I:2" size="I:2"><interface-ref name="Msp430ClockInit" ref="0x2b6105d7fb60" scoped=""/></type-interface>
      <instance>
        <interfacedef-ref nicename="Msp430ClockInit" qname="Msp430ClockInit"/>
      </instance>
      <interface-functions>
        <function-ref name="defaultInitClocks" ref="0x2b6105f19b10" scoped=""/>
        <function-ref name="initTimerB" ref="0x2b6105f191b0" scoped=""/>
        <function-ref name="defaultInitTimerA" ref="0x2b6105f19340" scoped=""/>
        <function-ref name="initTimerA" ref="0x2b6105f194d0" scoped=""/>
        <function-ref name="defaultInitTimerB" ref="0x2b6105f19020" scoped=""/>
        <function-ref name="defaultSetupDcoCalibrate" ref="0x2b6105f19660" scoped=""/>
        <function-ref name="setupDcoCalibrate" ref="0x2b6105f197f0" scoped=""/>
        <function-ref name="initClocks" ref="0x2b6105f19980" scoped=""/>
      </interface-functions>
    </interface></specification><referenced/></component>