<?xml version="1.0" ?><component loc="37:/opt/tinyos-release-tinyos-2_1_2//tos/platforms/telosb/MoteClockC.nc" nicename="MoteClockC" qname="MoteClockC">
      <documentation loc="33:/opt/tinyos-release-tinyos-2_1_2//tos/platforms/telosb/MoteClockC.nc">
        <short>
 </short>
        <long>
 @author Vlado Handziski &lt;handzisk@tkn.tu-berlind.de&gt;
</long>
      </documentation>
      <configuration/>
      <wiring>
        <wire loc="46:/opt/tinyos-release-tinyos-2_1_2//tos/platforms/telosb/MoteClockC.nc">
          <from><interface-ref name="MoteClockInit" ref="0x2b6105d62920" scoped=""/></from>
          <to><interface-ref name="Init" ref="0x2b6105d81860" scoped=""/></to>
        </wire>
      </wiring>
    <specification><interface loc="39:/opt/tinyos-release-tinyos-2_1_2//tos/platforms/telosb/MoteClockC.nc" name="MoteClockInit" provided="1" ref="0x2b6105d62920">
      <component-ref nicename="MoteClockC" qname="MoteClockC"/>
      <type-interface alignment="I:2" size="I:2"><interface-ref name="MoteClockInit" ref="0x2b6105d62920" scoped=""/></type-interface>
      <instance>
        <interfacedef-ref nicename="Init" qname="Init"/>
      </instance>
      <interface-functions>
        <function-ref name="init" ref="0x2b6105d62ca0" scoped=""/>
      </interface-functions>
    </interface></specification><referenced><interface loc="39:/opt/tinyos-release-tinyos-2_1_2//tos/chips/msp430/timer/Msp430ClockC.nc" name="Init" provided="1" ref="0x2b6105d81860">
      <component-ref nicename="Msp430ClockC" qname="Msp430ClockC"/>
      <type-interface alignment="I:2" size="I:2"><interface-ref name="Init" ref="0x2b6105d81860" scoped=""/></type-interface>
      <instance>
        <interfacedef-ref nicename="Init" qname="Init"/>
      </instance>
      <interface-functions>
        <function-ref name="init" ref="0x2b6105d81be0" scoped=""/>
      </interface-functions>
    </interface><component loc="37:/opt/tinyos-release-tinyos-2_1_2//tos/chips/msp430/timer/Msp430ClockC.nc" nicename="Msp430ClockC" qname="Msp430ClockC">
      <documentation loc="33:/opt/tinyos-release-tinyos-2_1_2//tos/chips/msp430/timer/Msp430ClockC.nc">
        <short>
 </short>
        <long>
 @author Cory Sharp &lt;cssharp@eecs.berkeley.edu&gt;
</long>
      </documentation>
      <configuration/>
      <wiring>
        <wire loc="47:/opt/tinyos-release-tinyos-2_1_2//tos/chips/msp430/timer/Msp430ClockC.nc">
          <from><interface-ref name="Msp430ClockInit" ref="0x2b6105d99de0" scoped=""/></from>
          <to><interface-ref name="Msp430ClockInit" ref="0x2b6105da9a70" scoped=""/></to>
        </wire>
        <wire loc="46:/opt/tinyos-release-tinyos-2_1_2//tos/chips/msp430/timer/Msp430ClockC.nc">
          <from><interface-ref name="Init" ref="0x2b6105d81860" scoped=""/></from>
          <to><interface-ref name="Init" ref="0x2b6105da93c0" scoped=""/></to>
        </wire>
        <wire loc="48:/opt/tinyos-release-tinyos-2_1_2//tos/chips/msp430/timer/Msp430ClockC.nc">
          <from><interface-ref name="McuPowerOverride" ref="0x2b6105a10080" scoped=""/></from>
          <to><interface-ref name="McuPowerOverride" ref="0x2b6105da7cc0" scoped=""/></to>
        </wire>
      </wiring>
    </component></referenced></component>