<?xml version="1.0" ?><component abstract="" loc="39:/opt/tinyos-release-tinyos-2_1_2//tos/chips/msp430/usart/Msp430Usart0C.nc" nicename="Msp430Usart0C" qname="Msp430Usart0C">
      <documentation loc="32:/opt/tinyos-release-tinyos-2_1_2//tos/chips/msp430/usart/Msp430Usart0C.nc">
        <short>
 Provides an interface for USART0 on the MSP430.</short>
        <long>
 Provides an interface for USART0 on the MSP430.

 @author Jonathan Hui &lt;jhui@archedrock.com&gt;
 @version $Revision: 1.5 $ $Date: 2008-05-21 22:11:57 $
</long>
      </documentation>
      <parameters>
      </parameters>
      <configuration/>
      <wiring>
        <wire loc="64:/opt/tinyos-release-tinyos-2_1_2//tos/chips/msp430/usart/Msp430Usart0C.nc">
          <from><interface-ref name="ResourceRequested" ref="0x2b61069a6190" scoped=""/></from>
          <to><interface-ref name="ResourceRequested" ref="0x2b61069e28a0" scoped=""/>
          <arguments>
            <value cst="U:">
              <type-int alignment="I:2" cname="int" size="I:2"/>
            </value>
          </arguments>
          </to>
        </wire>
        <wire loc="68:/opt/tinyos-release-tinyos-2_1_2//tos/chips/msp430/usart/Msp430Usart0C.nc">
          <from><interface-ref name="HplMsp430I2CInterrupts" ref="0x2b610699e020" scoped=""/></from>
          <to><interface-ref name="I2CInterrupts" ref="0x2b61069e59a0" scoped=""/>
          <arguments>
            <value cst="U:">
              <type-int alignment="I:2" cname="int" size="I:2"/>
            </value>
          </arguments>
          </to>
        </wire>
        <wire loc="75:/opt/tinyos-release-tinyos-2_1_2//tos/chips/msp430/usart/Msp430Usart0C.nc">
          <from><interface-ref name="HplMsp430I2C" ref="0x2b610699e6b0" scoped=""/></from>
          <to><interface-ref name="HplMsp430I2C" ref="0x2b6106a3e890" scoped=""/></to>
        </wire>
        <wire loc="67:/opt/tinyos-release-tinyos-2_1_2//tos/chips/msp430/usart/Msp430Usart0C.nc">
          <from><interface-ref name="HplMsp430UsartInterrupts" ref="0x2b610699f6d0" scoped=""/></from>
          <to><interface-ref name="Interrupts" ref="0x2b6106995a90" scoped=""/>
          <arguments>
            <value cst="U:">
              <type-int alignment="I:2" cname="int" size="I:2"/>
            </value>
          </arguments>
          </to>
        </wire>
        <wire loc="63:/opt/tinyos-release-tinyos-2_1_2//tos/chips/msp430/usart/Msp430Usart0C.nc">
          <from><interface-ref name="Resource" ref="0x2b61069a7450" scoped=""/></from>
          <to><interface-ref name="Resource" ref="0x2b61069e35c0" scoped=""/>
          <arguments>
            <value cst="U:">
              <type-int alignment="I:2" cname="int" size="I:2"/>
            </value>
          </arguments>
          </to>
        </wire>
        <wire loc="71:/opt/tinyos-release-tinyos-2_1_2//tos/chips/msp430/usart/Msp430Usart0C.nc">
          <from><interface-ref name="HplMsp430Usart" ref="0x2b61069a2be0" scoped=""/></from>
          <to><interface-ref name="HplMsp430Usart" ref="0x2b61068ed870" scoped=""/></to>
        </wire>
        <wire loc="66:/opt/tinyos-release-tinyos-2_1_2//tos/chips/msp430/usart/Msp430Usart0C.nc">
          <from><interface-ref name="ArbiterInfo" ref="0x2b61069a23b0" scoped=""/></from>
          <to><interface-ref name="ArbiterInfo" ref="0x2b61069e1130" scoped=""/></to>
        </wire>
        <wire loc="65:/opt/tinyos-release-tinyos-2_1_2//tos/chips/msp430/usart/Msp430Usart0C.nc">
          <from><interface-ref name="ResourceConfigure" ref="0x2b61069e0020" scoped=""/>
          <arguments>
            <value cst="U:">
              <type-int alignment="I:2" cname="int" size="I:2"/>
            </value>
          </arguments>
          </from>
          <to><interface-ref name="ResourceConfigure" ref="0x2b6106997680" scoped=""/></to>
        </wire>
      </wiring>
    <specification><interface loc="42:/opt/tinyos-release-tinyos-2_1_2//tos/chips/msp430/usart/Msp430Usart0C.nc" name="ResourceRequested" provided="1" ref="0x2b61069a6190">
      <component-ref nicename="Msp430Usart0C" qname="Msp430Usart0C"/>
      <type-interface alignment="I:2" size="I:2"><interface-ref name="ResourceRequested" ref="0x2b61069a6190" scoped=""/></type-interface>
      <instance>
        <interfacedef-ref nicename="ResourceRequested" qname="ResourceRequested"/>
      </instance>
      <interface-functions>
        <function-ref name="requested" ref="0x2b61069a6510" scoped=""/>
        <function-ref name="immediateRequested" ref="0x2b61069a66a0" scoped=""/>
      </interface-functions>
    </interface><interface loc="46:/opt/tinyos-release-tinyos-2_1_2//tos/chips/msp430/usart/Msp430Usart0C.nc" name="HplMsp430I2CInterrupts" provided="1" ref="0x2b610699e020">
      <component-ref nicename="Msp430Usart0C" qname="Msp430Usart0C"/>
      <type-interface alignment="I:2" size="I:2"><interface-ref name="HplMsp430I2CInterrupts" ref="0x2b610699e020" scoped=""/></type-interface>
      <instance>
        <interfacedef-ref nicename="HplMsp430I2CInterrupts" qname="HplMsp430I2CInterrupts"/>
      </instance>
      <interface-functions>
        <function-ref name="fired" ref="0x2b610699e3a0" scoped=""/>
      </interface-functions>
    </interface><interface loc="51:/opt/tinyos-release-tinyos-2_1_2//tos/chips/msp430/usart/Msp430Usart0C.nc" name="ResourceConfigure" provided="0" ref="0x2b6106997680">
      <component-ref nicename="Msp430Usart0C" qname="Msp430Usart0C"/>
      <type-interface alignment="I:2" size="I:2"><interface-ref name="ResourceConfigure" ref="0x2b6106997680" scoped=""/></type-interface>
      <instance>
        <interfacedef-ref nicename="ResourceConfigure" qname="ResourceConfigure"/>
      </instance>
      <interface-functions>
        <function-ref name="unconfigure" ref="0x2b6106997a00" scoped=""/>
        <function-ref name="configure" ref="0x2b6106997b90" scoped=""/>
      </interface-functions>
    </interface><interface loc="48:/opt/tinyos-release-tinyos-2_1_2//tos/chips/msp430/usart/Msp430Usart0C.nc" name="HplMsp430I2C" provided="1" ref="0x2b610699e6b0">
      <component-ref nicename="Msp430Usart0C" qname="Msp430Usart0C"/>
      <type-interface alignment="I:2" size="I:2"><interface-ref name="HplMsp430I2C" ref="0x2b610699e6b0" scoped=""/></type-interface>
      <instance>
        <interfacedef-ref nicename="HplMsp430I2C" qname="HplMsp430I2C"/>
      </instance>
      <interface-functions>
        <function-ref name="disableOwnAddress" ref="0x2b610699ea30" scoped=""/>
        <function-ref name="getStartByte" ref="0x2b610699ebc0" scoped=""/>
        <function-ref name="setSlaveAddress" ref="0x2b610699ed50" scoped=""/>
        <function-ref name="setMasterMode" ref="0x2b610699d020" scoped=""/>
        <function-ref name="disableTransmitReady" ref="0x2b610699d1b0" scoped=""/>
        <function-ref name="getClockPrescaler" ref="0x2b610699d340" scoped=""/>
        <function-ref name="setTransmitMode" ref="0x2b610699d4d0" scoped=""/>
        <function-ref name="getStopBit" ref="0x2b610699d660" scoped=""/>
        <function-ref name="setClockSource" ref="0x2b610699d7f0" scoped=""/>
        <function-ref name="getRepeatMode" ref="0x2b610699d980" scoped=""/>
        <function-ref name="getData" ref="0x2b610699db10" scoped=""/>
        <function-ref name="enableStartDetect" ref="0x2b610699dca0" scoped=""/>
        <function-ref name="enableAccessReady" ref="0x2b610699de30" scoped=""/>
        <function-ref name="getSlaveAddress" ref="0x2b610699c120" scoped=""/>
        <function-ref name="isGeneralCallPending" ref="0x2b610699c2b0" scoped=""/>
        <function-ref name="getIV" ref="0x2b610699c440" scoped=""/>
        <function-ref name="enableI2C" ref="0x2b610699c5d0" scoped=""/>
        <function-ref name="setStartBit" ref="0x2b610699c760" scoped=""/>
        <function-ref name="getTransferByteCount" ref="0x2b610699c8f0" scoped=""/>
        <function-ref name="getTransmitReceiveMode" ref="0x2b610699ca80" scoped=""/>
        <function-ref name="clearModeI2C" ref="0x2b610699cc10" scoped=""/>
        <function-ref name="setOwnAddress" ref="0x2b610699cda0" scoped=""/>
        <function-ref name="isI2C" ref="0x2b610699b020" scoped=""/>
        <function-ref name="enableGeneralCall" ref="0x2b610699b1b0" scoped=""/>
        <function-ref name="enableOwnAddress" ref="0x2b610699b340" scoped=""/>
        <function-ref name="isAccessReadyPending" ref="0x2b610699b6d0" scoped=""/>
        <function-ref name="isArbitrationLostPending" ref="0x2b610699b860" scoped=""/>
        <function-ref name="disableReceiveReady" ref="0x2b610699b9f0" scoped=""/>
        <function-ref name="disableNoAck" ref="0x2b610699bb80" scoped=""/>
        <function-ref name="disableStartDetect" ref="0x2b610699bd10" scoped=""/>
        <function-ref name="enableArbitrationLost" ref="0x2b610699a020" scoped=""/>
        <function-ref name="disableI2C" ref="0x2b610699a1b0" scoped=""/>
        <function-ref name="getShiftClock" ref="0x2b610699a340" scoped=""/>
        <function-ref name="disableArbitrationLost" ref="0x2b610699a4d0" scoped=""/>
        <function-ref name="disableAccessReady" ref="0x2b610699a660" scoped=""/>
        <function-ref name="setTransferByteCount" ref="0x2b610699a7f0" scoped=""/>
        <function-ref name="isOwnAddressPending" ref="0x2b610699a980" scoped=""/>
        <function-ref name="getOwnAddress" ref="0x2b610699ab10" scoped=""/>
        <function-ref name="enableTransmitReady" ref="0x2b610699aca0" scoped=""/>
        <function-ref name="setModeI2C" ref="0x2b610699ae30" scoped=""/>
        <function-ref name="getStartBit" ref="0x2b6106999020" scoped=""/>
        <function-ref name="setWordMode" ref="0x2b61069991b0" scoped=""/>
        <function-ref name="setData" ref="0x2b6106999340" scoped=""/>
        <function-ref name="isStartDetectPending" ref="0x2b61069994d0" scoped=""/>
        <function-ref name="getClockSource" ref="0x2b6106999660" scoped=""/>
        <function-ref name="getWordMode" ref="0x2b61069997f0" scoped=""/>
        <function-ref name="setShiftClock" ref="0x2b6106999980" scoped=""/>
        <function-ref name="setSlaveMode" ref="0x2b6106999b10" scoped=""/>
        <function-ref name="enableNoAck" ref="0x2b6106999ca0" scoped=""/>
        <function-ref name="enableReceiveReady" ref="0x2b6106998420" scoped=""/>
        <function-ref name="disableGeneralCall" ref="0x2b61069985b0" scoped=""/>
        <function-ref name="setClockPrescaler" ref="0x2b6106998740" scoped=""/>
        <function-ref name="setStopBit" ref="0x2b61069988d0" scoped=""/>
        <function-ref name="setReceiveMode" ref="0x2b6106998a60" scoped=""/>
        <function-ref name="isNoAckPending" ref="0x2b6106998bf0" scoped=""/>
        <function-ref name="setRepeatMode" ref="0x2b6106998d80" scoped=""/>
        <function-ref name="isTransmitReadyPending" ref="0x2b6106997020" scoped=""/>
        <function-ref name="setStartByte" ref="0x2b61069971b0" scoped=""/>
        <function-ref name="isReceiveReadyPending" ref="0x2b6106997340" scoped=""/>
      </interface-functions>
    </interface><interface loc="45:/opt/tinyos-release-tinyos-2_1_2//tos/chips/msp430/usart/Msp430Usart0C.nc" name="HplMsp430UsartInterrupts" provided="1" ref="0x2b610699f6d0">
      <component-ref nicename="Msp430Usart0C" qname="Msp430Usart0C"/>
      <type-interface alignment="I:2" size="I:2"><interface-ref name="HplMsp430UsartInterrupts" ref="0x2b610699f6d0" scoped=""/></type-interface>
      <instance>
        <interfacedef-ref nicename="HplMsp430UsartInterrupts" qname="HplMsp430UsartInterrupts"/>
      </instance>
      <interface-functions>
        <function-ref name="rxDone" ref="0x2b610699fa50" scoped=""/>
        <function-ref name="txDone" ref="0x2b610699fbe0" scoped=""/>
      </interface-functions>
    </interface><interface loc="41:/opt/tinyos-release-tinyos-2_1_2//tos/chips/msp430/usart/Msp430Usart0C.nc" name="Resource" provided="1" ref="0x2b61069a7450">
      <component-ref nicename="Msp430Usart0C" qname="Msp430Usart0C"/>
      <type-interface alignment="I:2" size="I:2"><interface-ref name="Resource" ref="0x2b61069a7450" scoped=""/></type-interface>
      <instance>
        <interfacedef-ref nicename="Resource" qname="Resource"/>
      </instance>
      <interface-functions>
        <function-ref name="release" ref="0x2b61069a77d0" scoped=""/>
        <function-ref name="immediateRequest" ref="0x2b61069a7960" scoped=""/>
        <function-ref name="request" ref="0x2b61069a7af0" scoped=""/>
        <function-ref name="granted" ref="0x2b61069a7c80" scoped=""/>
        <function-ref name="isOwner" ref="0x2b61069a7e10" scoped=""/>
      </interface-functions>
    </interface><interface loc="44:/opt/tinyos-release-tinyos-2_1_2//tos/chips/msp430/usart/Msp430Usart0C.nc" name="HplMsp430Usart" provided="1" ref="0x2b61069a2be0">
      <component-ref nicename="Msp430Usart0C" qname="Msp430Usart0C"/>
      <type-interface alignment="I:2" size="I:2"><interface-ref name="HplMsp430Usart" ref="0x2b61069a2be0" scoped=""/></type-interface>
      <instance>
        <interfacedef-ref nicename="HplMsp430Usart" qname="HplMsp430Usart"/>
      </instance>
      <interface-functions>
        <function-ref name="isTxEmpty" ref="0x2b61069a5020" scoped=""/>
        <function-ref name="enableUartRx" ref="0x2b61069a51b0" scoped=""/>
        <function-ref name="setUctl" ref="0x2b61069a5340" scoped=""/>
        <function-ref name="enableUart" ref="0x2b61069a54d0" scoped=""/>
        <function-ref name="setUrctl" ref="0x2b61069a5660" scoped=""/>
        <function-ref name="enableRxIntr" ref="0x2b61069a57f0" scoped=""/>
        <function-ref name="clrRxIntr" ref="0x2b61069a5980" scoped=""/>
        <function-ref name="getUtctl" ref="0x2b61069a5b10" scoped=""/>
        <function-ref name="getUrctl" ref="0x2b61069a5ca0" scoped=""/>
        <function-ref name="resetUsart" ref="0x2b61069a5e30" scoped=""/>
        <function-ref name="getUmctl" ref="0x2b61069a4020" scoped=""/>
        <function-ref name="disableIntr" ref="0x2b61069a41b0" scoped=""/>
        <function-ref name="setUtctl" ref="0x2b61069a4340" scoped=""/>
        <function-ref name="getUbr" ref="0x2b61069a45d0" scoped=""/>
        <function-ref name="enableTxIntr" ref="0x2b61069a4760" scoped=""/>
        <function-ref name="setUmctl" ref="0x2b61069a48f0" scoped=""/>
        <function-ref name="isUartRx" ref="0x2b61069a4a80" scoped=""/>
        <function-ref name="isUart" ref="0x2b61069a4c10" scoped=""/>
        <function-ref name="disableRxIntr" ref="0x2b61069a4da0" scoped=""/>
        <function-ref name="isSpi" ref="0x2b61069a1020" scoped=""/>
        <function-ref name="enableUartTx" ref="0x2b61069a11b0" scoped=""/>
        <function-ref name="disableTxIntr" ref="0x2b61069a1340" scoped=""/>
        <function-ref name="disableUartRx" ref="0x2b61069a14d0" scoped=""/>
        <function-ref name="enableIntr" ref="0x2b61069a1660" scoped=""/>
        <function-ref name="getMode" ref="0x2b61069a17f0" scoped=""/>
        <function-ref name="isTxIntrPending" ref="0x2b61069a1b80" scoped=""/>
        <function-ref name="clrIntr" ref="0x2b61069a1d10" scoped=""/>
        <function-ref name="setUbr" ref="0x2b61069a0020" scoped=""/>
        <function-ref name="tx" ref="0x2b61069a01b0" scoped=""/>
        <function-ref name="getUctl" ref="0x2b61069a0340" scoped=""/>
        <function-ref name="disableUart" ref="0x2b61069a04d0" scoped=""/>
        <function-ref name="enableSpi" ref="0x2b61069a0660" scoped=""/>
        <function-ref name="setModeUart" ref="0x2b61069a07f0" scoped=""/>
        <function-ref name="setModeSpi" ref="0x2b61069a0980" scoped=""/>
        <function-ref name="rx" ref="0x2b61069a0b10" scoped=""/>
        <function-ref name="isRxIntrPending" ref="0x2b61069a0ca0" scoped=""/>
        <function-ref name="isUartTx" ref="0x2b61069a0e30" scoped=""/>
        <function-ref name="clrTxIntr" ref="0x2b610699f020" scoped=""/>
        <function-ref name="disableSpi" ref="0x2b610699f1b0" scoped=""/>
        <function-ref name="disableUartTx" ref="0x2b610699f340" scoped=""/>
      </interface-functions>
    </interface><interface loc="43:/opt/tinyos-release-tinyos-2_1_2//tos/chips/msp430/usart/Msp430Usart0C.nc" name="ArbiterInfo" provided="1" ref="0x2b61069a23b0">
      <component-ref nicename="Msp430Usart0C" qname="Msp430Usart0C"/>
      <type-interface alignment="I:2" size="I:2"><interface-ref name="ArbiterInfo" ref="0x2b61069a23b0" scoped=""/></type-interface>
      <instance>
        <interfacedef-ref nicename="ArbiterInfo" qname="ArbiterInfo"/>
      </instance>
      <interface-functions>
        <function-ref name="inUse" ref="0x2b61069a2730" scoped=""/>
        <function-ref name="userId" ref="0x2b61069a28c0" scoped=""/>
      </interface-functions>
    </interface></specification><referenced><interface loc="76:/opt/tinyos-release-tinyos-2_1_2//tos/chips/msp430/usart/HplMsp430Usart0C.nc" name="HplMsp430Usart" provided="1" ref="0x2b61068ed870">
      <component-ref nicename="HplMsp430Usart0C" qname="HplMsp430Usart0C"/>
      <type-interface alignment="I:2" size="I:2"><interface-ref name="HplMsp430Usart" ref="0x2b61068ed870" scoped=""/></type-interface>
      <instance>
        <interfacedef-ref nicename="HplMsp430Usart" qname="HplMsp430Usart"/>
      </instance>
      <interface-functions>
        <function-ref name="isTxEmpty" ref="0x2b61068edbf0" scoped=""/>
        <function-ref name="enableUartRx" ref="0x2b61068edd80" scoped=""/>
        <function-ref name="setUctl" ref="0x2b61068ea020" scoped=""/>
        <function-ref name="enableUart" ref="0x2b61068ea1b0" scoped=""/>
        <function-ref name="setUrctl" ref="0x2b61068ea340" scoped=""/>
        <function-ref name="enableRxIntr" ref="0x2b61068ea4d0" scoped=""/>
        <function-ref name="clrRxIntr" ref="0x2b61068ea660" scoped=""/>
        <function-ref name="getUtctl" ref="0x2b61068ea7f0" scoped=""/>
        <function-ref name="getUrctl" ref="0x2b61068ea980" scoped=""/>
        <function-ref name="resetUsart" ref="0x2b61068eab10" scoped=""/>
        <function-ref name="getUmctl" ref="0x2b61068eaca0" scoped=""/>
        <function-ref name="disableIntr" ref="0x2b61068eae30" scoped=""/>
        <function-ref name="setUtctl" ref="0x2b61068e9020" scoped=""/>
        <function-ref name="getUbr" ref="0x2b61068e92b0" scoped=""/>
        <function-ref name="enableTxIntr" ref="0x2b61068e9440" scoped=""/>
        <function-ref name="setUmctl" ref="0x2b61068e95d0" scoped=""/>
        <function-ref name="isUartRx" ref="0x2b61068e9760" scoped=""/>
        <function-ref name="isUart" ref="0x2b61068e98f0" scoped=""/>
        <function-ref name="disableRxIntr" ref="0x2b61068e9a80" scoped=""/>
        <function-ref name="isSpi" ref="0x2b61068e9c10" scoped=""/>
        <function-ref name="enableUartTx" ref="0x2b61068e9da0" scoped=""/>
        <function-ref name="disableTxIntr" ref="0x2b61068e8020" scoped=""/>
        <function-ref name="disableUartRx" ref="0x2b61068e81b0" scoped=""/>
        <function-ref name="enableIntr" ref="0x2b61068e8340" scoped=""/>
        <function-ref name="getMode" ref="0x2b61068e84d0" scoped=""/>
        <function-ref name="isTxIntrPending" ref="0x2b61068e8860" scoped=""/>
        <function-ref name="clrIntr" ref="0x2b61068e89f0" scoped=""/>
        <function-ref name="setUbr" ref="0x2b61068e8b80" scoped=""/>
        <function-ref name="tx" ref="0x2b61068e8d10" scoped=""/>
        <function-ref name="getUctl" ref="0x2b61068e7020" scoped=""/>
        <function-ref name="disableUart" ref="0x2b61068e71b0" scoped=""/>
        <function-ref name="enableSpi" ref="0x2b61068e7340" scoped=""/>
        <function-ref name="setModeUart" ref="0x2b61068e74d0" scoped=""/>
        <function-ref name="setModeSpi" ref="0x2b61068e7660" scoped=""/>
        <function-ref name="rx" ref="0x2b61068e77f0" scoped=""/>
        <function-ref name="isRxIntrPending" ref="0x2b61068e7980" scoped=""/>
        <function-ref name="isUartTx" ref="0x2b61068e7b10" scoped=""/>
        <function-ref name="clrTxIntr" ref="0x2b61068e7ca0" scoped=""/>
        <function-ref name="disableSpi" ref="0x2b61068e7e30" scoped=""/>
        <function-ref name="disableUartTx" ref="0x2b61068e6020" scoped=""/>
      </interface-functions>
    </interface><interface loc="4:/opt/tinyos-release-tinyos-2_1_2//tos/chips/msp430/usart/HplMsp430I2C0C.nc" name="HplMsp430I2C" provided="1" ref="0x2b6106a3e890">
      <component-ref nicename="HplMsp430I2C0C" qname="HplMsp430I2C0C"/>
      <type-interface alignment="I:2" size="I:2"><interface-ref name="HplMsp430I2C" ref="0x2b6106a3e890" scoped=""/></type-interface>
      <instance>
        <interfacedef-ref nicename="HplMsp430I2C" qname="HplMsp430I2C"/>
      </instance>
      <interface-functions>
        <function-ref name="disableOwnAddress" ref="0x2b6106a3ec10" scoped=""/>
        <function-ref name="getStartByte" ref="0x2b6106a3eda0" scoped=""/>
        <function-ref name="setSlaveAddress" ref="0x2b6106a3b020" scoped=""/>
        <function-ref name="setMasterMode" ref="0x2b6106a3b1b0" scoped=""/>
        <function-ref name="disableTransmitReady" ref="0x2b6106a3b340" scoped=""/>
        <function-ref name="getClockPrescaler" ref="0x2b6106a3b4d0" scoped=""/>
        <function-ref name="setTransmitMode" ref="0x2b6106a3b660" scoped=""/>
        <function-ref name="getStopBit" ref="0x2b6106a3b7f0" scoped=""/>
        <function-ref name="setClockSource" ref="0x2b6106a3b980" scoped=""/>
        <function-ref name="getRepeatMode" ref="0x2b6106a3bb10" scoped=""/>
        <function-ref name="getData" ref="0x2b6106a3bca0" scoped=""/>
        <function-ref name="enableStartDetect" ref="0x2b6106a3be30" scoped=""/>
        <function-ref name="enableAccessReady" ref="0x2b6106a3a020" scoped=""/>
        <function-ref name="getSlaveAddress" ref="0x2b6106a3a2b0" scoped=""/>
        <function-ref name="isGeneralCallPending" ref="0x2b6106a3a440" scoped=""/>
        <function-ref name="getIV" ref="0x2b6106a3a5d0" scoped=""/>
        <function-ref name="enableI2C" ref="0x2b6106a3a760" scoped=""/>
        <function-ref name="setStartBit" ref="0x2b6106a3a8f0" scoped=""/>
        <function-ref name="getTransferByteCount" ref="0x2b6106a3aa80" scoped=""/>
        <function-ref name="getTransmitReceiveMode" ref="0x2b6106a3ac10" scoped=""/>
        <function-ref name="clearModeI2C" ref="0x2b6106a3ada0" scoped=""/>
        <function-ref name="setOwnAddress" ref="0x2b6106a8d020" scoped=""/>
        <function-ref name="isI2C" ref="0x2b6106a8d1b0" scoped=""/>
        <function-ref name="enableGeneralCall" ref="0x2b6106a8d340" scoped=""/>
        <function-ref name="enableOwnAddress" ref="0x2b6106a8d4d0" scoped=""/>
        <function-ref name="isAccessReadyPending" ref="0x2b6106a8d860" scoped=""/>
        <function-ref name="isArbitrationLostPending" ref="0x2b6106a8d9f0" scoped=""/>
        <function-ref name="disableReceiveReady" ref="0x2b6106a8db80" scoped=""/>
        <function-ref name="disableNoAck" ref="0x2b6106a8dd10" scoped=""/>
        <function-ref name="disableStartDetect" ref="0x2b6106a8c020" scoped=""/>
        <function-ref name="enableArbitrationLost" ref="0x2b6106a8c1b0" scoped=""/>
        <function-ref name="disableI2C" ref="0x2b6106a8c340" scoped=""/>
        <function-ref name="getShiftClock" ref="0x2b6106a8c4d0" scoped=""/>
        <function-ref name="disableArbitrationLost" ref="0x2b6106a8c660" scoped=""/>
        <function-ref name="disableAccessReady" ref="0x2b6106a8c7f0" scoped=""/>
        <function-ref name="setTransferByteCount" ref="0x2b6106a8c980" scoped=""/>
        <function-ref name="isOwnAddressPending" ref="0x2b6106a8cb10" scoped=""/>
        <function-ref name="getOwnAddress" ref="0x2b6106a8cca0" scoped=""/>
        <function-ref name="enableTransmitReady" ref="0x2b6106a8ce30" scoped=""/>
        <function-ref name="setModeI2C" ref="0x2b6106a8b020" scoped=""/>
        <function-ref name="getStartBit" ref="0x2b6106a8b1b0" scoped=""/>
        <function-ref name="setWordMode" ref="0x2b6106a8b340" scoped=""/>
        <function-ref name="setData" ref="0x2b6106a8b4d0" scoped=""/>
        <function-ref name="isStartDetectPending" ref="0x2b6106a8b660" scoped=""/>
        <function-ref name="getClockSource" ref="0x2b6106a8b7f0" scoped=""/>
        <function-ref name="getWordMode" ref="0x2b6106a8b980" scoped=""/>
        <function-ref name="setShiftClock" ref="0x2b6106a8bb10" scoped=""/>
        <function-ref name="setSlaveMode" ref="0x2b6106a8bca0" scoped=""/>
        <function-ref name="enableNoAck" ref="0x2b6106a8be30" scoped=""/>
        <function-ref name="enableReceiveReady" ref="0x2b6106a8a420" scoped=""/>
        <function-ref name="disableGeneralCall" ref="0x2b6106a8a5b0" scoped=""/>
        <function-ref name="setClockPrescaler" ref="0x2b6106a8a740" scoped=""/>
        <function-ref name="setStopBit" ref="0x2b6106a8a8d0" scoped=""/>
        <function-ref name="setReceiveMode" ref="0x2b6106a8aa60" scoped=""/>
        <function-ref name="isNoAckPending" ref="0x2b6106a8abf0" scoped=""/>
        <function-ref name="setRepeatMode" ref="0x2b6106a8ad80" scoped=""/>
        <function-ref name="isTransmitReadyPending" ref="0x2b6106a89020" scoped=""/>
        <function-ref name="setStartByte" ref="0x2b6106a891b0" scoped=""/>
        <function-ref name="isReceiveReadyPending" ref="0x2b6106a89340" scoped=""/>
      </interface-functions>
    </interface><interface loc="39:/opt/tinyos-release-tinyos-2_1_2//tos/chips/msp430/usart/Msp430UsartShare0P.nc" name="Interrupts" provided="1" ref="0x2b6106995a90">
      <component-ref nicename="Msp430UsartShare0P" qname="Msp430UsartShare0P"/>
      <type-interface alignment="I:2" size="I:2"><interface-ref name="Interrupts" ref="0x2b6106995a90" scoped=""/></type-interface>
      <instance>
        <interfacedef-ref nicename="HplMsp430UsartInterrupts" qname="HplMsp430UsartInterrupts"/>
      </instance>
      <interface-parameters>
        <type-int alignment="I:1" cname="unsigned char" size="I:1" unsigned="">
          <typename><typedef-ref name="uint8_t" ref="0x2b6104f08160"/></typename>
        </type-int>
      </interface-parameters>
      <interface-functions>
        <function-ref name="rxDone" ref="0x2b6106995e10" scoped=""/>
        <function-ref name="txDone" ref="0x2b61069e5020" scoped=""/>
      </interface-functions>
    </interface><interface loc="40:/opt/tinyos-release-tinyos-2_1_2//tos/chips/msp430/usart/Msp430UsartShare0P.nc" name="I2CInterrupts" provided="1" ref="0x2b61069e59a0">
      <component-ref nicename="Msp430UsartShare0P" qname="Msp430UsartShare0P"/>
      <type-interface alignment="I:2" size="I:2"><interface-ref name="I2CInterrupts" ref="0x2b61069e59a0" scoped=""/></type-interface>
      <instance>
        <interfacedef-ref nicename="HplMsp430I2CInterrupts" qname="HplMsp430I2CInterrupts"/>
      </instance>
      <interface-parameters>
        <type-int alignment="I:1" cname="unsigned char" size="I:1" unsigned="">
          <typename><typedef-ref name="uint8_t" ref="0x2b6104f08160"/></typename>
        </type-int>
      </interface-parameters>
      <interface-functions>
        <function-ref name="fired" ref="0x2b61069e5d20" scoped=""/>
      </interface-functions>
    </interface><interface loc="42:/opt/tinyos-release-tinyos-2_1_2//tos/chips/msp430/usart/Msp430UsartShare0P.nc" name="ResourceRequested" provided="1" ref="0x2b61069e28a0">
      <component-ref nicename="Msp430UsartShare0P" qname="Msp430UsartShare0P"/>
      <type-interface alignment="I:2" size="I:2"><interface-ref name="ResourceRequested" ref="0x2b61069e28a0" scoped=""/></type-interface>
      <instance>
        <interfacedef-ref nicename="ResourceRequested" qname="ResourceRequested"/>
      </instance>
      <interface-parameters>
        <type-int alignment="I:1" cname="unsigned char" size="I:1" unsigned="">
          <typename><typedef-ref name="uint8_t" ref="0x2b6104f08160"/></typename>
        </type-int>
      </interface-parameters>
      <interface-functions>
        <function-ref name="requested" ref="0x2b61069e2c20" scoped=""/>
        <function-ref name="immediateRequested" ref="0x2b61069e2db0" scoped=""/>
      </interface-functions>
    </interface><interface loc="41:/opt/tinyos-release-tinyos-2_1_2//tos/chips/msp430/usart/Msp430UsartShare0P.nc" name="Resource" provided="1" ref="0x2b61069e35c0">
      <component-ref nicename="Msp430UsartShare0P" qname="Msp430UsartShare0P"/>
      <type-interface alignment="I:2" size="I:2"><interface-ref name="Resource" ref="0x2b61069e35c0" scoped=""/></type-interface>
      <instance>
        <interfacedef-ref nicename="Resource" qname="Resource"/>
      </instance>
      <interface-parameters>
        <type-int alignment="I:1" cname="unsigned char" size="I:1" unsigned="">
          <typename><typedef-ref name="uint8_t" ref="0x2b6104f08160"/></typename>
        </type-int>
      </interface-parameters>
      <interface-functions>
        <function-ref name="release" ref="0x2b61069e3940" scoped=""/>
        <function-ref name="immediateRequest" ref="0x2b61069e3ad0" scoped=""/>
        <function-ref name="request" ref="0x2b61069e3c60" scoped=""/>
        <function-ref name="granted" ref="0x2b61069e3df0" scoped=""/>
        <function-ref name="isOwner" ref="0x2b61069e2020" scoped=""/>
      </interface-functions>
    </interface><interface loc="43:/opt/tinyos-release-tinyos-2_1_2//tos/chips/msp430/usart/Msp430UsartShare0P.nc" name="ArbiterInfo" provided="1" ref="0x2b61069e1130">
      <component-ref nicename="Msp430UsartShare0P" qname="Msp430UsartShare0P"/>
      <type-interface alignment="I:2" size="I:2"><interface-ref name="ArbiterInfo" ref="0x2b61069e1130" scoped=""/></type-interface>
      <instance>
        <interfacedef-ref nicename="ArbiterInfo" qname="ArbiterInfo"/>
      </instance>
      <interface-functions>
        <function-ref name="inUse" ref="0x2b61069e14b0" scoped=""/>
        <function-ref name="userId" ref="0x2b61069e1640" scoped=""/>
      </interface-functions>
    </interface><interface loc="45:/opt/tinyos-release-tinyos-2_1_2//tos/chips/msp430/usart/Msp430UsartShare0P.nc" name="ResourceConfigure" provided="0" ref="0x2b61069e0020">
      <component-ref nicename="Msp430UsartShare0P" qname="Msp430UsartShare0P"/>
      <type-interface alignment="I:2" size="I:2"><interface-ref name="ResourceConfigure" ref="0x2b61069e0020" scoped=""/></type-interface>
      <instance>
        <interfacedef-ref nicename="ResourceConfigure" qname="ResourceConfigure"/>
      </instance>
      <interface-parameters>
        <type-int alignment="I:1" cname="unsigned char" size="I:1" unsigned="">
          <typename><typedef-ref name="uint8_t" ref="0x2b6104f08160"/></typename>
        </type-int>
      </interface-parameters>
      <interface-functions>
        <function-ref name="unconfigure" ref="0x2b61069e03a0" scoped=""/>
        <function-ref name="configure" ref="0x2b61069e0530" scoped=""/>
      </interface-functions>
    </interface><component loc="37:/opt/tinyos-release-tinyos-2_1_2//tos/chips/msp430/usart/Msp430UsartShare0P.nc" nicename="Msp430UsartShare0P" qname="Msp430UsartShare0P">
      <documentation loc="32:/opt/tinyos-release-tinyos-2_1_2//tos/chips/msp430/usart/Msp430UsartShare0P.nc">
        <short>
 </short>
        <long>
 @author Jonathan Hui &lt;jhui@archedrock.com&gt;
 @version $Revision: 1.5 $ $Date: 2008-05-21 22:11:57 $
</long>
      </documentation>
      <configuration/>
      <wiring>
        <wire loc="56:/opt/tinyos-release-tinyos-2_1_2//tos/chips/msp430/usart/Msp430UsartShare0P.nc">
          <from><interface-ref name="ResourceRequested" ref="0x2b61069e28a0" scoped=""/></from>
          <to><interface-ref name="ResourceRequested" ref="0x2b6106a48bf0" scoped=""/></to>
        </wire>
        <wire loc="51:/opt/tinyos-release-tinyos-2_1_2//tos/chips/msp430/usart/Msp430UsartShare0P.nc">
          <from><interface-ref name="Interrupts" ref="0x2b6106995a90" scoped=""/></from>
          <to><interface-ref name="Interrupts" ref="0x2b61069de5c0" scoped=""/></to>
        </wire>
        <wire loc="55:/opt/tinyos-release-tinyos-2_1_2//tos/chips/msp430/usart/Msp430UsartShare0P.nc">
          <from><interface-ref name="Resource" ref="0x2b61069e35c0" scoped=""/></from>
          <to><interface-ref name="Resource" ref="0x2b6106a49e60" scoped=""/></to>
        </wire>
        <wire loc="52:/opt/tinyos-release-tinyos-2_1_2//tos/chips/msp430/usart/Msp430UsartShare0P.nc">
          <from><interface-ref name="I2CInterrupts" ref="0x2b61069e59a0" scoped=""/></from>
          <to><interface-ref name="I2CInterrupts" ref="0x2b61069cc020" scoped=""/></to>
        </wire>
        <wire loc="58:/opt/tinyos-release-tinyos-2_1_2//tos/chips/msp430/usart/Msp430UsartShare0P.nc">
          <from><interface-ref name="ArbiterInfo" ref="0x2b61069e1130" scoped=""/></from>
          <to><interface-ref name="ArbiterInfo" ref="0x2b6106a46060" scoped=""/></to>
        </wire>
        <wire loc="57:/opt/tinyos-release-tinyos-2_1_2//tos/chips/msp430/usart/Msp430UsartShare0P.nc">
          <from><interface-ref name="ResourceConfigure" ref="0x2b6106a46930" scoped=""/></from>
          <to><interface-ref name="ResourceConfigure" ref="0x2b61069e0020" scoped=""/></to>
        </wire>
        <wire loc="59:/opt/tinyos-release-tinyos-2_1_2//tos/chips/msp430/usart/Msp430UsartShare0P.nc">
          <from><interface-ref name="ArbiterInfo" ref="0x2b61069cb4b0" scoped=""/></from>
          <to><interface-ref name="ArbiterInfo" ref="0x2b6106a46060" scoped=""/></to>
        </wire>
        <wire loc="62:/opt/tinyos-release-tinyos-2_1_2//tos/chips/msp430/usart/Msp430UsartShare0P.nc">
          <from><interface-ref name="RawInterrupts" ref="0x2b61069cc690" scoped=""/></from>
          <to><interface-ref name="HplMsp430UsartInterrupts" ref="0x2b61068e63b0" scoped=""/></to>
        </wire>
        <wire loc="63:/opt/tinyos-release-tinyos-2_1_2//tos/chips/msp430/usart/Msp430UsartShare0P.nc">
          <from><interface-ref name="RawI2CInterrupts" ref="0x2b61069cce70" scoped=""/></from>
          <to><interface-ref name="HplMsp430I2CInterrupts" ref="0x2b61068e3980" scoped=""/></to>
        </wire>
      </wiring>
    </component><component loc="2:/opt/tinyos-release-tinyos-2_1_2//tos/chips/msp430/usart/HplMsp430I2C0C.nc" nicename="HplMsp430I2C0C" qname="HplMsp430I2C0C">
      <configuration/>
      <wiring>
        <wire loc="11:/opt/tinyos-release-tinyos-2_1_2//tos/chips/msp430/usart/HplMsp430I2C0C.nc">
          <from><interface-ref name="HplMsp430I2C" ref="0x2b6106a3e890" scoped=""/></from>
          <to><interface-ref name="HplI2C" ref="0x2b6106a86430" scoped=""/></to>
        </wire>
        <wire loc="14:/opt/tinyos-release-tinyos-2_1_2//tos/chips/msp430/usart/HplMsp430I2C0C.nc">
          <from><interface-ref name="HplI2C" ref="0x2b61069015b0" scoped=""/></from>
          <to><interface-ref name="HplI2C" ref="0x2b6106a86430" scoped=""/></to>
        </wire>
        <wire loc="15:/opt/tinyos-release-tinyos-2_1_2//tos/chips/msp430/usart/HplMsp430I2C0C.nc">
          <from><interface-ref name="HplUsart" ref="0x2b6106a7f250" scoped=""/></from>
          <to><interface-ref name="Usart" ref="0x2b61068e1060" scoped=""/></to>
        </wire>
        <wire loc="18:/opt/tinyos-release-tinyos-2_1_2//tos/chips/msp430/usart/HplMsp430I2C0C.nc">
          <from><interface-ref name="SIMO" ref="0x2b6106a7bd40" scoped=""/></from>
          <to><interface-ref name="SIMO0" ref="0x2b610603e580" scoped=""/></to>
        </wire>
        <wire loc="19:/opt/tinyos-release-tinyos-2_1_2//tos/chips/msp430/usart/HplMsp430I2C0C.nc">
          <from><interface-ref name="UCLK" ref="0x2b6106a79cb0" scoped=""/></from>
          <to><interface-ref name="UCLK0" ref="0x2b6106038580" scoped=""/></to>
        </wire>
      </wiring>
    </component><component loc="74:/opt/tinyos-release-tinyos-2_1_2//tos/chips/msp430/usart/HplMsp430Usart0C.nc" nicename="HplMsp430Usart0C" qname="HplMsp430Usart0C">
      <documentation loc="31:/opt/tinyos-release-tinyos-2_1_2//tos/chips/msp430/usart/msp430usart.h">
        <short>
 </short>
        <long>
 @author Vlado Handziski &lt;handzisk@tkn.tu-berlin.de&gt;
 @author Philipp Huppertz &lt;huppertz@tkn.tu-berlin.de&gt;
</long>
      </documentation>
      <configuration/>
      <wiring>
        <wire loc="87:/opt/tinyos-release-tinyos-2_1_2//tos/chips/msp430/usart/HplMsp430Usart0C.nc">
          <from><interface-ref name="HplMsp430I2CInterrupts" ref="0x2b61068e3980" scoped=""/></from>
          <to><interface-ref name="I2CInterrupts" ref="0x2b61068dc750" scoped=""/></to>
        </wire>
        <wire loc="86:/opt/tinyos-release-tinyos-2_1_2//tos/chips/msp430/usart/HplMsp430Usart0C.nc">
          <from><interface-ref name="HplMsp430UsartInterrupts" ref="0x2b61068e63b0" scoped=""/></from>
          <to><interface-ref name="Interrupts" ref="0x2b61068dddc0" scoped=""/></to>
        </wire>
        <wire loc="85:/opt/tinyos-release-tinyos-2_1_2//tos/chips/msp430/usart/HplMsp430Usart0C.nc">
          <from><interface-ref name="HplMsp430Usart" ref="0x2b61068ed870" scoped=""/></from>
          <to><interface-ref name="Usart" ref="0x2b61068e1060" scoped=""/></to>
        </wire>
        <wire loc="90:/opt/tinyos-release-tinyos-2_1_2//tos/chips/msp430/usart/HplMsp430Usart0C.nc">
          <from><interface-ref name="SIMO" ref="0x2b61068fc700" scoped=""/></from>
          <to><interface-ref name="SIMO0" ref="0x2b610603e580" scoped=""/></to>
        </wire>
        <wire loc="91:/opt/tinyos-release-tinyos-2_1_2//tos/chips/msp430/usart/HplMsp430Usart0C.nc">
          <from><interface-ref name="SOMI" ref="0x2b61068fa670" scoped=""/></from>
          <to><interface-ref name="SOMI0" ref="0x2b610603a580" scoped=""/></to>
        </wire>
        <wire loc="92:/opt/tinyos-release-tinyos-2_1_2//tos/chips/msp430/usart/HplMsp430Usart0C.nc">
          <from><interface-ref name="UCLK" ref="0x2b61068f8670" scoped=""/></from>
          <to><interface-ref name="UCLK0" ref="0x2b6106038580" scoped=""/></to>
        </wire>
        <wire loc="93:/opt/tinyos-release-tinyos-2_1_2//tos/chips/msp430/usart/HplMsp430Usart0C.nc">
          <from><interface-ref name="URXD" ref="0x2b6106944670" scoped=""/></from>
          <to><interface-ref name="URXD0" ref="0x2b6106032580" scoped=""/></to>
        </wire>
        <wire loc="94:/opt/tinyos-release-tinyos-2_1_2//tos/chips/msp430/usart/HplMsp430Usart0C.nc">
          <from><interface-ref name="UTXD" ref="0x2b6106942670" scoped=""/></from>
          <to><interface-ref name="UTXD0" ref="0x2b6106034580" scoped=""/></to>
        </wire>
      </wiring>
    </component></referenced></component>