<?xml version="1.0" ?><component loc="37:/opt/tinyos-release-tinyos-2_1_2//tos/chips/msp430/timer/Msp430ClockC.nc" nicename="Msp430ClockC" qname="Msp430ClockC">
      <documentation loc="33:/opt/tinyos-release-tinyos-2_1_2//tos/chips/msp430/timer/Msp430ClockC.nc">
        <short>
 </short>
        <long>
 @author Cory Sharp &lt;cssharp@eecs.berkeley.edu&gt;
</long>
      </documentation>
      <configuration/>
      <wiring>
        <wire loc="47:/opt/tinyos-release-tinyos-2_1_2//tos/chips/msp430/timer/Msp430ClockC.nc">
          <from><interface-ref name="Msp430ClockInit" ref="0x2b6105d99de0" scoped=""/></from>
          <to><interface-ref name="Msp430ClockInit" ref="0x2b6105da9a70" scoped=""/></to>
        </wire>
        <wire loc="46:/opt/tinyos-release-tinyos-2_1_2//tos/chips/msp430/timer/Msp430ClockC.nc">
          <from><interface-ref name="Init" ref="0x2b6105d81860" scoped=""/></from>
          <to><interface-ref name="Init" ref="0x2b6105da93c0" scoped=""/></to>
        </wire>
        <wire loc="48:/opt/tinyos-release-tinyos-2_1_2//tos/chips/msp430/timer/Msp430ClockC.nc">
          <from><interface-ref name="McuPowerOverride" ref="0x2b6105a10080" scoped=""/></from>
          <to><interface-ref name="McuPowerOverride" ref="0x2b6105da7cc0" scoped=""/></to>
        </wire>
      </wiring>
    <specification><interface loc="40:/opt/tinyos-release-tinyos-2_1_2//tos/chips/msp430/timer/Msp430ClockC.nc" name="Msp430ClockInit" provided="1" ref="0x2b6105d99de0">
      <component-ref nicename="Msp430ClockC" qname="Msp430ClockC"/>
      <type-interface alignment="I:2" size="I:2"><interface-ref name="Msp430ClockInit" ref="0x2b6105d99de0" scoped=""/></type-interface>
      <instance>
        <interfacedef-ref nicename="Msp430ClockInit" qname="Msp430ClockInit"/>
      </instance>
      <interface-functions>
        <function-ref name="defaultInitClocks" ref="0x2b6105d7dc70" scoped=""/>
        <function-ref name="initTimerB" ref="0x2b6105d7d310" scoped=""/>
        <function-ref name="defaultInitTimerA" ref="0x2b6105d7d4a0" scoped=""/>
        <function-ref name="initTimerA" ref="0x2b6105d7d630" scoped=""/>
        <function-ref name="defaultInitTimerB" ref="0x2b6105d7d180" scoped=""/>
        <function-ref name="defaultSetupDcoCalibrate" ref="0x2b6105d7d7c0" scoped=""/>
        <function-ref name="setupDcoCalibrate" ref="0x2b6105d7d950" scoped=""/>
        <function-ref name="initClocks" ref="0x2b6105d7dae0" scoped=""/>
      </interface-functions>
    </interface><interface loc="39:/opt/tinyos-release-tinyos-2_1_2//tos/chips/msp430/timer/Msp430ClockC.nc" name="Init" provided="1" ref="0x2b6105d81860">
      <component-ref nicename="Msp430ClockC" qname="Msp430ClockC"/>
      <type-interface alignment="I:2" size="I:2"><interface-ref name="Init" ref="0x2b6105d81860" scoped=""/></type-interface>
      <instance>
        <interfacedef-ref nicename="Init" qname="Init"/>
      </instance>
      <interface-functions>
        <function-ref name="init" ref="0x2b6105d81be0" scoped=""/>
      </interface-functions>
    </interface></specification><referenced><interface loc="55:/opt/tinyos-release-tinyos-2_1_2//tos/chips/msp430/McuSleepC.nc" name="McuPowerOverride" provided="0" ref="0x2b6105a10080">
      <component-ref nicename="McuSleepC" qname="McuSleepC"/>
      <type-interface alignment="I:2" size="I:2"><interface-ref name="McuPowerOverride" ref="0x2b6105a10080" scoped=""/></type-interface>
      <instance>
        <interfacedef-ref nicename="McuPowerOverride" qname="McuPowerOverride"/>
      </instance>
      <interface-functions>
        <function-ref name="lowestState" ref="0x2b6105a10400" scoped=""/>
      </interface-functions>
    </interface><interface loc="45:/opt/tinyos-release-tinyos-2_1_2//tos/chips/msp430/timer/Msp430ClockP.nc" name="Init" provided="1" ref="0x2b6105da93c0">
      <component-ref nicename="Msp430ClockP" qname="Msp430ClockP"/>
      <type-interface alignment="I:2" size="I:2"><interface-ref name="Init" ref="0x2b6105da93c0" scoped=""/></type-interface>
      <instance>
        <interfacedef-ref nicename="Init" qname="Init"/>
      </instance>
      <interface-functions>
        <function-ref name="init" ref="0x2b6105da9740" scoped=""/>
      </interface-functions>
    </interface><interface loc="47:/opt/tinyos-release-tinyos-2_1_2//tos/chips/msp430/timer/Msp430ClockP.nc" name="McuPowerOverride" provided="1" ref="0x2b6105da7cc0">
      <component-ref nicename="Msp430ClockP" qname="Msp430ClockP"/>
      <type-interface alignment="I:2" size="I:2"><interface-ref name="McuPowerOverride" ref="0x2b6105da7cc0" scoped=""/></type-interface>
      <instance>
        <interfacedef-ref nicename="McuPowerOverride" qname="McuPowerOverride"/>
      </instance>
      <interface-functions>
        <function-ref name="lowestState" ref="0x2b6105da60a0" scoped=""/>
      </interface-functions>
    </interface><interface loc="46:/opt/tinyos-release-tinyos-2_1_2//tos/chips/msp430/timer/Msp430ClockP.nc" name="Msp430ClockInit" provided="1" ref="0x2b6105da9a70">
      <component-ref nicename="Msp430ClockP" qname="Msp430ClockP"/>
      <type-interface alignment="I:2" size="I:2"><interface-ref name="Msp430ClockInit" ref="0x2b6105da9a70" scoped=""/></type-interface>
      <instance>
        <interfacedef-ref nicename="Msp430ClockInit" qname="Msp430ClockInit"/>
      </instance>
      <interface-functions>
        <function-ref name="defaultInitClocks" ref="0x2b6105da7980" scoped=""/>
        <function-ref name="initTimerB" ref="0x2b6105da7020" scoped=""/>
        <function-ref name="defaultInitTimerA" ref="0x2b6105da71b0" scoped=""/>
        <function-ref name="initTimerA" ref="0x2b6105da7340" scoped=""/>
        <function-ref name="defaultInitTimerB" ref="0x2b6105da9df0" scoped=""/>
        <function-ref name="defaultSetupDcoCalibrate" ref="0x2b6105da74d0" scoped=""/>
        <function-ref name="setupDcoCalibrate" ref="0x2b6105da7660" scoped=""/>
        <function-ref name="initClocks" ref="0x2b6105da77f0" scoped=""/>
      </interface-functions>
    </interface><component loc="43:/opt/tinyos-release-tinyos-2_1_2//tos/chips/msp430/timer/Msp430ClockP.nc" nicename="Msp430ClockP" qname="Msp430ClockP" safe="">
      <module/>
    </component><component loc="49:/opt/tinyos-release-tinyos-2_1_2//tos/chips/msp430/McuSleepC.nc" nicename="McuSleepC" qname="McuSleepC" safe="">
      <documentation loc="33:/opt/tinyos-release-tinyos-2_1_2//tos/chips/msp430/McuSleepC.nc">
        <short>
 Implementation of TEP 112 (Microcontroller Power Management) for
 the MSP430.</short>
        <long>
 Implementation of TEP 112 (Microcontroller Power Management) for
 the MSP430. Code for low power calculation copied from older
 msp430hardware.h by Vlado Handziski, Joe Polastre, and Cory Sharp.


 @author Philip Levis
 @author Vlado Handziski
 @author Joe Polastre
 @author Cory Sharp
 @date   October 26, 2005
 @see  Please refer to TEP 112 for more information about this component and its
          intended use.

</long>
      </documentation>
      <module/>
    </component></referenced></component>