<?xml version="1.0" ?><component abstract="" loc="42:/opt/tinyos-release-tinyos-2_1_2//tos/chips/msp430/pins/Msp430GpioC.nc" nicename="Msp430GpioC" qname="Msp430GpioC" safe="">
      <documentation loc="33:/opt/tinyos-release-tinyos-2_1_2//tos/chips/msp430/pins/Msp430GpioC.nc">
        <short>
 Implementation of the general-purpose I/O abstraction
 for the TI MSP430 microcontroller.</short>
        <long>
 Implementation of the general-purpose I/O abstraction
 for the TI MSP430 microcontroller.

 @author Joe Polastre
 @see  Please refer to TEP 117 for more information about this component and its
          intended use.
</long>
      </documentation>
      <parameters>
      </parameters>
      <module/>
    <specification><interface loc="44:/opt/tinyos-release-tinyos-2_1_2//tos/chips/msp430/pins/Msp430GpioC.nc" name="HplGeneralIO" provided="0" ref="0x2b61061c8140">
      <component-ref nicename="Msp430GpioC" qname="Msp430GpioC"/>
      <type-interface alignment="I:2" size="I:2"><interface-ref name="HplGeneralIO" ref="0x2b61061c8140" scoped=""/></type-interface>
      <instance>
        <interfacedef-ref nicename="HplMsp430GeneralIO" qname="HplMsp430GeneralIO"/>
      </instance>
      <interface-functions>
        <function-ref name="makeInput" ref="0x2b61061c84c0" scoped=""/>
        <function-ref name="isInput" ref="0x2b61061c8650" scoped=""/>
        <function-ref name="setResistor" ref="0x2b61061c87e0" scoped=""/>
        <function-ref name="toggle" ref="0x2b61061c8970" scoped=""/>
        <function-ref name="isOutput" ref="0x2b61061c8b00" scoped=""/>
        <function-ref name="getResistor" ref="0x2b61061c8c90" scoped=""/>
        <function-ref name="makeOutput" ref="0x2b61061c8e20" scoped=""/>
        <function-ref name="get" ref="0x2b61061c7020" scoped=""/>
        <function-ref name="selectIOFunc" ref="0x2b61061c71b0" scoped=""/>
        <function-ref name="getRaw" ref="0x2b61061c7340" scoped=""/>
        <function-ref name="set" ref="0x2b61061c74d0" scoped=""/>
        <function-ref name="selectModuleFunc" ref="0x2b61061c7660" scoped=""/>
        <function-ref name="isIOFunc" ref="0x2b61061c77f0" scoped=""/>
        <function-ref name="isModuleFunc" ref="0x2b61061c7a80" scoped=""/>
        <function-ref name="clr" ref="0x2b61061c7c10" scoped=""/>
      </interface-functions>
    </interface><interface loc="43:/opt/tinyos-release-tinyos-2_1_2//tos/chips/msp430/pins/Msp430GpioC.nc" name="GeneralIO" provided="1" ref="0x2b61061cce30">
      <component-ref nicename="Msp430GpioC" qname="Msp430GpioC"/>
      <type-interface alignment="I:2" size="I:2"><interface-ref name="GeneralIO" ref="0x2b61061cce30" scoped=""/></type-interface>
      <instance>
        <interfacedef-ref nicename="GeneralIO" qname="GeneralIO"/>
      </instance>
      <interface-functions>
        <function-ref name="makeInput" ref="0x2b61061c91e0" scoped=""/>
        <function-ref name="isInput" ref="0x2b61061c9370" scoped=""/>
        <function-ref name="toggle" ref="0x2b61061c9500" scoped=""/>
        <function-ref name="isOutput" ref="0x2b61061c9690" scoped=""/>
        <function-ref name="get" ref="0x2b61061c9820" scoped=""/>
        <function-ref name="makeOutput" ref="0x2b61061c99b0" scoped=""/>
        <function-ref name="set" ref="0x2b61061c9b40" scoped=""/>
        <function-ref name="clr" ref="0x2b61061c9cd0" scoped=""/>
      </interface-functions>
    </interface></specification><referenced/></component>