<?xml version="1.0" ?><component abstract="" loc="37:/opt/tinyos-release-tinyos-2_1_2//tos/chips/msp430/timer/Msp430Timer32khzC.nc" nicename="Msp430Timer32khzC" qname="Msp430Timer32khzC">
      <documentation loc="33:/opt/tinyos-release-tinyos-2_1_2//tos/chips/msp430/timer/Msp430Timer32khzC.nc">
        <short>
 </short>
        <long>
 @author Cory Sharp &lt;cssharp@eecs.berkeley.edu&gt;
</long>
      </documentation>
      <parameters>
      </parameters>
      <configuration/>
      <wiring>
        <wire loc="51:/opt/tinyos-release-tinyos-2_1_2//tos/chips/msp430/timer/Msp430Timer32khzC.nc">
          <from><interface-ref name="Msp430Compare" ref="0x2b6106233ca0" scoped=""/></from>
          <to><interface-ref name="Msp430Compare" ref="0x2b6106229210" scoped=""/>
          <arguments>
            <value cst="U:">
              <type-int alignment="I:2" cname="int" size="I:2"/>
            </value>
          </arguments>
          </to>
        </wire>
        <wire loc="49:/opt/tinyos-release-tinyos-2_1_2//tos/chips/msp430/timer/Msp430Timer32khzC.nc">
          <from><interface-ref name="Msp430Timer" ref="0x2b6106235080" scoped=""/></from>
          <to><interface-ref name="Msp430Timer" ref="0x2b6106230c00" scoped=""/>
          <arguments>
            <value cst="U:">
              <type-int alignment="I:2" cname="int" size="I:2"/>
            </value>
          </arguments>
          </to>
        </wire>
        <wire loc="50:/opt/tinyos-release-tinyos-2_1_2//tos/chips/msp430/timer/Msp430Timer32khzC.nc">
          <from><interface-ref name="Msp430TimerControl" ref="0x2b6106234820" scoped=""/></from>
          <to><interface-ref name="Msp430TimerControl" ref="0x2b610622c8b0" scoped=""/>
          <arguments>
            <value cst="U:">
              <type-int alignment="I:2" cname="int" size="I:2"/>
            </value>
          </arguments>
          </to>
        </wire>
      </wiring>
    <specification><interface loc="41:/opt/tinyos-release-tinyos-2_1_2//tos/chips/msp430/timer/Msp430Timer32khzC.nc" name="Msp430Compare" provided="1" ref="0x2b6106233ca0">
      <component-ref nicename="Msp430Timer32khzC" qname="Msp430Timer32khzC"/>
      <type-interface alignment="I:2" size="I:2"><interface-ref name="Msp430Compare" ref="0x2b6106233ca0" scoped=""/></type-interface>
      <instance>
        <interfacedef-ref nicename="Msp430Compare" qname="Msp430Compare"/>
      </instance>
      <interface-functions>
        <function-ref name="getEvent" ref="0x2b61062310a0" scoped=""/>
        <function-ref name="setEvent" ref="0x2b6106231230" scoped=""/>
        <function-ref name="setEventFromPrev" ref="0x2b61062313c0" scoped=""/>
        <function-ref name="setEventFromNow" ref="0x2b6106231550" scoped=""/>
        <function-ref name="fired" ref="0x2b61062316e0" scoped=""/>
      </interface-functions>
    </interface><interface loc="39:/opt/tinyos-release-tinyos-2_1_2//tos/chips/msp430/timer/Msp430Timer32khzC.nc" name="Msp430Timer" provided="1" ref="0x2b6106235080">
      <component-ref nicename="Msp430Timer32khzC" qname="Msp430Timer32khzC"/>
      <type-interface alignment="I:2" size="I:2"><interface-ref name="Msp430Timer" ref="0x2b6106235080" scoped=""/></type-interface>
      <instance>
        <interfacedef-ref nicename="Msp430Timer" qname="Msp430Timer"/>
      </instance>
      <interface-functions>
        <function-ref name="clear" ref="0x2b6106235400" scoped=""/>
        <function-ref name="setClockSource" ref="0x2b6106235590" scoped=""/>
        <function-ref name="enableEvents" ref="0x2b6106235720" scoped=""/>
        <function-ref name="get" ref="0x2b61062358b0" scoped=""/>
        <function-ref name="disableEvents" ref="0x2b6106235a40" scoped=""/>
        <function-ref name="clearOverflow" ref="0x2b6106235bd0" scoped=""/>
        <function-ref name="getMode" ref="0x2b6106235d60" scoped=""/>
        <function-ref name="isOverflowPending" ref="0x2b6106234020" scoped=""/>
        <function-ref name="overflow" ref="0x2b61062341b0" scoped=""/>
        <function-ref name="setMode" ref="0x2b6106234340" scoped=""/>
        <function-ref name="setInputDivider" ref="0x2b61062344d0" scoped=""/>
      </interface-functions>
    </interface><interface loc="40:/opt/tinyos-release-tinyos-2_1_2//tos/chips/msp430/timer/Msp430Timer32khzC.nc" name="Msp430TimerControl" provided="1" ref="0x2b6106234820">
      <component-ref nicename="Msp430Timer32khzC" qname="Msp430Timer32khzC"/>
      <type-interface alignment="I:2" size="I:2"><interface-ref name="Msp430TimerControl" ref="0x2b6106234820" scoped=""/></type-interface>
      <instance>
        <interfacedef-ref nicename="Msp430TimerControl" qname="Msp430TimerControl"/>
      </instance>
      <interface-functions>
        <function-ref name="setControlAsCapture" ref="0x2b6106234ba0" scoped=""/>
        <function-ref name="getControl" ref="0x2b6106234d30" scoped=""/>
        <function-ref name="enableEvents" ref="0x2b6106233020" scoped=""/>
        <function-ref name="areEventsEnabled" ref="0x2b61062331b0" scoped=""/>
        <function-ref name="setControlAsCompare" ref="0x2b6106233340" scoped=""/>
        <function-ref name="disableEvents" ref="0x2b61062334d0" scoped=""/>
        <function-ref name="isInterruptPending" ref="0x2b6106233660" scoped=""/>
        <function-ref name="clearPendingInterrupt" ref="0x2b61062337f0" scoped=""/>
        <function-ref name="setControl" ref="0x2b6106233980" scoped=""/>
      </interface-functions>
    </interface></specification><referenced><interface loc="51:/opt/tinyos-release-tinyos-2_1_2//tos/platforms/telosa/Msp430Timer32khzMapC.nc" name="Msp430TimerControl" provided="1" ref="0x2b610622c8b0">
      <component-ref nicename="Msp430Timer32khzMapC" qname="Msp430Timer32khzMapC"/>
      <type-interface alignment="I:2" size="I:2"><interface-ref name="Msp430TimerControl" ref="0x2b610622c8b0" scoped=""/></type-interface>
      <instance>
        <interfacedef-ref nicename="Msp430TimerControl" qname="Msp430TimerControl"/>
      </instance>
      <interface-parameters>
        <type-int alignment="I:1" cname="unsigned char" size="I:1" unsigned="">
          <typename><typedef-ref name="uint8_t" ref="0x2b6104f08160"/></typename>
        </type-int>
      </interface-parameters>
      <interface-functions>
        <function-ref name="setControlAsCapture" ref="0x2b610622cc30" scoped=""/>
        <function-ref name="getControl" ref="0x2b610622cdc0" scoped=""/>
        <function-ref name="enableEvents" ref="0x2b610622b020" scoped=""/>
        <function-ref name="areEventsEnabled" ref="0x2b610622b1b0" scoped=""/>
        <function-ref name="setControlAsCompare" ref="0x2b610622b340" scoped=""/>
        <function-ref name="disableEvents" ref="0x2b610622b4d0" scoped=""/>
        <function-ref name="isInterruptPending" ref="0x2b610622b660" scoped=""/>
        <function-ref name="clearPendingInterrupt" ref="0x2b610622b7f0" scoped=""/>
        <function-ref name="setControl" ref="0x2b610622b980" scoped=""/>
      </interface-functions>
    </interface><interface loc="52:/opt/tinyos-release-tinyos-2_1_2//tos/platforms/telosa/Msp430Timer32khzMapC.nc" name="Msp430Compare" provided="1" ref="0x2b6106229210">
      <component-ref nicename="Msp430Timer32khzMapC" qname="Msp430Timer32khzMapC"/>
      <type-interface alignment="I:2" size="I:2"><interface-ref name="Msp430Compare" ref="0x2b6106229210" scoped=""/></type-interface>
      <instance>
        <interfacedef-ref nicename="Msp430Compare" qname="Msp430Compare"/>
      </instance>
      <interface-parameters>
        <type-int alignment="I:1" cname="unsigned char" size="I:1" unsigned="">
          <typename><typedef-ref name="uint8_t" ref="0x2b6104f08160"/></typename>
        </type-int>
      </interface-parameters>
      <interface-functions>
        <function-ref name="getEvent" ref="0x2b6106229590" scoped=""/>
        <function-ref name="setEvent" ref="0x2b6106229720" scoped=""/>
        <function-ref name="setEventFromPrev" ref="0x2b61062298b0" scoped=""/>
        <function-ref name="setEventFromNow" ref="0x2b6106229a40" scoped=""/>
        <function-ref name="fired" ref="0x2b6106229bd0" scoped=""/>
      </interface-functions>
    </interface><interface loc="50:/opt/tinyos-release-tinyos-2_1_2//tos/platforms/telosa/Msp430Timer32khzMapC.nc" name="Msp430Timer" provided="1" ref="0x2b6106230c00">
      <component-ref nicename="Msp430Timer32khzMapC" qname="Msp430Timer32khzMapC"/>
      <type-interface alignment="I:2" size="I:2"><interface-ref name="Msp430Timer" ref="0x2b6106230c00" scoped=""/></type-interface>
      <instance>
        <interfacedef-ref nicename="Msp430Timer" qname="Msp430Timer"/>
      </instance>
      <interface-parameters>
        <type-int alignment="I:1" cname="unsigned char" size="I:1" unsigned="">
          <typename><typedef-ref name="uint8_t" ref="0x2b6104f08160"/></typename>
        </type-int>
      </interface-parameters>
      <interface-functions>
        <function-ref name="clear" ref="0x2b610622d020" scoped=""/>
        <function-ref name="setClockSource" ref="0x2b610622d1b0" scoped=""/>
        <function-ref name="enableEvents" ref="0x2b610622d340" scoped=""/>
        <function-ref name="get" ref="0x2b610622d4d0" scoped=""/>
        <function-ref name="disableEvents" ref="0x2b610622d660" scoped=""/>
        <function-ref name="clearOverflow" ref="0x2b610622d7f0" scoped=""/>
        <function-ref name="getMode" ref="0x2b610622d980" scoped=""/>
        <function-ref name="isOverflowPending" ref="0x2b610622db10" scoped=""/>
        <function-ref name="overflow" ref="0x2b610622dca0" scoped=""/>
        <function-ref name="setMode" ref="0x2b610622de30" scoped=""/>
        <function-ref name="setInputDivider" ref="0x2b610622c020" scoped=""/>
      </interface-functions>
    </interface><component loc="48:/opt/tinyos-release-tinyos-2_1_2//tos/platforms/telosa/Msp430Timer32khzMapC.nc" nicename="Msp430Timer32khzMapC" qname="Msp430Timer32khzMapC">
      <documentation loc="34:/opt/tinyos-release-tinyos-2_1_2//tos/platforms/telosa/Msp430Timer32khzMapC.nc">
        <short>
 MSP430Timer32khzMapC presents as paramaterized interfaces all of
 the 32khz hardware timers on the MSP430 that are available for
 compile time allocation by &quot;new Alarm32khz16C()&quot;, &quot;new
 AlarmMilli32C()&quot;, and so on.</short>
        <long>
 MSP430Timer32khzMapC presents as paramaterized interfaces all of
 the 32khz hardware timers on the MSP430 that are available for
 compile time allocation by &quot;new Alarm32khz16C()&quot;, &quot;new
 AlarmMilli32C()&quot;, and so on.  

 Platforms based on the MSP430 are * encouraged to copy in and
 override this file, presenting only the * hardware timers that are
 available for allocation on that platform.

 @author Cory Sharp &lt;cssharp@eecs.berkeley.edu&gt;
 @version $Revision: 1.5 $ $Date: 2010-06-29 22:07:55 $
</long>
      </documentation>
      <configuration/>
      <wiring>
        <wire loc="58:/opt/tinyos-release-tinyos-2_1_2//tos/platforms/telosa/Msp430Timer32khzMapC.nc">
          <from><interface-ref name="Msp430Timer" ref="0x2b6106230c00" scoped=""/>
          <arguments>
            <value cst="I:0">
              <type-int alignment="I:2" cname="int" size="I:2"/>
            </value>
          </arguments>
          </from>
          <to><interface-ref name="TimerB" ref="0x2b6105dfab70" scoped=""/></to>
        </wire>
        <wire loc="59:/opt/tinyos-release-tinyos-2_1_2//tos/platforms/telosa/Msp430Timer32khzMapC.nc">
          <from><interface-ref name="Msp430TimerControl" ref="0x2b610622c8b0" scoped=""/>
          <arguments>
            <value cst="I:0">
              <type-int alignment="I:2" cname="int" size="I:2"/>
            </value>
          </arguments>
          </from>
          <to><interface-ref name="ControlB0" ref="0x2b6105df8410" scoped=""/></to>
        </wire>
        <wire loc="60:/opt/tinyos-release-tinyos-2_1_2//tos/platforms/telosa/Msp430Timer32khzMapC.nc">
          <from><interface-ref name="Msp430Compare" ref="0x2b6106229210" scoped=""/>
          <arguments>
            <value cst="I:0">
              <type-int alignment="I:2" cname="int" size="I:2"/>
            </value>
          </arguments>
          </from>
          <to><interface-ref name="CompareB0" ref="0x2b6105defa20" scoped=""/></to>
        </wire>
        <wire loc="66:/opt/tinyos-release-tinyos-2_1_2//tos/platforms/telosa/Msp430Timer32khzMapC.nc">
          <from><interface-ref name="Msp430Timer" ref="0x2b6106230c00" scoped=""/>
          <arguments>
            <value cst="I:1">
              <type-int alignment="I:2" cname="int" size="I:2"/>
            </value>
          </arguments>
          </from>
          <to><interface-ref name="TimerB" ref="0x2b6105dfab70" scoped=""/></to>
        </wire>
        <wire loc="67:/opt/tinyos-release-tinyos-2_1_2//tos/platforms/telosa/Msp430Timer32khzMapC.nc">
          <from><interface-ref name="Msp430TimerControl" ref="0x2b610622c8b0" scoped=""/>
          <arguments>
            <value cst="I:1">
              <type-int alignment="I:2" cname="int" size="I:2"/>
            </value>
          </arguments>
          </from>
          <to><interface-ref name="ControlB2" ref="0x2b6105df5020" scoped=""/></to>
        </wire>
        <wire loc="68:/opt/tinyos-release-tinyos-2_1_2//tos/platforms/telosa/Msp430Timer32khzMapC.nc">
          <from><interface-ref name="Msp430Compare" ref="0x2b6106229210" scoped=""/>
          <arguments>
            <value cst="I:1">
              <type-int alignment="I:2" cname="int" size="I:2"/>
            </value>
          </arguments>
          </from>
          <to><interface-ref name="CompareB2" ref="0x2b6105e0f700" scoped=""/></to>
        </wire>
        <wire loc="70:/opt/tinyos-release-tinyos-2_1_2//tos/platforms/telosa/Msp430Timer32khzMapC.nc">
          <from><interface-ref name="Msp430Timer" ref="0x2b6106230c00" scoped=""/>
          <arguments>
            <value cst="I:2">
              <type-int alignment="I:2" cname="int" size="I:2"/>
            </value>
          </arguments>
          </from>
          <to><interface-ref name="TimerB" ref="0x2b6105dfab70" scoped=""/></to>
        </wire>
        <wire loc="71:/opt/tinyos-release-tinyos-2_1_2//tos/platforms/telosa/Msp430Timer32khzMapC.nc">
          <from><interface-ref name="Msp430TimerControl" ref="0x2b610622c8b0" scoped=""/>
          <arguments>
            <value cst="I:2">
              <type-int alignment="I:2" cname="int" size="I:2"/>
            </value>
          </arguments>
          </from>
          <to><interface-ref name="ControlB3" ref="0x2b6105df45a0" scoped=""/></to>
        </wire>
        <wire loc="72:/opt/tinyos-release-tinyos-2_1_2//tos/platforms/telosa/Msp430Timer32khzMapC.nc">
          <from><interface-ref name="Msp430Compare" ref="0x2b6106229210" scoped=""/>
          <arguments>
            <value cst="I:2">
              <type-int alignment="I:2" cname="int" size="I:2"/>
            </value>
          </arguments>
          </from>
          <to><interface-ref name="CompareB3" ref="0x2b6105e0e570" scoped=""/></to>
        </wire>
        <wire loc="74:/opt/tinyos-release-tinyos-2_1_2//tos/platforms/telosa/Msp430Timer32khzMapC.nc">
          <from><interface-ref name="Msp430Timer" ref="0x2b6106230c00" scoped=""/>
          <arguments>
            <value cst="I:3">
              <type-int alignment="I:2" cname="int" size="I:2"/>
            </value>
          </arguments>
          </from>
          <to><interface-ref name="TimerB" ref="0x2b6105dfab70" scoped=""/></to>
        </wire>
        <wire loc="75:/opt/tinyos-release-tinyos-2_1_2//tos/platforms/telosa/Msp430Timer32khzMapC.nc">
          <from><interface-ref name="Msp430TimerControl" ref="0x2b610622c8b0" scoped=""/>
          <arguments>
            <value cst="I:3">
              <type-int alignment="I:2" cname="int" size="I:2"/>
            </value>
          </arguments>
          </from>
          <to><interface-ref name="ControlB4" ref="0x2b6105df3a50" scoped=""/></to>
        </wire>
        <wire loc="76:/opt/tinyos-release-tinyos-2_1_2//tos/platforms/telosa/Msp430Timer32khzMapC.nc">
          <from><interface-ref name="Msp430Compare" ref="0x2b6106229210" scoped=""/>
          <arguments>
            <value cst="I:3">
              <type-int alignment="I:2" cname="int" size="I:2"/>
            </value>
          </arguments>
          </from>
          <to><interface-ref name="CompareB4" ref="0x2b6105e0d3e0" scoped=""/></to>
        </wire>
        <wire loc="78:/opt/tinyos-release-tinyos-2_1_2//tos/platforms/telosa/Msp430Timer32khzMapC.nc">
          <from><interface-ref name="Msp430Timer" ref="0x2b6106230c00" scoped=""/>
          <arguments>
            <value cst="I:4">
              <type-int alignment="I:2" cname="int" size="I:2"/>
            </value>
          </arguments>
          </from>
          <to><interface-ref name="TimerB" ref="0x2b6105dfab70" scoped=""/></to>
        </wire>
        <wire loc="79:/opt/tinyos-release-tinyos-2_1_2//tos/platforms/telosa/Msp430Timer32khzMapC.nc">
          <from><interface-ref name="Msp430TimerControl" ref="0x2b610622c8b0" scoped=""/>
          <arguments>
            <value cst="I:4">
              <type-int alignment="I:2" cname="int" size="I:2"/>
            </value>
          </arguments>
          </from>
          <to><interface-ref name="ControlB5" ref="0x2b6105df1020" scoped=""/></to>
        </wire>
        <wire loc="80:/opt/tinyos-release-tinyos-2_1_2//tos/platforms/telosa/Msp430Timer32khzMapC.nc">
          <from><interface-ref name="Msp430Compare" ref="0x2b6106229210" scoped=""/>
          <arguments>
            <value cst="I:4">
              <type-int alignment="I:2" cname="int" size="I:2"/>
            </value>
          </arguments>
          </from>
          <to><interface-ref name="CompareB5" ref="0x2b6105e0c1f0" scoped=""/></to>
        </wire>
        <wire loc="82:/opt/tinyos-release-tinyos-2_1_2//tos/platforms/telosa/Msp430Timer32khzMapC.nc">
          <from><interface-ref name="Msp430Timer" ref="0x2b6106230c00" scoped=""/>
          <arguments>
            <value cst="I:5">
              <type-int alignment="I:2" cname="int" size="I:2"/>
            </value>
          </arguments>
          </from>
          <to><interface-ref name="TimerB" ref="0x2b6105dfab70" scoped=""/></to>
        </wire>
        <wire loc="83:/opt/tinyos-release-tinyos-2_1_2//tos/platforms/telosa/Msp430Timer32khzMapC.nc">
          <from><interface-ref name="Msp430TimerControl" ref="0x2b610622c8b0" scoped=""/>
          <arguments>
            <value cst="I:5">
              <type-int alignment="I:2" cname="int" size="I:2"/>
            </value>
          </arguments>
          </from>
          <to><interface-ref name="ControlB6" ref="0x2b6105df05a0" scoped=""/></to>
        </wire>
        <wire loc="84:/opt/tinyos-release-tinyos-2_1_2//tos/platforms/telosa/Msp430Timer32khzMapC.nc">
          <from><interface-ref name="Msp430Compare" ref="0x2b6106229210" scoped=""/>
          <arguments>
            <value cst="I:5">
              <type-int alignment="I:2" cname="int" size="I:2"/>
            </value>
          </arguments>
          </from>
          <to><interface-ref name="CompareB6" ref="0x2b6105e0b020" scoped=""/></to>
        </wire>
      </wiring>
    </component></referenced></component>