<?xml version="1.0" ?><component loc="2:/opt/tinyos-release-tinyos-2_1_2//tos/chips/msp430/timer/Msp430TimerCommonP.nc" nicename="Msp430TimerCommonP" qname="Msp430TimerCommonP" safe="">
      <module/>
    <specification><interface loc="7:/opt/tinyos-release-tinyos-2_1_2//tos/chips/msp430/timer/Msp430TimerCommonP.nc" name="VectorTimerB1" provided="1" ref="0x2b6105efa240">
      <component-ref nicename="Msp430TimerCommonP" qname="Msp430TimerCommonP"/>
      <type-interface alignment="I:2" size="I:2"><interface-ref name="VectorTimerB1" ref="0x2b6105efa240" scoped=""/></type-interface>
      <instance>
        <interfacedef-ref nicename="Msp430TimerEvent" qname="Msp430TimerEvent"/>
      </instance>
      <interface-functions>
        <function-ref name="fired" ref="0x2b6105efa5c0" scoped=""/>
      </interface-functions>
    </interface><interface loc="4:/opt/tinyos-release-tinyos-2_1_2//tos/chips/msp430/timer/Msp430TimerCommonP.nc" name="VectorTimerA0" provided="1" ref="0x2b6105ed8aa0">
      <component-ref nicename="Msp430TimerCommonP" qname="Msp430TimerCommonP"/>
      <type-interface alignment="I:2" size="I:2"><interface-ref name="VectorTimerA0" ref="0x2b6105ed8aa0" scoped=""/></type-interface>
      <instance>
        <interfacedef-ref nicename="Msp430TimerEvent" qname="Msp430TimerEvent"/>
      </instance>
      <interface-functions>
        <function-ref name="fired" ref="0x2b6105ed8e20" scoped=""/>
      </interface-functions>
    </interface><interface loc="5:/opt/tinyos-release-tinyos-2_1_2//tos/chips/msp430/timer/Msp430TimerCommonP.nc" name="VectorTimerA1" provided="1" ref="0x2b6105ed5260">
      <component-ref nicename="Msp430TimerCommonP" qname="Msp430TimerCommonP"/>
      <type-interface alignment="I:2" size="I:2"><interface-ref name="VectorTimerA1" ref="0x2b6105ed5260" scoped=""/></type-interface>
      <instance>
        <interfacedef-ref nicename="Msp430TimerEvent" qname="Msp430TimerEvent"/>
      </instance>
      <interface-functions>
        <function-ref name="fired" ref="0x2b6105ed55e0" scoped=""/>
      </interface-functions>
    </interface><interface loc="6:/opt/tinyos-release-tinyos-2_1_2//tos/chips/msp430/timer/Msp430TimerCommonP.nc" name="VectorTimerB0" provided="1" ref="0x2b6105ed59f0">
      <component-ref nicename="Msp430TimerCommonP" qname="Msp430TimerCommonP"/>
      <type-interface alignment="I:2" size="I:2"><interface-ref name="VectorTimerB0" ref="0x2b6105ed59f0" scoped=""/></type-interface>
      <instance>
        <interfacedef-ref nicename="Msp430TimerEvent" qname="Msp430TimerEvent"/>
      </instance>
      <interface-functions>
        <function-ref name="fired" ref="0x2b6105ed5d70" scoped=""/>
      </interface-functions>
    </interface></specification><referenced/></component>