<?xml version="1.0" ?><component loc="43:/opt/tinyos-release-tinyos-2_1_2//tos/chips/msp430/timer/Msp430ClockP.nc" nicename="Msp430ClockP" qname="Msp430ClockP" safe="">
      <module/>
    <specification><interface loc="46:/opt/tinyos-release-tinyos-2_1_2//tos/chips/msp430/timer/Msp430ClockP.nc" name="Msp430ClockInit" provided="1" ref="0x2b6105da9a70">
      <component-ref nicename="Msp430ClockP" qname="Msp430ClockP"/>
      <type-interface alignment="I:2" size="I:2"><interface-ref name="Msp430ClockInit" ref="0x2b6105da9a70" scoped=""/></type-interface>
      <instance>
        <interfacedef-ref nicename="Msp430ClockInit" qname="Msp430ClockInit"/>
      </instance>
      <interface-functions>
        <function-ref name="defaultInitClocks" ref="0x2b6105da7980" scoped=""/>
        <function-ref name="initTimerB" ref="0x2b6105da7020" scoped=""/>
        <function-ref name="defaultInitTimerA" ref="0x2b6105da71b0" scoped=""/>
        <function-ref name="initTimerA" ref="0x2b6105da7340" scoped=""/>
        <function-ref name="defaultInitTimerB" ref="0x2b6105da9df0" scoped=""/>
        <function-ref name="defaultSetupDcoCalibrate" ref="0x2b6105da74d0" scoped=""/>
        <function-ref name="setupDcoCalibrate" ref="0x2b6105da7660" scoped=""/>
        <function-ref name="initClocks" ref="0x2b6105da77f0" scoped=""/>
      </interface-functions>
    </interface><interface loc="47:/opt/tinyos-release-tinyos-2_1_2//tos/chips/msp430/timer/Msp430ClockP.nc" name="McuPowerOverride" provided="1" ref="0x2b6105da7cc0">
      <component-ref nicename="Msp430ClockP" qname="Msp430ClockP"/>
      <type-interface alignment="I:2" size="I:2"><interface-ref name="McuPowerOverride" ref="0x2b6105da7cc0" scoped=""/></type-interface>
      <instance>
        <interfacedef-ref nicename="McuPowerOverride" qname="McuPowerOverride"/>
      </instance>
      <interface-functions>
        <function-ref name="lowestState" ref="0x2b6105da60a0" scoped=""/>
      </interface-functions>
    </interface><interface loc="45:/opt/tinyos-release-tinyos-2_1_2//tos/chips/msp430/timer/Msp430ClockP.nc" name="Init" provided="1" ref="0x2b6105da93c0">
      <component-ref nicename="Msp430ClockP" qname="Msp430ClockP"/>
      <type-interface alignment="I:2" size="I:2"><interface-ref name="Init" ref="0x2b6105da93c0" scoped=""/></type-interface>
      <instance>
        <interfacedef-ref nicename="Init" qname="Init"/>
      </instance>
      <interface-functions>
        <function-ref name="init" ref="0x2b6105da9740" scoped=""/>
      </interface-functions>
    </interface></specification><referenced/></component>