<?xml version="1.0" ?><component loc="7:/opt/tinyos-release-tinyos-2_1_2//tos/platforms/epic/chips/ds2411/OneWireMasterC.nc" nicename="OneWireMasterC" qname="OneWireMasterC">
      <documentation loc="2:/opt/tinyos-release-tinyos-2_1_2//tos/platforms/epic/chips/ds2411/OneWireMasterC.nc">
        <short>
 Dallas/Maxim 1wire bus master

</short>
      </documentation>
      <module/>
    <specification><interface loc="13:/opt/tinyos-release-tinyos-2_1_2//tos/platforms/epic/chips/ds2411/OneWireMasterC.nc" name="BusyWait" provided="0" ref="0x2b6106c20200">
      <component-ref nicename="OneWireMasterC" qname="OneWireMasterC"/>
      <type-interface alignment="I:2" size="I:2"><interface-ref name="BusyWait" ref="0x2b6106c20200" scoped=""/></type-interface>
      <instance>
        <interfacedef-ref nicename="BusyWait" qname="BusyWait"/>
        <arguments>
          <type-tag alignment="I:2" size="I:2"><struct-ref ref="0x2b6105f4f5c0"/>
            <typename><typedef-ref name="TMicro" ref="0x2b6105f4f930"/></typename>
          </type-tag>
          <type-int alignment="I:2" cname="unsigned int" size="I:2" unsigned="">
            <typename><typedef-ref name="uint16_t" ref="0x2b6104f08520"/></typename>
          </type-int>
        </arguments>
      </instance>
      <interface-functions>
        <function-ref name="wait" ref="0x2b6106c1f090" scoped=""/>
      </interface-functions>
    </interface><interface loc="9:/opt/tinyos-release-tinyos-2_1_2//tos/platforms/epic/chips/ds2411/OneWireMasterC.nc" name="OneWire" provided="1" ref="0x2b6106c25970">
      <component-ref nicename="OneWireMasterC" qname="OneWireMasterC"/>
      <type-interface alignment="I:2" size="I:2"><interface-ref name="OneWire" ref="0x2b6106c25970" scoped=""/></type-interface>
      <instance>
        <interfacedef-ref nicename="OneWireStream" qname="OneWireStream"/>
      </instance>
      <interface-functions>
        <function-ref name="read" ref="0x2b6106c25cf0" scoped=""/>
        <function-ref name="write" ref="0x2b6106c25e80" scoped=""/>
      </interface-functions>
    </interface><interface loc="12:/opt/tinyos-release-tinyos-2_1_2//tos/platforms/epic/chips/ds2411/OneWireMasterC.nc" name="Pin" provided="0" ref="0x2b6106c22230">
      <component-ref nicename="OneWireMasterC" qname="OneWireMasterC"/>
      <type-interface alignment="I:2" size="I:2"><interface-ref name="Pin" ref="0x2b6106c22230" scoped=""/></type-interface>
      <instance>
        <interfacedef-ref nicename="GeneralIO" qname="GeneralIO"/>
      </instance>
      <interface-functions>
        <function-ref name="makeInput" ref="0x2b6106c225b0" scoped=""/>
        <function-ref name="isInput" ref="0x2b6106c22740" scoped=""/>
        <function-ref name="toggle" ref="0x2b6106c228d0" scoped=""/>
        <function-ref name="isOutput" ref="0x2b6106c22a60" scoped=""/>
        <function-ref name="get" ref="0x2b6106c22bf0" scoped=""/>
        <function-ref name="makeOutput" ref="0x2b6106c22d80" scoped=""/>
        <function-ref name="set" ref="0x2b6106c21020" scoped=""/>
        <function-ref name="clr" ref="0x2b6106c211b0" scoped=""/>
      </interface-functions>
    </interface></specification><referenced/></component>