<?xml version="1.0" ?><component loc="38:/opt/tinyos-release-tinyos-2_1_2//tos/chips/cc2420/link/PacketLinkDummyP.nc" nicename="PacketLinkDummyP" qname="PacketLinkDummyP">
      <documentation loc="32:/opt/tinyos-release-tinyos-2_1_2//tos/chips/cc2420/link/PacketLinkDummyP.nc">
        <short>
 Dummy module for Packet Link layer
 </short>
        <long>
 Dummy module for Packet Link layer
 @author David Moss
 @author Jon Wyant
</long>
      </documentation>
      <module/>
    <specification><interface loc="44:/opt/tinyos-release-tinyos-2_1_2//tos/chips/cc2420/link/PacketLinkDummyP.nc" name="PacketAcknowledgements" provided="0" ref="0x2b6106f651c0">
      <component-ref nicename="PacketLinkDummyP" qname="PacketLinkDummyP"/>
      <type-interface alignment="I:2" size="I:2"><interface-ref name="PacketAcknowledgements" ref="0x2b6106f651c0" scoped=""/></type-interface>
      <instance>
        <interfacedef-ref nicename="PacketAcknowledgements" qname="PacketAcknowledgements"/>
      </instance>
      <interface-functions>
        <function-ref name="requestAck" ref="0x2b6106f65540" scoped=""/>
        <function-ref name="noAck" ref="0x2b6106f656d0" scoped=""/>
        <function-ref name="wasAcked" ref="0x2b6106f65860" scoped=""/>
      </interface-functions>
    </interface><interface loc="40:/opt/tinyos-release-tinyos-2_1_2//tos/chips/cc2420/link/PacketLinkDummyP.nc" name="PacketLink" provided="1" ref="0x2b6106f68420">
      <component-ref nicename="PacketLinkDummyP" qname="PacketLinkDummyP"/>
      <type-interface alignment="I:2" size="I:2"><interface-ref name="PacketLink" ref="0x2b6106f68420" scoped=""/></type-interface>
      <instance>
        <interfacedef-ref nicename="PacketLink" qname="PacketLink"/>
      </instance>
      <interface-functions>
        <function-ref name="getRetryDelay" ref="0x2b6106f687a0" scoped=""/>
        <function-ref name="setRetries" ref="0x2b6106f68930" scoped=""/>
        <function-ref name="getRetries" ref="0x2b6106f68ac0" scoped=""/>
        <function-ref name="setRetryDelay" ref="0x2b6106f68c50" scoped=""/>
        <function-ref name="wasDelivered" ref="0x2b6106f68de0" scoped=""/>
      </interface-functions>
    </interface></specification><referenced/></component>