<?xml version="1.0" ?><component loc="9:/opt/tinyos-release-tinyos-2_1_2//tos/platforms/epic/chips/ds2411/PlatformOneWireLowLevelC.nc" nicename="PlatformOneWireLowLevelC" qname="PlatformOneWireLowLevelC">
      <documentation loc="5:/opt/tinyos-release-tinyos-2_1_2//tos/platforms/epic/chips/ds2411/PlatformOneWireLowLevelC.nc">
        <short>
 </short>
        <long>
 @author: Andreas Koepke (koepke@tkn.tu-berlin.de)
</long>
      </documentation>
      <configuration/>
      <wiring>
        <wire loc="17:/opt/tinyos-release-tinyos-2_1_2//tos/platforms/epic/chips/ds2411/PlatformOneWireLowLevelC.nc">
          <from><interface-ref name="OneWirePin" ref="0x2b6106be25d0" scoped=""/></from>
          <to><interface-ref name="GeneralIO" ref="0x2b6106bc8770" scoped=""/></to>
        </wire>
        <wire loc="15:/opt/tinyos-release-tinyos-2_1_2//tos/platforms/epic/chips/ds2411/PlatformOneWireLowLevelC.nc">
          <from><interface-ref name="HplGeneralIO" ref="0x2b6106bc6930" scoped=""/></from>
          <to><interface-ref name="Port24" ref="0x2b6105fe1020" scoped=""/></to>
        </wire>
      </wiring>
    <specification><interface loc="10:/opt/tinyos-release-tinyos-2_1_2//tos/platforms/epic/chips/ds2411/PlatformOneWireLowLevelC.nc" name="OneWirePin" provided="1" ref="0x2b6106be25d0">
      <component-ref nicename="PlatformOneWireLowLevelC" qname="PlatformOneWireLowLevelC"/>
      <type-interface alignment="I:2" size="I:2"><interface-ref name="OneWirePin" ref="0x2b6106be25d0" scoped=""/></type-interface>
      <instance>
        <interfacedef-ref nicename="GeneralIO" qname="GeneralIO"/>
      </instance>
      <interface-functions>
        <function-ref name="makeInput" ref="0x2b6106be2950" scoped=""/>
        <function-ref name="isInput" ref="0x2b6106be2ae0" scoped=""/>
        <function-ref name="toggle" ref="0x2b6106be2c70" scoped=""/>
        <function-ref name="isOutput" ref="0x2b6106be2e00" scoped=""/>
        <function-ref name="get" ref="0x2b6106bc9020" scoped=""/>
        <function-ref name="makeOutput" ref="0x2b6106bc91b0" scoped=""/>
        <function-ref name="set" ref="0x2b6106bc9340" scoped=""/>
        <function-ref name="clr" ref="0x2b6106bc94d0" scoped=""/>
      </interface-functions>
    </interface></specification><referenced><interface loc="44:/opt/tinyos-release-tinyos-2_1_2//tos/chips/msp430/pins/Msp430GpioC.nc" name="HplGeneralIO" provided="0" ref="0x2b6106bc6930">
      <component-ref nicename="PlatformOneWireLowLevelC.Msp430GpioC" qname="PlatformOneWireLowLevelC.Msp430GpioC"/>
      <type-interface alignment="I:2" size="I:2"><interface-ref name="HplGeneralIO" ref="0x2b6106bc6930" scoped=""/></type-interface>
      <instance>
        <interfacedef-ref nicename="HplMsp430GeneralIO" qname="HplMsp430GeneralIO"/>
      </instance>
      <interface-functions>
        <function-ref name="makeInput" ref="0x2b6106bc6cb0" scoped=""/>
        <function-ref name="isInput" ref="0x2b6106bc6e40" scoped=""/>
        <function-ref name="setResistor" ref="0x2b6106bc5020" scoped=""/>
        <function-ref name="toggle" ref="0x2b6106bc51b0" scoped=""/>
        <function-ref name="isOutput" ref="0x2b6106bc5340" scoped=""/>
        <function-ref name="getResistor" ref="0x2b6106bc54d0" scoped=""/>
        <function-ref name="makeOutput" ref="0x2b6106bc5660" scoped=""/>
        <function-ref name="get" ref="0x2b6106bc57f0" scoped=""/>
        <function-ref name="selectIOFunc" ref="0x2b6106bc5980" scoped=""/>
        <function-ref name="getRaw" ref="0x2b6106bc5b10" scoped=""/>
        <function-ref name="set" ref="0x2b6106bc5ca0" scoped=""/>
        <function-ref name="selectModuleFunc" ref="0x2b6106bc5e30" scoped=""/>
        <function-ref name="isIOFunc" ref="0x2b6106bc4020" scoped=""/>
        <function-ref name="isModuleFunc" ref="0x2b6106bc42b0" scoped=""/>
        <function-ref name="clr" ref="0x2b6106bc4440" scoped=""/>
      </interface-functions>
    </interface><interface loc="43:/opt/tinyos-release-tinyos-2_1_2//tos/chips/msp430/pins/Msp430GpioC.nc" name="GeneralIO" provided="1" ref="0x2b6106bc8770">
      <component-ref nicename="PlatformOneWireLowLevelC.Msp430GpioC" qname="PlatformOneWireLowLevelC.Msp430GpioC"/>
      <type-interface alignment="I:2" size="I:2"><interface-ref name="GeneralIO" ref="0x2b6106bc8770" scoped=""/></type-interface>
      <instance>
        <interfacedef-ref nicename="GeneralIO" qname="GeneralIO"/>
      </instance>
      <interface-functions>
        <function-ref name="makeInput" ref="0x2b6106bc8af0" scoped=""/>
        <function-ref name="isInput" ref="0x2b6106bc8c80" scoped=""/>
        <function-ref name="toggle" ref="0x2b6106bc8e10" scoped=""/>
        <function-ref name="isOutput" ref="0x2b6106bc6020" scoped=""/>
        <function-ref name="get" ref="0x2b6106bc61b0" scoped=""/>
        <function-ref name="makeOutput" ref="0x2b6106bc6340" scoped=""/>
        <function-ref name="set" ref="0x2b6106bc64d0" scoped=""/>
        <function-ref name="clr" ref="0x2b6106bc6660" scoped=""/>
      </interface-functions>
    </interface><interface loc="64:/opt/tinyos-release-tinyos-2_1_2//tos/chips/msp430/pins/HplMsp430GeneralIOC.nc" name="Port24" provided="1" ref="0x2b6105fe1020">
      <component-ref nicename="HplMsp430GeneralIOC" qname="HplMsp430GeneralIOC"/>
      <type-interface alignment="I:2" size="I:2"><interface-ref name="Port24" ref="0x2b6105fe1020" scoped=""/></type-interface>
      <instance>
        <interfacedef-ref nicename="HplMsp430GeneralIO" qname="HplMsp430GeneralIO"/>
      </instance>
      <interface-functions>
        <function-ref name="makeInput" ref="0x2b6105fe14a0" scoped=""/>
        <function-ref name="isInput" ref="0x2b6105fe1630" scoped=""/>
        <function-ref name="setResistor" ref="0x2b6105fe17c0" scoped=""/>
        <function-ref name="toggle" ref="0x2b6105fe1950" scoped=""/>
        <function-ref name="isOutput" ref="0x2b6105fe1ae0" scoped=""/>
        <function-ref name="getResistor" ref="0x2b6105fe1c70" scoped=""/>
        <function-ref name="makeOutput" ref="0x2b6105fe1e00" scoped=""/>
        <function-ref name="get" ref="0x2b6105fe0020" scoped=""/>
        <function-ref name="selectIOFunc" ref="0x2b6105fe01b0" scoped=""/>
        <function-ref name="getRaw" ref="0x2b6105fe0340" scoped=""/>
        <function-ref name="set" ref="0x2b6105fe04d0" scoped=""/>
        <function-ref name="selectModuleFunc" ref="0x2b6105fe0660" scoped=""/>
        <function-ref name="isIOFunc" ref="0x2b6105fe07f0" scoped=""/>
        <function-ref name="isModuleFunc" ref="0x2b6105fe0a80" scoped=""/>
        <function-ref name="clr" ref="0x2b6105fe0c10" scoped=""/>
      </interface-functions>
    </interface><component loc="45:/opt/tinyos-release-tinyos-2_1_2//tos/chips/msp430/pins/HplMsp430GeneralIOC.nc" nicename="HplMsp430GeneralIOC" qname="HplMsp430GeneralIOC">
      <documentation loc="35:/opt/tinyos-release-tinyos-2_1_2//tos/chips/msp430/pins/HplMsp430GeneralIOC.nc">
        <short>
 HPL for the TI MSP430 family of microprocessors.</short>
        <long>
 HPL for the TI MSP430 family of microprocessors. This provides an
 abstraction for general-purpose I/O.

 @author Joe Polastre
 @author Xavier Orduna &lt;xorduna@dexmatech.com&gt;
 @author Peter A. Bigot &lt;pab@peoplepowerco.com&gt;
 @author Eric B. Decker &lt;cire831@gmail.com&gt;
</long>
      </documentation>
      <configuration/>
      <wiring>
        <wire loc="442:/opt/tinyos-release-tinyos-2_1_2//tos/chips/msp430/pins/HplMsp430GeneralIOC.nc">
          <from><interface-ref name="Port14" ref="0x2b6105fc8020" scoped=""/></from>
          <to><interface-ref name="IO" ref="0x2b61060a9100" scoped=""/></to>
        </wire>
        <wire loc="455:/opt/tinyos-release-tinyos-2_1_2//tos/chips/msp430/pins/HplMsp430GeneralIOC.nc">
          <from><interface-ref name="Port26" ref="0x2b6105fdd020" scoped=""/></from>
          <to><interface-ref name="IO" ref="0x2b61060d3d10" scoped=""/></to>
        </wire>
        <wire loc="531:/opt/tinyos-release-tinyos-2_1_2//tos/chips/msp430/pins/HplMsp430GeneralIOC.nc">
          <from><interface-ref name="SDA" ref="0x2b610603c560" scoped=""/></from>
          <to><interface-ref name="IO" ref="0x2b61060f2d10" scoped=""/></to>
        </wire>
        <wire loc="551:/opt/tinyos-release-tinyos-2_1_2//tos/chips/msp430/pins/HplMsp430GeneralIOC.nc">
          <from><interface-ref name="ADC6" ref="0x2b610606e570" scoped=""/></from>
          <to><interface-ref name="IO" ref="0x2b6106180100" scoped=""/></to>
        </wire>
        <wire loc="532:/opt/tinyos-release-tinyos-2_1_2//tos/chips/msp430/pins/HplMsp430GeneralIOC.nc">
          <from><interface-ref name="SOMI0" ref="0x2b610603a580" scoped=""/></from>
          <to><interface-ref name="IO" ref="0x2b61060ed740" scoped=""/></to>
        </wire>
        <wire loc="460:/opt/tinyos-release-tinyos-2_1_2//tos/chips/msp430/pins/HplMsp430GeneralIOC.nc">
          <from><interface-ref name="Port30" ref="0x2b6106003020" scoped=""/></from>
          <to><interface-ref name="IO" ref="0x2b61060c9100" scoped=""/></to>
        </wire>
        <wire loc="473:/opt/tinyos-release-tinyos-2_1_2//tos/chips/msp430/pins/HplMsp430GeneralIOC.nc">
          <from><interface-ref name="Port42" ref="0x2b6105fef200" scoped=""/></from>
          <to><interface-ref name="IO" ref="0x2b61060f5e00" scoped=""/></to>
        </wire>
        <wire loc="486:/opt/tinyos-release-tinyos-2_1_2//tos/chips/msp430/pins/HplMsp430GeneralIOC.nc">
          <from><interface-ref name="Port54" ref="0x2b6106004200" scoped=""/></from>
          <to><interface-ref name="IO" ref="0x2b6106150740" scoped=""/></to>
        </wire>
        <wire loc="497:/opt/tinyos-release-tinyos-2_1_2//tos/chips/msp430/pins/HplMsp430GeneralIOC.nc">
          <from><interface-ref name="Port64" ref="0x2b610601e200" scoped=""/></from>
          <to><interface-ref name="IO" ref="0x2b610615ad10" scoped=""/></to>
        </wire>
        <wire loc="535:/opt/tinyos-release-tinyos-2_1_2//tos/chips/msp430/pins/HplMsp430GeneralIOC.nc">
          <from><interface-ref name="UTXD0" ref="0x2b6106034580" scoped=""/></from>
          <to><interface-ref name="IO" ref="0x2b61060e4d10" scoped=""/></to>
        </wire>
        <wire loc="545:/opt/tinyos-release-tinyos-2_1_2//tos/chips/msp430/pins/HplMsp430GeneralIOC.nc">
          <from><interface-ref name="ADC0" ref="0x2b610604e570" scoped=""/></from>
          <to><interface-ref name="IO" ref="0x2b610613c100" scoped=""/></to>
        </wire>
        <wire loc="557:/opt/tinyos-release-tinyos-2_1_2//tos/chips/msp430/pins/HplMsp430GeneralIOC.nc">
          <from><interface-ref name="SVSIN" ref="0x2b6106066580" scoped=""/></from>
          <to><interface-ref name="IO" ref="0x2b610617cd10" scoped=""/></to>
        </wire>
        <wire loc="445:/opt/tinyos-release-tinyos-2_1_2//tos/chips/msp430/pins/HplMsp430GeneralIOC.nc">
          <from><interface-ref name="Port17" ref="0x2b6105fec020" scoped=""/></from>
          <to><interface-ref name="IO" ref="0x2b610609b100" scoped=""/></to>
        </wire>
        <wire loc="536:/opt/tinyos-release-tinyos-2_1_2//tos/chips/msp430/pins/HplMsp430GeneralIOC.nc">
          <from><interface-ref name="URXD0" ref="0x2b6106032580" scoped=""/></from>
          <to><interface-ref name="IO" ref="0x2b61060df740" scoped=""/></to>
        </wire>
        <wire loc="450:/opt/tinyos-release-tinyos-2_1_2//tos/chips/msp430/pins/HplMsp430GeneralIOC.nc">
          <from><interface-ref name="Port21" ref="0x2b6105fe8020" scoped=""/></from>
          <to><interface-ref name="IO" ref="0x2b61060bd740" scoped=""/></to>
        </wire>
        <wire loc="463:/opt/tinyos-release-tinyos-2_1_2//tos/chips/msp430/pins/HplMsp430GeneralIOC.nc">
          <from><interface-ref name="Port33" ref="0x2b6105ffd020" scoped=""/></from>
          <to><interface-ref name="IO" ref="0x2b61060e8100" scoped=""/></to>
        </wire>
        <wire loc="476:/opt/tinyos-release-tinyos-2_1_2//tos/chips/msp430/pins/HplMsp430GeneralIOC.nc">
          <from><interface-ref name="Port45" ref="0x2b6106013200" scoped=""/></from>
          <to><interface-ref name="IO" ref="0x2b6106115d10" scoped=""/></to>
        </wire>
        <wire loc="489:/opt/tinyos-release-tinyos-2_1_2//tos/chips/msp430/pins/HplMsp430GeneralIOC.nc">
          <from><interface-ref name="Port57" ref="0x2b6106028200" scoped=""/></from>
          <to><interface-ref name="IO" ref="0x2b6106142740" scoped=""/></to>
        </wire>
        <wire loc="500:/opt/tinyos-release-tinyos-2_1_2//tos/chips/msp430/pins/HplMsp430GeneralIOC.nc">
          <from><interface-ref name="Port67" ref="0x2b6106042200" scoped=""/></from>
          <to><interface-ref name="IO" ref="0x2b610617cd10" scoped=""/></to>
        </wire>
        <wire loc="440:/opt/tinyos-release-tinyos-2_1_2//tos/chips/msp430/pins/HplMsp430GeneralIOC.nc">
          <from><interface-ref name="Port12" ref="0x2b6105fcc020" scoped=""/></from>
          <to><interface-ref name="IO" ref="0x2b6106087d10" scoped=""/></to>
        </wire>
        <wire loc="453:/opt/tinyos-release-tinyos-2_1_2//tos/chips/msp430/pins/HplMsp430GeneralIOC.nc">
          <from><interface-ref name="Port24" ref="0x2b6105fe1020" scoped=""/></from>
          <to><interface-ref name="IO" ref="0x2b61060dc860" scoped=""/></to>
        </wire>
        <wire loc="466:/opt/tinyos-release-tinyos-2_1_2//tos/chips/msp430/pins/HplMsp430GeneralIOC.nc">
          <from><interface-ref name="Port36" ref="0x2b6105ff7020" scoped=""/></from>
          <to><interface-ref name="IO" ref="0x2b6106108100" scoped=""/></to>
        </wire>
        <wire loc="530:/opt/tinyos-release-tinyos-2_1_2//tos/chips/msp430/pins/HplMsp430GeneralIOC.nc">
          <from><interface-ref name="SIMO0" ref="0x2b610603e580" scoped=""/></from>
          <to><interface-ref name="IO" ref="0x2b61060f2d10" scoped=""/></to>
        </wire>
        <wire loc="548:/opt/tinyos-release-tinyos-2_1_2//tos/chips/msp430/pins/HplMsp430GeneralIOC.nc">
          <from><interface-ref name="ADC3" ref="0x2b6106048570" scoped=""/></from>
          <to><interface-ref name="IO" ref="0x2b610615e100" scoped=""/></to>
        </wire>
        <wire loc="555:/opt/tinyos-release-tinyos-2_1_2//tos/chips/msp430/pins/HplMsp430GeneralIOC.nc">
          <from><interface-ref name="DAC1" ref="0x2b6106068570" scoped=""/></from>
          <to><interface-ref name="IO" ref="0x2b610617cd10" scoped=""/></to>
        </wire>
        <wire loc="541:/opt/tinyos-release-tinyos-2_1_2//tos/chips/msp430/pins/HplMsp430GeneralIOC.nc">
          <from><interface-ref name="UCLK1" ref="0x2b6106054580" scoped=""/></from>
          <to><interface-ref name="IO" ref="0x2b6106126d10" scoped=""/></to>
        </wire>
        <wire loc="471:/opt/tinyos-release-tinyos-2_1_2//tos/chips/msp430/pins/HplMsp430GeneralIOC.nc">
          <from><interface-ref name="Port40" ref="0x2b6105ff3020" scoped=""/></from>
          <to><interface-ref name="IO" ref="0x2b61060ffa60" scoped=""/></to>
        </wire>
        <wire loc="484:/opt/tinyos-release-tinyos-2_1_2//tos/chips/msp430/pins/HplMsp430GeneralIOC.nc">
          <from><interface-ref name="Port52" ref="0x2b6106008200" scoped=""/></from>
          <to><interface-ref name="IO" ref="0x2b610612a100" scoped=""/></to>
        </wire>
        <wire loc="495:/opt/tinyos-release-tinyos-2_1_2//tos/chips/msp430/pins/HplMsp430GeneralIOC.nc">
          <from><interface-ref name="Port62" ref="0x2b6106022200" scoped=""/></from>
          <to><interface-ref name="IO" ref="0x2b6106163740" scoped=""/></to>
        </wire>
        <wire loc="549:/opt/tinyos-release-tinyos-2_1_2//tos/chips/msp430/pins/HplMsp430GeneralIOC.nc">
          <from><interface-ref name="ADC4" ref="0x2b6106046570" scoped=""/></from>
          <to><interface-ref name="IO" ref="0x2b610615ad10" scoped=""/></to>
        </wire>
        <wire loc="538:/opt/tinyos-release-tinyos-2_1_2//tos/chips/msp430/pins/HplMsp430GeneralIOC.nc">
          <from><interface-ref name="STE1" ref="0x2b6106030570" scoped=""/></from>
          <to><interface-ref name="IO" ref="0x2b6106134d10" scoped=""/></to>
        </wire>
        <wire loc="443:/opt/tinyos-release-tinyos-2_1_2//tos/chips/msp430/pins/HplMsp430GeneralIOC.nc">
          <from><interface-ref name="Port15" ref="0x2b6105fc6020" scoped=""/></from>
          <to><interface-ref name="IO" ref="0x2b61060a5d10" scoped=""/></to>
        </wire>
        <wire loc="456:/opt/tinyos-release-tinyos-2_1_2//tos/chips/msp430/pins/HplMsp430GeneralIOC.nc">
          <from><interface-ref name="Port27" ref="0x2b6105fdb020" scoped=""/></from>
          <to><interface-ref name="IO" ref="0x2b61060ce740" scoped=""/></to>
        </wire>
        <wire loc="493:/opt/tinyos-release-tinyos-2_1_2//tos/chips/msp430/pins/HplMsp430GeneralIOC.nc">
          <from><interface-ref name="Port60" ref="0x2b6106026200" scoped=""/></from>
          <to><interface-ref name="IO" ref="0x2b610613c100" scoped=""/></to>
        </wire>
        <wire loc="461:/opt/tinyos-release-tinyos-2_1_2//tos/chips/msp430/pins/HplMsp430GeneralIOC.nc">
          <from><interface-ref name="Port31" ref="0x2b6106001020" scoped=""/></from>
          <to><interface-ref name="IO" ref="0x2b61060f2d10" scoped=""/></to>
        </wire>
        <wire loc="474:/opt/tinyos-release-tinyos-2_1_2//tos/chips/msp430/pins/HplMsp430GeneralIOC.nc">
          <from><interface-ref name="Port43" ref="0x2b6106017200" scoped=""/></from>
          <to><interface-ref name="IO" ref="0x2b610611e740" scoped=""/></to>
        </wire>
        <wire loc="487:/opt/tinyos-release-tinyos-2_1_2//tos/chips/msp430/pins/HplMsp430GeneralIOC.nc">
          <from><interface-ref name="Port55" ref="0x2b610602c200" scoped=""/></from>
          <to><interface-ref name="IO" ref="0x2b610614b100" scoped=""/></to>
        </wire>
        <wire loc="498:/opt/tinyos-release-tinyos-2_1_2//tos/chips/msp430/pins/HplMsp430GeneralIOC.nc">
          <from><interface-ref name="Port65" ref="0x2b610601c200" scoped=""/></from>
          <to><interface-ref name="IO" ref="0x2b6106155740" scoped=""/></to>
        </wire>
        <wire loc="540:/opt/tinyos-release-tinyos-2_1_2//tos/chips/msp430/pins/HplMsp430GeneralIOC.nc">
          <from><interface-ref name="SOMI1" ref="0x2b6106056580" scoped=""/></from>
          <to><interface-ref name="IO" ref="0x2b610612a100" scoped=""/></to>
        </wire>
        <wire loc="438:/opt/tinyos-release-tinyos-2_1_2//tos/chips/msp430/pins/HplMsp430GeneralIOC.nc">
          <from><interface-ref name="Port10" ref="0x2b6105fd9020" scoped=""/></from>
          <to><interface-ref name="IO" ref="0x2b61060916d0" scoped=""/></to>
        </wire>
        <wire loc="451:/opt/tinyos-release-tinyos-2_1_2//tos/chips/msp430/pins/HplMsp430GeneralIOC.nc">
          <from><interface-ref name="Port22" ref="0x2b6105fe6020" scoped=""/></from>
          <to><interface-ref name="IO" ref="0x2b61060b8100" scoped=""/></to>
        </wire>
        <wire loc="464:/opt/tinyos-release-tinyos-2_1_2//tos/chips/msp430/pins/HplMsp430GeneralIOC.nc">
          <from><interface-ref name="Port34" ref="0x2b6105ffb020" scoped=""/></from>
          <to><interface-ref name="IO" ref="0x2b61060e4d10" scoped=""/></to>
        </wire>
        <wire loc="477:/opt/tinyos-release-tinyos-2_1_2//tos/chips/msp430/pins/HplMsp430GeneralIOC.nc">
          <from><interface-ref name="Port46" ref="0x2b6106011200" scoped=""/></from>
          <to><interface-ref name="IO" ref="0x2b6106110740" scoped=""/></to>
        </wire>
        <wire loc="542:/opt/tinyos-release-tinyos-2_1_2//tos/chips/msp430/pins/HplMsp430GeneralIOC.nc">
          <from><interface-ref name="UTXD1" ref="0x2b6106052580" scoped=""/></from>
          <to><interface-ref name="IO" ref="0x2b6106108100" scoped=""/></to>
        </wire>
        <wire loc="546:/opt/tinyos-release-tinyos-2_1_2//tos/chips/msp430/pins/HplMsp430GeneralIOC.nc">
          <from><interface-ref name="ADC1" ref="0x2b610604c570" scoped=""/></from>
          <to><interface-ref name="IO" ref="0x2b6106168d10" scoped=""/></to>
        </wire>
        <wire loc="552:/opt/tinyos-release-tinyos-2_1_2//tos/chips/msp430/pins/HplMsp430GeneralIOC.nc">
          <from><interface-ref name="ADC7" ref="0x2b610606c570" scoped=""/></from>
          <to><interface-ref name="IO" ref="0x2b610617cd10" scoped=""/></to>
        </wire>
        <wire loc="482:/opt/tinyos-release-tinyos-2_1_2//tos/chips/msp430/pins/HplMsp430GeneralIOC.nc">
          <from><interface-ref name="Port50" ref="0x2b610600d200" scoped=""/></from>
          <to><interface-ref name="IO" ref="0x2b6106134d10" scoped=""/></to>
        </wire>
        <wire loc="543:/opt/tinyos-release-tinyos-2_1_2//tos/chips/msp430/pins/HplMsp430GeneralIOC.nc">
          <from><interface-ref name="URXD1" ref="0x2b6106050580" scoped=""/></from>
          <to><interface-ref name="IO" ref="0x2b6106104d10" scoped=""/></to>
        </wire>
        <wire loc="441:/opt/tinyos-release-tinyos-2_1_2//tos/chips/msp430/pins/HplMsp430GeneralIOC.nc">
          <from><interface-ref name="Port13" ref="0x2b6105fca020" scoped=""/></from>
          <to><interface-ref name="IO" ref="0x2b61060ae740" scoped=""/></to>
        </wire>
        <wire loc="454:/opt/tinyos-release-tinyos-2_1_2//tos/chips/msp430/pins/HplMsp430GeneralIOC.nc">
          <from><interface-ref name="Port25" ref="0x2b6105fdf020" scoped=""/></from>
          <to><interface-ref name="IO" ref="0x2b61060d7270" scoped=""/></to>
        </wire>
        <wire loc="467:/opt/tinyos-release-tinyos-2_1_2//tos/chips/msp430/pins/HplMsp430GeneralIOC.nc">
          <from><interface-ref name="Port37" ref="0x2b6105ff5020" scoped=""/></from>
          <to><interface-ref name="IO" ref="0x2b6106104d10" scoped=""/></to>
        </wire>
        <wire loc="539:/opt/tinyos-release-tinyos-2_1_2//tos/chips/msp430/pins/HplMsp430GeneralIOC.nc">
          <from><interface-ref name="SIMO1" ref="0x2b610602e580" scoped=""/></from>
          <to><interface-ref name="IO" ref="0x2b610612f740" scoped=""/></to>
        </wire>
        <wire loc="550:/opt/tinyos-release-tinyos-2_1_2//tos/chips/msp430/pins/HplMsp430GeneralIOC.nc">
          <from><interface-ref name="ADC5" ref="0x2b6106044570" scoped=""/></from>
          <to><interface-ref name="IO" ref="0x2b6106155740" scoped=""/></to>
        </wire>
        <wire loc="472:/opt/tinyos-release-tinyos-2_1_2//tos/chips/msp430/pins/HplMsp430GeneralIOC.nc">
          <from><interface-ref name="Port41" ref="0x2b6105ff1200" scoped=""/></from>
          <to><interface-ref name="IO" ref="0x2b61060f9460" scoped=""/></to>
        </wire>
        <wire loc="485:/opt/tinyos-release-tinyos-2_1_2//tos/chips/msp430/pins/HplMsp430GeneralIOC.nc">
          <from><interface-ref name="Port53" ref="0x2b6106006200" scoped=""/></from>
          <to><interface-ref name="IO" ref="0x2b6106126d10" scoped=""/></to>
        </wire>
        <wire loc="496:/opt/tinyos-release-tinyos-2_1_2//tos/chips/msp430/pins/HplMsp430GeneralIOC.nc">
          <from><interface-ref name="Port63" ref="0x2b6106020200" scoped=""/></from>
          <to><interface-ref name="IO" ref="0x2b610615e100" scoped=""/></to>
        </wire>
        <wire loc="444:/opt/tinyos-release-tinyos-2_1_2//tos/chips/msp430/pins/HplMsp430GeneralIOC.nc">
          <from><interface-ref name="Port16" ref="0x2b6105fee020" scoped=""/></from>
          <to><interface-ref name="IO" ref="0x2b61060a0740" scoped=""/></to>
        </wire>
        <wire loc="494:/opt/tinyos-release-tinyos-2_1_2//tos/chips/msp430/pins/HplMsp430GeneralIOC.nc">
          <from><interface-ref name="Port61" ref="0x2b6106024200" scoped=""/></from>
          <to><interface-ref name="IO" ref="0x2b6106168d10" scoped=""/></to>
        </wire>
        <wire loc="449:/opt/tinyos-release-tinyos-2_1_2//tos/chips/msp430/pins/HplMsp430GeneralIOC.nc">
          <from><interface-ref name="Port20" ref="0x2b6105fea020" scoped=""/></from>
          <to><interface-ref name="IO" ref="0x2b61060c3d10" scoped=""/></to>
        </wire>
        <wire loc="462:/opt/tinyos-release-tinyos-2_1_2//tos/chips/msp430/pins/HplMsp430GeneralIOC.nc">
          <from><interface-ref name="Port32" ref="0x2b6105fff020" scoped=""/></from>
          <to><interface-ref name="IO" ref="0x2b61060ed740" scoped=""/></to>
        </wire>
        <wire loc="475:/opt/tinyos-release-tinyos-2_1_2//tos/chips/msp430/pins/HplMsp430GeneralIOC.nc">
          <from><interface-ref name="Port44" ref="0x2b6106015200" scoped=""/></from>
          <to><interface-ref name="IO" ref="0x2b6106119100" scoped=""/></to>
        </wire>
        <wire loc="488:/opt/tinyos-release-tinyos-2_1_2//tos/chips/msp430/pins/HplMsp430GeneralIOC.nc">
          <from><interface-ref name="Port56" ref="0x2b610602a200" scoped=""/></from>
          <to><interface-ref name="IO" ref="0x2b6106147d10" scoped=""/></to>
        </wire>
        <wire loc="499:/opt/tinyos-release-tinyos-2_1_2//tos/chips/msp430/pins/HplMsp430GeneralIOC.nc">
          <from><interface-ref name="Port66" ref="0x2b610601a200" scoped=""/></from>
          <to><interface-ref name="IO" ref="0x2b6106180100" scoped=""/></to>
        </wire>
        <wire loc="439:/opt/tinyos-release-tinyos-2_1_2//tos/chips/msp430/pins/HplMsp430GeneralIOC.nc">
          <from><interface-ref name="Port11" ref="0x2b6105fce020" scoped=""/></from>
          <to><interface-ref name="IO" ref="0x2b610608c100" scoped=""/></to>
        </wire>
        <wire loc="452:/opt/tinyos-release-tinyos-2_1_2//tos/chips/msp430/pins/HplMsp430GeneralIOC.nc">
          <from><interface-ref name="Port23" ref="0x2b6105fe3020" scoped=""/></from>
          <to><interface-ref name="IO" ref="0x2b61060b4d10" scoped=""/></to>
        </wire>
        <wire loc="465:/opt/tinyos-release-tinyos-2_1_2//tos/chips/msp430/pins/HplMsp430GeneralIOC.nc">
          <from><interface-ref name="Port35" ref="0x2b6105ff9020" scoped=""/></from>
          <to><interface-ref name="IO" ref="0x2b61060df740" scoped=""/></to>
        </wire>
        <wire loc="478:/opt/tinyos-release-tinyos-2_1_2//tos/chips/msp430/pins/HplMsp430GeneralIOC.nc">
          <from><interface-ref name="Port47" ref="0x2b610600f200" scoped=""/></from>
          <to><interface-ref name="IO" ref="0x2b6106139100" scoped=""/></to>
        </wire>
        <wire loc="534:/opt/tinyos-release-tinyos-2_1_2//tos/chips/msp430/pins/HplMsp430GeneralIOC.nc">
          <from><interface-ref name="SCL" ref="0x2b6106036560" scoped=""/></from>
          <to><interface-ref name="IO" ref="0x2b61060e8100" scoped=""/></to>
        </wire>
        <wire loc="547:/opt/tinyos-release-tinyos-2_1_2//tos/chips/msp430/pins/HplMsp430GeneralIOC.nc">
          <from><interface-ref name="ADC2" ref="0x2b610604a570" scoped=""/></from>
          <to><interface-ref name="IO" ref="0x2b6106163740" scoped=""/></to>
        </wire>
        <wire loc="533:/opt/tinyos-release-tinyos-2_1_2//tos/chips/msp430/pins/HplMsp430GeneralIOC.nc">
          <from><interface-ref name="UCLK0" ref="0x2b6106038580" scoped=""/></from>
          <to><interface-ref name="IO" ref="0x2b61060e8100" scoped=""/></to>
        </wire>
        <wire loc="483:/opt/tinyos-release-tinyos-2_1_2//tos/chips/msp430/pins/HplMsp430GeneralIOC.nc">
          <from><interface-ref name="Port51" ref="0x2b610600b200" scoped=""/></from>
          <to><interface-ref name="IO" ref="0x2b610612f740" scoped=""/></to>
        </wire>
        <wire loc="554:/opt/tinyos-release-tinyos-2_1_2//tos/chips/msp430/pins/HplMsp430GeneralIOC.nc">
          <from><interface-ref name="DAC0" ref="0x2b610606a570" scoped=""/></from>
          <to><interface-ref name="IO" ref="0x2b6106180100" scoped=""/></to>
        </wire>
        <wire loc="558:/opt/tinyos-release-tinyos-2_1_2//tos/chips/msp430/pins/HplMsp430GeneralIOC.nc">
          <from><interface-ref name="SVSOUT" ref="0x2b6106064580" scoped=""/></from>
          <to><interface-ref name="IO" ref="0x2b6106142740" scoped=""/></to>
        </wire>
        <wire loc="529:/opt/tinyos-release-tinyos-2_1_2//tos/chips/msp430/pins/HplMsp430GeneralIOC.nc">
          <from><interface-ref name="STE0" ref="0x2b61060401f0" scoped=""/></from>
          <to><interface-ref name="IO" ref="0x2b61060c9100" scoped=""/></to>
        </wire>
      </wiring>
    </component><component loc="42(PlatformOneWireLowLevelC.Msp430GpioC):/opt/tinyos-release-tinyos-2_1_2//tos/chips/msp430/pins/Msp430GpioC.nc" nicename="PlatformOneWireLowLevelC.Msp430GpioC" qname="PlatformOneWireLowLevelC.Msp430GpioC">
      <documentation loc="33:/opt/tinyos-release-tinyos-2_1_2//tos/chips/msp430/pins/Msp430GpioC.nc">
        <short>
 Implementation of the general-purpose I/O abstraction
 for the TI MSP430 microcontroller.</short>
        <long>
 Implementation of the general-purpose I/O abstraction
 for the TI MSP430 microcontroller.

 @author Joe Polastre
 @see  Please refer to TEP 117 for more information about this component and its
          intended use.
</long>
      </documentation>
      <instance number="10">
        <component-ref nicename="Msp430GpioC" qname="Msp430GpioC"/>
      </instance>
      <module/>
    </component></referenced></component>