<?xml version="1.0" ?><component abstract="" loc="41:/opt/tinyos-release-tinyos-2_1_2//tos/system/PoolC.nc" nicename="PoolC" qname="PoolC">
      <documentation loc="33:/opt/tinyos-release-tinyos-2_1_2//tos/system/PoolC.nc">
        <short>
  A general dynamic memory pool component.</short>
        <long>
  A general dynamic memory pool component.

  @author Philip Levis
  @author Geoffrey Mainland
  @date   $Date: 2006-12-12 18:23:47 $
</long>
      </documentation>
      <parameters>
        <typedef loc="41:/opt/tinyos-release-tinyos-2_1_2//tos/system/PoolC.nc" name="pool_t" ref="0x2b61078122e0">
          <component-ref nicename="PoolC" qname="PoolC"/>
          <type-var alignment="U:" size="U:"><typedef-ref name="pool_t" ref="0x2b61078122e0" scoped=""/></type-var>
        </typedef>
        <constant loc="41:/opt/tinyos-release-tinyos-2_1_2//tos/system/PoolC.nc" name="POOL_SIZE" ref="0x2b6107812650">
          <component-ref nicename="PoolC" qname="PoolC"/>
          <type-int alignment="I:1" cname="unsigned char" size="I:1" unsigned="">
            <typename><typedef-ref name="uint8_t" ref="0x2b6104f08160"/></typename>
          </type-int>
        </constant>
      </parameters>
      <configuration/>
      <wiring>
        <wire loc="49:/opt/tinyos-release-tinyos-2_1_2//tos/system/PoolC.nc">
          <from><interface-ref name="Pool" ref="0x2b6107812c20" scoped=""/></from>
          <to><interface-ref name="Pool" ref="0x2b61078978e0" scoped=""/></to>
        </wire>
        <wire loc="48:/opt/tinyos-release-tinyos-2_1_2//tos/system/PoolC.nc">
          <from><interface-ref name="SoftwareInit" ref="0x2b6105d641b0" scoped=""/></from>
          <to><interface-ref name="Init" ref="0x2b61078971f0" scoped=""/></to>
        </wire>
      </wiring>
    <specification><interface loc="42:/opt/tinyos-release-tinyos-2_1_2//tos/system/PoolC.nc" name="Pool" provided="1" ref="0x2b6107812c20">
      <component-ref nicename="PoolC" qname="PoolC"/>
      <type-interface alignment="I:2" size="I:2"><interface-ref name="Pool" ref="0x2b6107812c20" scoped=""/></type-interface>
      <instance>
        <interfacedef-ref nicename="Pool" qname="Pool"/>
        <arguments>
          <type-var alignment="U:" size="U:"><typedef-ref name="pool_t" ref="0x2b61078122e0" scoped=""/></type-var>
        </arguments>
      </instance>
      <interface-functions>
        <function-ref name="get" ref="0x2b610789bd50" scoped=""/>
        <function-ref name="maxSize" ref="0x2b610789b1e0" scoped=""/>
        <function-ref name="empty" ref="0x2b610789c860" scoped=""/>
        <function-ref name="put" ref="0x2b610789b660" scoped=""/>
        <function-ref name="size" ref="0x2b610789cce0" scoped=""/>
      </interface-functions>
    </interface></specification><referenced><interface loc="58:/opt/tinyos-release-tinyos-2_1_2//tos/system/MainC.nc" name="SoftwareInit" provided="0" ref="0x2b6105d641b0">
      <component-ref nicename="MainC" qname="MainC"/>
      <type-interface alignment="I:2" size="I:2"><interface-ref name="SoftwareInit" ref="0x2b6105d641b0" scoped=""/></type-interface>
      <instance>
        <interfacedef-ref nicename="Init" qname="Init"/>
      </instance>
      <interface-functions>
        <function-ref name="init" ref="0x2b6105d64530" scoped=""/>
      </interface-functions>
    </interface><interface loc="56:/opt/tinyos-release-tinyos-2_1_2//tos/system/PoolP.nc" name="Pool" provided="1" ref="0x2b61078978e0">
      <component-ref nicename="PoolC.PoolP" qname="PoolC.PoolP"/>
      <type-interface alignment="I:2" size="I:2"><interface-ref name="Pool" ref="0x2b61078978e0" scoped=""/></type-interface>
      <instance>
        <interfacedef-ref nicename="Pool" qname="Pool"/>
        <arguments>
          <type-var alignment="U:" size="U:"><typedef-ref name="pool_t" ref="0x2b61078122e0" scoped=""/></type-var>
        </arguments>
      </instance>
      <interface-functions>
        <function-ref name="get" ref="0x2b610787da00" scoped=""/>
        <function-ref name="maxSize" ref="0x2b610787ee60" scoped=""/>
        <function-ref name="empty" ref="0x2b610787e560" scoped=""/>
        <function-ref name="put" ref="0x2b610787d310" scoped=""/>
        <function-ref name="size" ref="0x2b610787e9e0" scoped=""/>
      </interface-functions>
    </interface><interface loc="55:/opt/tinyos-release-tinyos-2_1_2//tos/system/PoolP.nc" name="Init" provided="1" ref="0x2b61078971f0">
      <component-ref nicename="PoolC.PoolP" qname="PoolC.PoolP"/>
      <type-interface alignment="I:2" size="I:2"><interface-ref name="Init" ref="0x2b61078971f0" scoped=""/></type-interface>
      <instance>
        <interfacedef-ref nicename="Init" qname="Init"/>
      </instance>
      <interface-functions>
        <function-ref name="init" ref="0x2b6107897570" scoped=""/>
      </interface-functions>
    </interface><component abstract="" loc="53(PoolC.PoolP):/opt/tinyos-release-tinyos-2_1_2//tos/system/PoolP.nc" nicename="PoolC.PoolP" qname="PoolC.PoolP">
      <documentation loc="34:/opt/tinyos-release-tinyos-2_1_2//tos/system/PoolP.nc">
        <short>
  Implementation of a general dynamic memory pool component.</short>
        <long>
  Implementation of a general dynamic memory pool component.
  Note that the allocation/deallocation policies are 
  different than traditional dynamic allocators such as
  malloc or slab allocators. When initialized, the Pool
  contains &lt;code&gt;size&lt;/code&gt; items of type &lt;code&gt;pool_t&lt;/code&gt;.
  These elements can be removed from the pool for use with 
  &lt;code&gt;Pool.get&lt;/code&gt;, and new elements can be placed in
  the pool with &lt;code&gt;Pool.put&lt;/code&gt;. The pool allows 
  components to &lt;code&gt;put&lt;/code&gt; elements besides those which
  were obtained with &lt;code&gt;get&lt;/code&gt;. The pool can never have
  more than &lt;code&gt;size&lt;/code&gt; elements in it.

  @author Philip Levis
  @author Kyle Jamieson
  @author Geoffrey Mainland
  @date   $Date: 2010-01-20 19:59:07 $
</long>
      </documentation>
      <instance>
        <component-ref nicename="PoolP" qname="PoolP"/>
        <arguments>
          <type-var alignment="U:" size="U:"><typedef-ref name="pool_t" ref="0x2b61078122e0" scoped=""/></type-var>
          <value cst="U:">
            <type-int alignment="I:1" cname="unsigned char" size="I:1" unsigned="">
              <typename><typedef-ref name="uint8_t" ref="0x2b6104f08160"/></typename>
            </type-int>
          </value>
        </arguments>
      </instance>
      <module/>
    </component><component loc="56:/opt/tinyos-release-tinyos-2_1_2//tos/system/MainC.nc" nicename="MainC" qname="MainC">
      <documentation loc="45:/opt/tinyos-release-tinyos-2_1_2//tos/system/MainC.nc">
        <short>
 MainC is the system interface the TinyOS boot sequence.</short>
        <long>
 MainC is the system interface the TinyOS boot sequence. It wires the
 boot sequence implementation to the scheduler and hardware resources.

 @author Philip Levis
 @date   August 6 2005
 @see    TEP 107: Boot Sequence
</long>
      </documentation>
      <configuration/>
      <wiring>
        <wire loc="72:/opt/tinyos-release-tinyos-2_1_2//tos/system/MainC.nc">
          <from><interface-ref name="Boot" ref="0x2b6105d69c20" scoped=""/></from>
          <to><interface-ref name="Boot" ref="0x2b6105f1a590" scoped=""/></to>
        </wire>
        <wire loc="67:/opt/tinyos-release-tinyos-2_1_2//tos/system/MainC.nc">
          <from><interface-ref name="Scheduler" ref="0x2b6105f1ac00" scoped=""/></from>
          <to><interface-ref name="Scheduler" ref="0x2b61058673a0" scoped=""/></to>
        </wire>
        <wire loc="68:/opt/tinyos-release-tinyos-2_1_2//tos/system/MainC.nc">
          <from><interface-ref name="PlatformInit" ref="0x2b6105f336c0" scoped=""/></from>
          <to><interface-ref name="Init" ref="0x2b6105d63190" scoped=""/></to>
        </wire>
        <wire loc="71:/opt/tinyos-release-tinyos-2_1_2//tos/system/MainC.nc">
          <from><interface-ref name="SoftwareInit" ref="0x2b6105f33dc0" scoped=""/></from>
          <to><interface-ref name="SoftwareInit" ref="0x2b6105d641b0" scoped=""/></to>
        </wire>
      </wiring>
    </component></referenced></component>