<?xml version="1.0" ?><component abstract="" loc="42:/opt/tinyos-release-tinyos-2_1_2//tos/system/QueueC.nc" nicename="QueueC" qname="QueueC">
      <documentation loc="33:/opt/tinyos-release-tinyos-2_1_2//tos/system/QueueC.nc">
        <short>
  A general FIFO queue component, whose queue has a bounded size.</short>
        <long>
  A general FIFO queue component, whose queue has a bounded size.

  @author Philip Levis
  @author Geoffrey Mainland
  @date   $Date: 2009-06-25 18:37:24 $
</long>
      </documentation>
      <parameters>
        <typedef loc="42:/opt/tinyos-release-tinyos-2_1_2//tos/system/QueueC.nc" name="queue_t" ref="0x2b61074744b0">
          <component-ref nicename="QueueC" qname="QueueC"/>
          <type-var alignment="U:" size="U:"><typedef-ref name="queue_t" ref="0x2b61074744b0" scoped=""/></type-var>
        </typedef>
        <constant loc="42:/opt/tinyos-release-tinyos-2_1_2//tos/system/QueueC.nc" name="QUEUE_SIZE" ref="0x2b6107474830">
          <component-ref nicename="QueueC" qname="QueueC"/>
          <type-int alignment="I:1" cname="unsigned char" size="I:1" unsigned="">
            <typename><typedef-ref name="uint8_t" ref="0x2b6104f08160"/></typename>
          </type-int>
        </constant>
      </parameters>
      <module/>
    <specification><interface loc="43:/opt/tinyos-release-tinyos-2_1_2//tos/system/QueueC.nc" name="Queue" provided="1" ref="0x2b61074676a0">
      <component-ref nicename="QueueC" qname="QueueC"/>
      <type-interface alignment="I:2" size="I:2"><interface-ref name="Queue" ref="0x2b61074676a0" scoped=""/></type-interface>
      <instance>
        <interfacedef-ref nicename="Queue" qname="Queue"/>
        <arguments>
          <type-var alignment="U:" size="U:"><typedef-ref name="queue_t" ref="0x2b61074744b0" scoped=""/></type-var>
        </arguments>
      </instance>
      <interface-functions>
        <function-ref name="head" ref="0x2b6107469170" scoped=""/>
        <function-ref name="enqueue" ref="0x2b6107466020" scoped=""/>
        <function-ref name="element" ref="0x2b6107466690" scoped=""/>
        <function-ref name="maxSize" ref="0x2b6107471c90" scoped=""/>
        <function-ref name="dequeue" ref="0x2b6107469820" scoped=""/>
        <function-ref name="empty" ref="0x2b6107471390" scoped=""/>
        <function-ref name="size" ref="0x2b6107471810" scoped=""/>
      </interface-functions>
    </interface></specification><referenced/></component>