<?xml version="1.0" ?><component loc="43:/opt/tinyos-release-tinyos-2_1_2//tos/system/RandomC.nc" nicename="RandomC" qname="RandomC">
      <documentation loc="33:/opt/tinyos-release-tinyos-2_1_2//tos/system/RandomC.nc">
        <short>
 The standard TinyOS random number generator.</short>
        <long>
 The standard TinyOS random number generator. If your system requires a 
 specific random number generator, it should wire to that component
 directly. 

 @author  Barbara Hohlt 
 @author  Phil Levis 
 @date    March 1 2005
</long>
      </documentation>
      <configuration/>
      <wiring>
        <wire loc="56:/opt/tinyos-release-tinyos-2_1_2//tos/system/RandomC.nc">
          <from><interface-ref name="Random" ref="0x2b6106ebca20" scoped=""/></from>
          <to><interface-ref name="Random" ref="0x2b6106eb4a20" scoped=""/></to>
        </wire>
        <wire loc="55:/opt/tinyos-release-tinyos-2_1_2//tos/system/RandomC.nc">
          <from><interface-ref name="SeedInit" ref="0x2b6106eb8920" scoped=""/></from>
          <to><interface-ref name="SeedInit" ref="0x2b6106eb5940" scoped=""/></to>
        </wire>
        <wire loc="54:/opt/tinyos-release-tinyos-2_1_2//tos/system/RandomC.nc">
          <from><interface-ref name="Init" ref="0x2b6106ec09b0" scoped=""/></from>
          <to><interface-ref name="Init" ref="0x2b6106eb5080" scoped=""/></to>
        </wire>
        <wire loc="52:/opt/tinyos-release-tinyos-2_1_2//tos/system/RandomC.nc">
          <from><interface-ref name="SoftwareInit" ref="0x2b6105d641b0" scoped=""/></from>
          <to><interface-ref name="Init" ref="0x2b6106eb5080" scoped=""/></to>
        </wire>
      </wiring>
    <specification><interface loc="46:/opt/tinyos-release-tinyos-2_1_2//tos/system/RandomC.nc" name="Random" provided="1" ref="0x2b6106ebca20">
      <component-ref nicename="RandomC" qname="RandomC"/>
      <type-interface alignment="I:2" size="I:2"><interface-ref name="Random" ref="0x2b6106ebca20" scoped=""/></type-interface>
      <instance>
        <interfacedef-ref nicename="Random" qname="Random"/>
      </instance>
      <interface-functions>
        <function-ref name="rand16" ref="0x2b6106ebcda0" scoped=""/>
        <function-ref name="rand32" ref="0x2b6106eba020" scoped=""/>
      </interface-functions>
    </interface><interface loc="45:/opt/tinyos-release-tinyos-2_1_2//tos/system/RandomC.nc" name="SeedInit" provided="1" ref="0x2b6106eb8920">
      <component-ref nicename="RandomC" qname="RandomC"/>
      <type-interface alignment="I:2" size="I:2"><interface-ref name="SeedInit" ref="0x2b6106eb8920" scoped=""/></type-interface>
      <instance>
        <interfacedef-ref nicename="ParameterInit" qname="ParameterInit"/>
        <arguments>
          <type-int alignment="I:2" cname="unsigned int" size="I:2" unsigned="">
            <typename><typedef-ref name="uint16_t" ref="0x2b6104f08520"/></typename>
          </type-int>
        </arguments>
      </instance>
      <interface-functions>
        <function-ref name="init" ref="0x2b6106ebc560" scoped=""/>
      </interface-functions>
    </interface><interface loc="44:/opt/tinyos-release-tinyos-2_1_2//tos/system/RandomC.nc" name="Init" provided="1" ref="0x2b6106ec09b0">
      <component-ref nicename="RandomC" qname="RandomC"/>
      <type-interface alignment="I:2" size="I:2"><interface-ref name="Init" ref="0x2b6106ec09b0" scoped=""/></type-interface>
      <instance>
        <interfacedef-ref nicename="Init" qname="Init"/>
      </instance>
      <interface-functions>
        <function-ref name="init" ref="0x2b6106ec0d30" scoped=""/>
      </interface-functions>
    </interface></specification><referenced><interface loc="58:/opt/tinyos-release-tinyos-2_1_2//tos/system/MainC.nc" name="SoftwareInit" provided="0" ref="0x2b6105d641b0">
      <component-ref nicename="MainC" qname="MainC"/>
      <type-interface alignment="I:2" size="I:2"><interface-ref name="SoftwareInit" ref="0x2b6105d641b0" scoped=""/></type-interface>
      <instance>
        <interfacedef-ref nicename="Init" qname="Init"/>
      </instance>
      <interface-functions>
        <function-ref name="init" ref="0x2b6105d64530" scoped=""/>
      </interface-functions>
    </interface><interface loc="47:/opt/tinyos-release-tinyos-2_1_2//tos/system/RandomMlcgC.nc" name="SeedInit" provided="1" ref="0x2b6106eb5940">
      <component-ref nicename="RandomMlcgC" qname="RandomMlcgC"/>
      <type-interface alignment="I:2" size="I:2"><interface-ref name="SeedInit" ref="0x2b6106eb5940" scoped=""/></type-interface>
      <instance>
        <interfacedef-ref nicename="ParameterInit" qname="ParameterInit"/>
        <arguments>
          <type-int alignment="I:2" cname="unsigned int" size="I:2" unsigned="">
            <typename><typedef-ref name="uint16_t" ref="0x2b6104f08520"/></typename>
          </type-int>
        </arguments>
      </instance>
      <interface-functions>
        <function-ref name="init" ref="0x2b6106eb4560" scoped=""/>
      </interface-functions>
    </interface><interface loc="46:/opt/tinyos-release-tinyos-2_1_2//tos/system/RandomMlcgC.nc" name="Init" provided="1" ref="0x2b6106eb5080">
      <component-ref nicename="RandomMlcgC" qname="RandomMlcgC"/>
      <type-interface alignment="I:2" size="I:2"><interface-ref name="Init" ref="0x2b6106eb5080" scoped=""/></type-interface>
      <instance>
        <interfacedef-ref nicename="Init" qname="Init"/>
      </instance>
      <interface-functions>
        <function-ref name="init" ref="0x2b6106eb5400" scoped=""/>
      </interface-functions>
    </interface><interface loc="48:/opt/tinyos-release-tinyos-2_1_2//tos/system/RandomMlcgC.nc" name="Random" provided="1" ref="0x2b6106eb4a20">
      <component-ref nicename="RandomMlcgC" qname="RandomMlcgC"/>
      <type-interface alignment="I:2" size="I:2"><interface-ref name="Random" ref="0x2b6106eb4a20" scoped=""/></type-interface>
      <instance>
        <interfacedef-ref nicename="Random" qname="Random"/>
      </instance>
      <interface-functions>
        <function-ref name="rand16" ref="0x2b6106eb4da0" scoped=""/>
        <function-ref name="rand32" ref="0x2b6106eb3020" scoped=""/>
      </interface-functions>
    </interface><component loc="45:/opt/tinyos-release-tinyos-2_1_2//tos/system/RandomMlcgC.nc" nicename="RandomMlcgC" qname="RandomMlcgC" safe="">
      <documentation loc="32:/opt/tinyos-release-tinyos-2_1_2//tos/system/RandomMlcgC.nc">
        <short> This code is a fast implementation of the Park-Miller Minimal Standard 
  Generator for pseudo-random numbers.</short>
        <long> This code is a fast implementation of the Park-Miller Minimal Standard 
  Generator for pseudo-random numbers.  It uses the 32 bit multiplicative 
  linear congruential generator, 

		S' = (A x S) mod (2^31 - 1) 

  for A = 16807.


 @author Barbara Hohlt 
 @date   March 1 2005
</long>
      </documentation>
      <module/>
    </component><component loc="56:/opt/tinyos-release-tinyos-2_1_2//tos/system/MainC.nc" nicename="MainC" qname="MainC">
      <documentation loc="45:/opt/tinyos-release-tinyos-2_1_2//tos/system/MainC.nc">
        <short>
 MainC is the system interface the TinyOS boot sequence.</short>
        <long>
 MainC is the system interface the TinyOS boot sequence. It wires the
 boot sequence implementation to the scheduler and hardware resources.

 @author Philip Levis
 @date   August 6 2005
 @see    TEP 107: Boot Sequence
</long>
      </documentation>
      <configuration/>
      <wiring>
        <wire loc="72:/opt/tinyos-release-tinyos-2_1_2//tos/system/MainC.nc">
          <from><interface-ref name="Boot" ref="0x2b6105d69c20" scoped=""/></from>
          <to><interface-ref name="Boot" ref="0x2b6105f1a590" scoped=""/></to>
        </wire>
        <wire loc="67:/opt/tinyos-release-tinyos-2_1_2//tos/system/MainC.nc">
          <from><interface-ref name="Scheduler" ref="0x2b6105f1ac00" scoped=""/></from>
          <to><interface-ref name="Scheduler" ref="0x2b61058673a0" scoped=""/></to>
        </wire>
        <wire loc="68:/opt/tinyos-release-tinyos-2_1_2//tos/system/MainC.nc">
          <from><interface-ref name="PlatformInit" ref="0x2b6105f336c0" scoped=""/></from>
          <to><interface-ref name="Init" ref="0x2b6105d63190" scoped=""/></to>
        </wire>
        <wire loc="71:/opt/tinyos-release-tinyos-2_1_2//tos/system/MainC.nc">
          <from><interface-ref name="SoftwareInit" ref="0x2b6105f33dc0" scoped=""/></from>
          <to><interface-ref name="SoftwareInit" ref="0x2b6105d641b0" scoped=""/></to>
        </wire>
      </wiring>
    </component></referenced></component>