<?xml version="1.0" ?><component loc="54:/opt/tinyos-release-tinyos-2_1_2//tos/system/SchedulerBasicP.nc" nicename="SchedulerBasicP" qname="SchedulerBasicP" safe="">
      <module/>
    <specification><interface loc="56:/opt/tinyos-release-tinyos-2_1_2//tos/system/SchedulerBasicP.nc" name="TaskBasic" provided="1" ref="0x2b6105cb4040">
      <component-ref nicename="SchedulerBasicP" qname="SchedulerBasicP"/>
      <type-interface alignment="I:2" size="I:2"><interface-ref name="TaskBasic" ref="0x2b6105cb4040" scoped=""/></type-interface>
      <instance>
        <interfacedef-ref nicename="TaskBasic" qname="TaskBasic"/>
      </instance>
      <interface-parameters>
        <type-int alignment="I:1" cname="unsigned char" size="I:1" unsigned="">
          <typename><typedef-ref name="uint8_t" ref="0x2b6104f08160"/></typename>
        </type-int>
      </interface-parameters>
      <interface-functions>
        <function-ref name="postTask" ref="0x2b6105cb43c0" scoped=""/>
        <function-ref name="runTask" ref="0x2b6105cb4550" scoped=""/>
      </interface-functions>
    </interface><interface loc="57:/opt/tinyos-release-tinyos-2_1_2//tos/system/SchedulerBasicP.nc" name="McuSleep" provided="0" ref="0x2b6105ccd5d0">
      <component-ref nicename="SchedulerBasicP" qname="SchedulerBasicP"/>
      <type-interface alignment="I:2" size="I:2"><interface-ref name="McuSleep" ref="0x2b6105ccd5d0" scoped=""/></type-interface>
      <instance>
        <interfacedef-ref nicename="McuSleep" qname="McuSleep"/>
      </instance>
      <interface-functions>
        <function-ref name="sleep" ref="0x2b6105ccd950" scoped=""/>
      </interface-functions>
    </interface><interface loc="55:/opt/tinyos-release-tinyos-2_1_2//tos/system/SchedulerBasicP.nc" name="Scheduler" provided="1" ref="0x2b6105cb6140">
      <component-ref nicename="SchedulerBasicP" qname="SchedulerBasicP"/>
      <type-interface alignment="I:2" size="I:2"><interface-ref name="Scheduler" ref="0x2b6105cb6140" scoped=""/></type-interface>
      <instance>
        <interfacedef-ref nicename="Scheduler" qname="Scheduler"/>
      </instance>
      <interface-functions>
        <function-ref name="init" ref="0x2b6105cb64c0" scoped=""/>
        <function-ref name="taskLoop" ref="0x2b6105cb6650" scoped=""/>
        <function-ref name="runNextTask" ref="0x2b6105cb67e0" scoped=""/>
      </interface-functions>
    </interface></specification><referenced/></component>