<?xml version="1.0" ?><component abstract="" loc="47:/opt/tinyos-release-tinyos-2_1_2//tos/lib/serial/SerialAMSenderC.nc" nicename="SerialAMSenderC" qname="SerialAMSenderC">
      <documentation loc="71:/opt/tinyos-release-tinyos-2_1_2//tos/lib/serial/Serial.h">
        <short>
 </short>
        <long>
 @author Phil Buonadonna
 @author Lewis Girod
 @author Ben Greenstein
 @author Philip Levis
 @date   August 7 2005
</long>
      </documentation>
      <parameters>
        <constant loc="47:/opt/tinyos-release-tinyos-2_1_2//tos/lib/serial/SerialAMSenderC.nc" name="AMId" ref="0x2b610705d8d0">
          <component-ref nicename="SerialAMSenderC" qname="SerialAMSenderC"/>
          <type-int alignment="I:1" cname="unsigned char" size="I:1" unsigned="">
            <typename><typedef-ref name="am_id_t" ref="0x2b6105d4adc0"/></typename>
          </type-int>
        </constant>
      </parameters>
      <configuration/>
      <wiring>
        <wire loc="63:/opt/tinyos-release-tinyos-2_1_2//tos/lib/serial/SerialAMSenderC.nc">
          <from><interface-ref name="AMSend" ref="0x2b610705dd70" scoped=""/></from>
          <to><interface-ref name="AMSend" ref="0x2b61070531e0" scoped=""/></to>
        </wire>
        <wire loc="64:/opt/tinyos-release-tinyos-2_1_2//tos/lib/serial/SerialAMSenderC.nc">
          <from><interface-ref name="Packet" ref="0x2b610705aa50" scoped=""/></from>
          <to><interface-ref name="Packet" ref="0x2b61070c0a00" scoped=""/></to>
        </wire>
        <wire loc="65:/opt/tinyos-release-tinyos-2_1_2//tos/lib/serial/SerialAMSenderC.nc">
          <from><interface-ref name="AMPacket" ref="0x2b6107059780" scoped=""/></from>
          <to><interface-ref name="AMPacket" ref="0x2b61070be780" scoped=""/></to>
        </wire>
        <wire loc="66:/opt/tinyos-release-tinyos-2_1_2//tos/lib/serial/SerialAMSenderC.nc">
          <from><interface-ref name="Acks" ref="0x2b6107057020" scoped=""/></from>
          <to><interface-ref name="PacketAcknowledgements" ref="0x2b61070bde40" scoped=""/></to>
        </wire>
        <wire loc="60:/opt/tinyos-release-tinyos-2_1_2//tos/lib/serial/SerialAMSenderC.nc">
          <from><interface-ref name="Send" ref="0x2b6107053e50" scoped=""/></from>
          <to><interface-ref name="Send" ref="0x2b610703fd00" scoped=""/>
          <arguments>
            <value cst="U:">
              <type-int alignment="I:2" cname="unsigned int" size="I:2" unsigned=""/>
            </value>
          </arguments>
          </to>
        </wire>
        <wire loc="61:/opt/tinyos-release-tinyos-2_1_2//tos/lib/serial/SerialAMSenderC.nc">
          <from><interface-ref name="AMPacket" ref="0x2b6107042aa0" scoped=""/></from>
          <to><interface-ref name="AMPacket" ref="0x2b61070be780" scoped=""/></to>
        </wire>
      </wiring>
    <specification><interface loc="49:/opt/tinyos-release-tinyos-2_1_2//tos/lib/serial/SerialAMSenderC.nc" name="AMSend" provided="1" ref="0x2b610705dd70">
      <component-ref nicename="SerialAMSenderC" qname="SerialAMSenderC"/>
      <type-interface alignment="I:2" size="I:2"><interface-ref name="AMSend" ref="0x2b610705dd70" scoped=""/></type-interface>
      <instance>
        <interfacedef-ref nicename="AMSend" qname="AMSend"/>
      </instance>
      <interface-functions>
        <function-ref name="send" ref="0x2b610705a180" scoped=""/>
        <function-ref name="getPayload" ref="0x2b610705a310" scoped=""/>
        <function-ref name="maxPayloadLength" ref="0x2b610705a4a0" scoped=""/>
        <function-ref name="cancel" ref="0x2b610705a630" scoped=""/>
        <function-ref name="sendDone" ref="0x2b610705a7c0" scoped=""/>
      </interface-functions>
    </interface><interface loc="50:/opt/tinyos-release-tinyos-2_1_2//tos/lib/serial/SerialAMSenderC.nc" name="Packet" provided="1" ref="0x2b610705aa50">
      <component-ref nicename="SerialAMSenderC" qname="SerialAMSenderC"/>
      <type-interface alignment="I:2" size="I:2"><interface-ref name="Packet" ref="0x2b610705aa50" scoped=""/></type-interface>
      <instance>
        <interfacedef-ref nicename="Packet" qname="Packet"/>
      </instance>
      <interface-functions>
        <function-ref name="clear" ref="0x2b610705add0" scoped=""/>
        <function-ref name="payloadLength" ref="0x2b6107059020" scoped=""/>
        <function-ref name="getPayload" ref="0x2b61070591b0" scoped=""/>
        <function-ref name="maxPayloadLength" ref="0x2b6107059340" scoped=""/>
        <function-ref name="setPayloadLength" ref="0x2b61070594d0" scoped=""/>
      </interface-functions>
    </interface><interface loc="51:/opt/tinyos-release-tinyos-2_1_2//tos/lib/serial/SerialAMSenderC.nc" name="AMPacket" provided="1" ref="0x2b6107059780">
      <component-ref nicename="SerialAMSenderC" qname="SerialAMSenderC"/>
      <type-interface alignment="I:2" size="I:2"><interface-ref name="AMPacket" ref="0x2b6107059780" scoped=""/></type-interface>
      <instance>
        <interfacedef-ref nicename="AMPacket" qname="AMPacket"/>
      </instance>
      <interface-functions>
        <function-ref name="group" ref="0x2b6107059b00" scoped=""/>
        <function-ref name="source" ref="0x2b6107059c90" scoped=""/>
        <function-ref name="address" ref="0x2b6107059e20" scoped=""/>
        <function-ref name="destination" ref="0x2b6107058020" scoped=""/>
        <function-ref name="setSource" ref="0x2b61070581b0" scoped=""/>
        <function-ref name="setDestination" ref="0x2b6107058340" scoped=""/>
        <function-ref name="type" ref="0x2b61070584d0" scoped=""/>
        <function-ref name="setType" ref="0x2b6107058660" scoped=""/>
        <function-ref name="isForMe" ref="0x2b61070587f0" scoped=""/>
        <function-ref name="setGroup" ref="0x2b6107058980" scoped=""/>
        <function-ref name="localGroup" ref="0x2b6107058b10" scoped=""/>
      </interface-functions>
    </interface><interface loc="52:/opt/tinyos-release-tinyos-2_1_2//tos/lib/serial/SerialAMSenderC.nc" name="Acks" provided="1" ref="0x2b6107057020">
      <component-ref nicename="SerialAMSenderC" qname="SerialAMSenderC"/>
      <type-interface alignment="I:2" size="I:2"><interface-ref name="Acks" ref="0x2b6107057020" scoped=""/></type-interface>
      <instance>
        <interfacedef-ref nicename="PacketAcknowledgements" qname="PacketAcknowledgements"/>
      </instance>
      <interface-functions>
        <function-ref name="requestAck" ref="0x2b61070573a0" scoped=""/>
        <function-ref name="noAck" ref="0x2b6107057530" scoped=""/>
        <function-ref name="wasAcked" ref="0x2b61070576c0" scoped=""/>
      </interface-functions>
    </interface></specification><referenced><interface loc="46:/opt/tinyos-release-tinyos-2_1_2//tos/system/AMQueueEntryP.nc" name="Send" provided="0" ref="0x2b6107053e50">
      <component-ref nicename="SerialAMSenderC.AMQueueEntryP" qname="SerialAMSenderC.AMQueueEntryP"/>
      <type-interface alignment="I:2" size="I:2"><interface-ref name="Send" ref="0x2b6107053e50" scoped=""/></type-interface>
      <instance>
        <interfacedef-ref nicename="Send" qname="Send"/>
      </instance>
      <interface-functions>
        <function-ref name="send" ref="0x2b6107042210" scoped=""/>
        <function-ref name="getPayload" ref="0x2b61070423a0" scoped=""/>
        <function-ref name="maxPayloadLength" ref="0x2b6107042530" scoped=""/>
        <function-ref name="cancel" ref="0x2b61070426c0" scoped=""/>
        <function-ref name="sendDone" ref="0x2b6107042850" scoped=""/>
      </interface-functions>
    </interface><interface loc="47:/opt/tinyos-release-tinyos-2_1_2//tos/system/AMQueueEntryP.nc" name="AMPacket" provided="0" ref="0x2b6107042aa0">
      <component-ref nicename="SerialAMSenderC.AMQueueEntryP" qname="SerialAMSenderC.AMQueueEntryP"/>
      <type-interface alignment="I:2" size="I:2"><interface-ref name="AMPacket" ref="0x2b6107042aa0" scoped=""/></type-interface>
      <instance>
        <interfacedef-ref nicename="AMPacket" qname="AMPacket"/>
      </instance>
      <interface-functions>
        <function-ref name="group" ref="0x2b6107042e20" scoped=""/>
        <function-ref name="source" ref="0x2b6107041020" scoped=""/>
        <function-ref name="address" ref="0x2b61070411b0" scoped=""/>
        <function-ref name="destination" ref="0x2b6107041340" scoped=""/>
        <function-ref name="setSource" ref="0x2b61070414d0" scoped=""/>
        <function-ref name="setDestination" ref="0x2b6107041660" scoped=""/>
        <function-ref name="type" ref="0x2b61070417f0" scoped=""/>
        <function-ref name="setType" ref="0x2b6107041980" scoped=""/>
        <function-ref name="isForMe" ref="0x2b6107041b10" scoped=""/>
        <function-ref name="setGroup" ref="0x2b6107041ca0" scoped=""/>
        <function-ref name="localGroup" ref="0x2b6107041e30" scoped=""/>
      </interface-functions>
    </interface><interface loc="50:/opt/tinyos-release-tinyos-2_1_2//tos/lib/serial/SerialActiveMessageC.nc" name="AMPacket" provided="1" ref="0x2b61070be780">
      <component-ref nicename="SerialActiveMessageC" qname="SerialActiveMessageC"/>
      <type-interface alignment="I:2" size="I:2"><interface-ref name="AMPacket" ref="0x2b61070be780" scoped=""/></type-interface>
      <instance>
        <interfacedef-ref nicename="AMPacket" qname="AMPacket"/>
      </instance>
      <interface-functions>
        <function-ref name="group" ref="0x2b61070beb00" scoped=""/>
        <function-ref name="source" ref="0x2b61070bec90" scoped=""/>
        <function-ref name="address" ref="0x2b61070bee20" scoped=""/>
        <function-ref name="destination" ref="0x2b61070bd020" scoped=""/>
        <function-ref name="setSource" ref="0x2b61070bd1b0" scoped=""/>
        <function-ref name="setDestination" ref="0x2b61070bd340" scoped=""/>
        <function-ref name="type" ref="0x2b61070bd4d0" scoped=""/>
        <function-ref name="setType" ref="0x2b61070bd660" scoped=""/>
        <function-ref name="isForMe" ref="0x2b61070bd7f0" scoped=""/>
        <function-ref name="setGroup" ref="0x2b61070bd980" scoped=""/>
        <function-ref name="localGroup" ref="0x2b61070bdb10" scoped=""/>
      </interface-functions>
    </interface><interface loc="51:/opt/tinyos-release-tinyos-2_1_2//tos/lib/serial/SerialActiveMessageC.nc" name="PacketAcknowledgements" provided="1" ref="0x2b61070bde40">
      <component-ref nicename="SerialActiveMessageC" qname="SerialActiveMessageC"/>
      <type-interface alignment="I:2" size="I:2"><interface-ref name="PacketAcknowledgements" ref="0x2b61070bde40" scoped=""/></type-interface>
      <instance>
        <interfacedef-ref nicename="PacketAcknowledgements" qname="PacketAcknowledgements"/>
      </instance>
      <interface-functions>
        <function-ref name="requestAck" ref="0x2b61070bc1e0" scoped=""/>
        <function-ref name="noAck" ref="0x2b61070bc370" scoped=""/>
        <function-ref name="wasAcked" ref="0x2b61070bc500" scoped=""/>
      </interface-functions>
    </interface><interface loc="44:/opt/tinyos-release-tinyos-2_1_2//tos/lib/serial/SerialAMQueueP.nc" name="Send" provided="1" ref="0x2b610703fd00">
      <component-ref nicename="SerialAMQueueP" qname="SerialAMQueueP"/>
      <type-interface alignment="I:2" size="I:2"><interface-ref name="Send" ref="0x2b610703fd00" scoped=""/></type-interface>
      <instance>
        <interfacedef-ref nicename="Send" qname="Send"/>
      </instance>
      <interface-parameters>
        <type-int alignment="I:1" cname="unsigned char" size="I:1" unsigned="">
          <typename><typedef-ref name="uint8_t" ref="0x2b6104f08160"/></typename>
        </type-int>
      </interface-parameters>
      <interface-functions>
        <function-ref name="send" ref="0x2b610703c0a0" scoped=""/>
        <function-ref name="getPayload" ref="0x2b610703c230" scoped=""/>
        <function-ref name="maxPayloadLength" ref="0x2b610703c3c0" scoped=""/>
        <function-ref name="cancel" ref="0x2b610703c550" scoped=""/>
        <function-ref name="sendDone" ref="0x2b610703c6e0" scoped=""/>
      </interface-functions>
    </interface><interface loc="44:/opt/tinyos-release-tinyos-2_1_2//tos/system/AMQueueEntryP.nc" name="AMSend" provided="1" ref="0x2b61070531e0">
      <component-ref nicename="SerialAMSenderC.AMQueueEntryP" qname="SerialAMSenderC.AMQueueEntryP"/>
      <type-interface alignment="I:2" size="I:2"><interface-ref name="AMSend" ref="0x2b61070531e0" scoped=""/></type-interface>
      <instance>
        <interfacedef-ref nicename="AMSend" qname="AMSend"/>
      </instance>
      <interface-functions>
        <function-ref name="send" ref="0x2b6107053560" scoped=""/>
        <function-ref name="getPayload" ref="0x2b61070536f0" scoped=""/>
        <function-ref name="maxPayloadLength" ref="0x2b6107053880" scoped=""/>
        <function-ref name="cancel" ref="0x2b6107053a10" scoped=""/>
        <function-ref name="sendDone" ref="0x2b6107053ba0" scoped=""/>
      </interface-functions>
    </interface><interface loc="49:/opt/tinyos-release-tinyos-2_1_2//tos/lib/serial/SerialActiveMessageC.nc" name="Packet" provided="1" ref="0x2b61070c0a00">
      <component-ref nicename="SerialActiveMessageC" qname="SerialActiveMessageC"/>
      <type-interface alignment="I:2" size="I:2"><interface-ref name="Packet" ref="0x2b61070c0a00" scoped=""/></type-interface>
      <instance>
        <interfacedef-ref nicename="Packet" qname="Packet"/>
      </instance>
      <interface-functions>
        <function-ref name="clear" ref="0x2b61070c0d80" scoped=""/>
        <function-ref name="payloadLength" ref="0x2b61070be020" scoped=""/>
        <function-ref name="getPayload" ref="0x2b61070be1b0" scoped=""/>
        <function-ref name="maxPayloadLength" ref="0x2b61070be340" scoped=""/>
        <function-ref name="setPayloadLength" ref="0x2b61070be4d0" scoped=""/>
      </interface-functions>
    </interface><component abstract="" loc="43(SerialAMSenderC.AMQueueEntryP):/opt/tinyos-release-tinyos-2_1_2//tos/system/AMQueueEntryP.nc" nicename="SerialAMSenderC.AMQueueEntryP" qname="SerialAMSenderC.AMQueueEntryP">
      <documentation loc="33:/opt/tinyos-release-tinyos-2_1_2//tos/system/AMQueueEntryP.nc">
        <short>
 Internal AM component that fills in needed packet fields for the 
 AMSend -&gt; Send transformation.</short>
        <long>
 Internal AM component that fills in needed packet fields for the 
 AMSend -&gt; Send transformation.

 @author Philip Levis
 @date   Jan 16 2006
</long>
      </documentation>
      <instance>
        <component-ref nicename="AMQueueEntryP" qname="AMQueueEntryP"/>
        <arguments>
          <value cst="U:">
            <type-int alignment="I:1" cname="unsigned char" size="I:1" unsigned="">
              <typename><typedef-ref name="am_id_t" ref="0x2b6105d4adc0"/></typename>
            </type-int>
          </value>
        </arguments>
      </instance>
      <module/>
    </component><component loc="44:/opt/tinyos-release-tinyos-2_1_2//tos/lib/serial/SerialActiveMessageC.nc" nicename="SerialActiveMessageC" qname="SerialActiveMessageC">
      <documentation loc="71:/opt/tinyos-release-tinyos-2_1_2//tos/lib/serial/Serial.h">
        <short>
 </short>
        <long>
 @author Phil Buonadonna
 @author Lewis Girod
 @author Ben Greenstein
 @author Philip Levis
 @date   August 7 2005
</long>
      </documentation>
      <configuration/>
      <wiring>
        <wire loc="61:/opt/tinyos-release-tinyos-2_1_2//tos/lib/serial/SerialActiveMessageC.nc">
          <from><interface-ref name="SplitControl" ref="0x2b61070c2140" scoped=""/></from>
          <to><interface-ref name="SplitControl" ref="0x2b61071362f0" scoped=""/></to>
        </wire>
        <wire loc="63:/opt/tinyos-release-tinyos-2_1_2//tos/lib/serial/SerialActiveMessageC.nc">
          <from><interface-ref name="AMSend" ref="0x2b61070c11d0" scoped=""/></from>
          <to><interface-ref name="AMSend" ref="0x2b61070b87d0" scoped=""/></to>
        </wire>
        <wire loc="65:/opt/tinyos-release-tinyos-2_1_2//tos/lib/serial/SerialActiveMessageC.nc">
          <from><interface-ref name="Packet" ref="0x2b61070c0a00" scoped=""/></from>
          <to><interface-ref name="Packet" ref="0x2b610713d400" scoped=""/></to>
        </wire>
        <wire loc="64:/opt/tinyos-release-tinyos-2_1_2//tos/lib/serial/SerialActiveMessageC.nc">
          <from><interface-ref name="Receive" ref="0x2b61070c03f0" scoped=""/></from>
          <to><interface-ref name="Receive" ref="0x2b610713f6c0" scoped=""/></to>
        </wire>
        <wire loc="67:/opt/tinyos-release-tinyos-2_1_2//tos/lib/serial/SerialActiveMessageC.nc">
          <from><interface-ref name="PacketAcknowledgements" ref="0x2b61070bde40" scoped=""/></from>
          <to><interface-ref name="PacketAcknowledgements" ref="0x2b610713c060" scoped=""/></to>
        </wire>
        <wire loc="66:/opt/tinyos-release-tinyos-2_1_2//tos/lib/serial/SerialActiveMessageC.nc">
          <from><interface-ref name="AMPacket" ref="0x2b61070be780" scoped=""/></from>
          <to><interface-ref name="AMPacket" ref="0x2b610713fcb0" scoped=""/></to>
        </wire>
        <wire loc="59:/opt/tinyos-release-tinyos-2_1_2//tos/lib/serial/SerialActiveMessageC.nc">
          <from><interface-ref name="SoftwareInit" ref="0x2b6105d641b0" scoped=""/></from>
          <to><interface-ref name="Init" ref="0x2b6107139bd0" scoped=""/></to>
        </wire>
        <wire loc="60:/opt/tinyos-release-tinyos-2_1_2//tos/lib/serial/SerialActiveMessageC.nc">
          <from><interface-ref name="Leds" ref="0x2b6107132940" scoped=""/></from>
          <to><interface-ref name="Leds" ref="0x2b61070bc7e0" scoped=""/></to>
        </wire>
        <wire loc="69:/opt/tinyos-release-tinyos-2_1_2//tos/lib/serial/SerialActiveMessageC.nc">
          <from><interface-ref name="SubSend" ref="0x2b610713c9f0" scoped=""/></from>
          <to><interface-ref name="Send" ref="0x2b6107135e10" scoped=""/>
          <arguments>
            <value cst="I:0">
              <type-int alignment="I:2" cname="int" size="I:2"/>
            </value>
          </arguments>
          </to>
        </wire>
        <wire loc="70:/opt/tinyos-release-tinyos-2_1_2//tos/lib/serial/SerialActiveMessageC.nc">
          <from><interface-ref name="SubReceive" ref="0x2b610713b760" scoped=""/></from>
          <to><interface-ref name="Receive" ref="0x2b6107135320" scoped=""/>
          <arguments>
            <value cst="I:0">
              <type-int alignment="I:2" cname="int" size="I:2"/>
            </value>
          </arguments>
          </to>
        </wire>
        <wire loc="72:/opt/tinyos-release-tinyos-2_1_2//tos/lib/serial/SerialActiveMessageC.nc">
          <from><interface-ref name="SerialPacketInfo" ref="0x2b6107132020" scoped=""/>
          <arguments>
            <value cst="I:0">
              <type-int alignment="I:2" cname="int" size="I:2"/>
            </value>
          </arguments>
          </from>
          <to><interface-ref name="Info" ref="0x2b61074166d0" scoped=""/></to>
        </wire>
      </wiring>
    </component><component loc="43:/opt/tinyos-release-tinyos-2_1_2//tos/lib/serial/SerialAMQueueP.nc" nicename="SerialAMQueueP" qname="SerialAMQueueP">
      <documentation loc="71:/opt/tinyos-release-tinyos-2_1_2//tos/lib/serial/Serial.h">
        <short>
 </short>
        <long>
 @author Phil Buonadonna
 @author Lewis Girod
 @author Ben Greenstein
 @author Philip Levis
 @date   August 7 2005
</long>
      </documentation>
      <configuration/>
      <wiring>
        <wire loc="54:/opt/tinyos-release-tinyos-2_1_2//tos/lib/serial/SerialAMQueueP.nc">
          <from><interface-ref name="Send" ref="0x2b610703fd00" scoped=""/></from>
          <to><interface-ref name="Send" ref="0x2b61070cc580" scoped=""/></to>
        </wire>
        <wire loc="55:/opt/tinyos-release-tinyos-2_1_2//tos/lib/serial/SerialAMQueueP.nc">
          <from><interface-ref name="AMSend" ref="0x2b61070ca400" scoped=""/></from>
          <to><interface-ref name="AMSend" ref="0x2b61070c11d0" scoped=""/></to>
        </wire>
        <wire loc="56:/opt/tinyos-release-tinyos-2_1_2//tos/lib/serial/SerialAMQueueP.nc">
          <from><interface-ref name="AMPacket" ref="0x2b61070c9060" scoped=""/></from>
          <to><interface-ref name="AMPacket" ref="0x2b61070be780" scoped=""/></to>
        </wire>
        <wire loc="57:/opt/tinyos-release-tinyos-2_1_2//tos/lib/serial/SerialAMQueueP.nc">
          <from><interface-ref name="Packet" ref="0x2b61070c8720" scoped=""/></from>
          <to><interface-ref name="Packet" ref="0x2b61070c0a00" scoped=""/></to>
        </wire>
      </wiring>
    </component></referenced></component>