<?xml version="1.0" ?><component loc="44:/opt/tinyos-release-tinyos-2_1_2//tos/lib/serial/SerialActiveMessageC.nc" nicename="SerialActiveMessageC" qname="SerialActiveMessageC">
      <documentation loc="71:/opt/tinyos-release-tinyos-2_1_2//tos/lib/serial/Serial.h">
        <short>
 </short>
        <long>
 @author Phil Buonadonna
 @author Lewis Girod
 @author Ben Greenstein
 @author Philip Levis
 @date   August 7 2005
</long>
      </documentation>
      <configuration/>
      <wiring>
        <wire loc="61:/opt/tinyos-release-tinyos-2_1_2//tos/lib/serial/SerialActiveMessageC.nc">
          <from><interface-ref name="SplitControl" ref="0x2b61070c2140" scoped=""/></from>
          <to><interface-ref name="SplitControl" ref="0x2b61071362f0" scoped=""/></to>
        </wire>
        <wire loc="63:/opt/tinyos-release-tinyos-2_1_2//tos/lib/serial/SerialActiveMessageC.nc">
          <from><interface-ref name="AMSend" ref="0x2b61070c11d0" scoped=""/></from>
          <to><interface-ref name="AMSend" ref="0x2b61070b87d0" scoped=""/></to>
        </wire>
        <wire loc="65:/opt/tinyos-release-tinyos-2_1_2//tos/lib/serial/SerialActiveMessageC.nc">
          <from><interface-ref name="Packet" ref="0x2b61070c0a00" scoped=""/></from>
          <to><interface-ref name="Packet" ref="0x2b610713d400" scoped=""/></to>
        </wire>
        <wire loc="64:/opt/tinyos-release-tinyos-2_1_2//tos/lib/serial/SerialActiveMessageC.nc">
          <from><interface-ref name="Receive" ref="0x2b61070c03f0" scoped=""/></from>
          <to><interface-ref name="Receive" ref="0x2b610713f6c0" scoped=""/></to>
        </wire>
        <wire loc="67:/opt/tinyos-release-tinyos-2_1_2//tos/lib/serial/SerialActiveMessageC.nc">
          <from><interface-ref name="PacketAcknowledgements" ref="0x2b61070bde40" scoped=""/></from>
          <to><interface-ref name="PacketAcknowledgements" ref="0x2b610713c060" scoped=""/></to>
        </wire>
        <wire loc="66:/opt/tinyos-release-tinyos-2_1_2//tos/lib/serial/SerialActiveMessageC.nc">
          <from><interface-ref name="AMPacket" ref="0x2b61070be780" scoped=""/></from>
          <to><interface-ref name="AMPacket" ref="0x2b610713fcb0" scoped=""/></to>
        </wire>
        <wire loc="59:/opt/tinyos-release-tinyos-2_1_2//tos/lib/serial/SerialActiveMessageC.nc">
          <from><interface-ref name="SoftwareInit" ref="0x2b6105d641b0" scoped=""/></from>
          <to><interface-ref name="Init" ref="0x2b6107139bd0" scoped=""/></to>
        </wire>
        <wire loc="60:/opt/tinyos-release-tinyos-2_1_2//tos/lib/serial/SerialActiveMessageC.nc">
          <from><interface-ref name="Leds" ref="0x2b6107132940" scoped=""/></from>
          <to><interface-ref name="Leds" ref="0x2b61070bc7e0" scoped=""/></to>
        </wire>
        <wire loc="69:/opt/tinyos-release-tinyos-2_1_2//tos/lib/serial/SerialActiveMessageC.nc">
          <from><interface-ref name="SubSend" ref="0x2b610713c9f0" scoped=""/></from>
          <to><interface-ref name="Send" ref="0x2b6107135e10" scoped=""/>
          <arguments>
            <value cst="I:0">
              <type-int alignment="I:2" cname="int" size="I:2"/>
            </value>
          </arguments>
          </to>
        </wire>
        <wire loc="70:/opt/tinyos-release-tinyos-2_1_2//tos/lib/serial/SerialActiveMessageC.nc">
          <from><interface-ref name="SubReceive" ref="0x2b610713b760" scoped=""/></from>
          <to><interface-ref name="Receive" ref="0x2b6107135320" scoped=""/>
          <arguments>
            <value cst="I:0">
              <type-int alignment="I:2" cname="int" size="I:2"/>
            </value>
          </arguments>
          </to>
        </wire>
        <wire loc="72:/opt/tinyos-release-tinyos-2_1_2//tos/lib/serial/SerialActiveMessageC.nc">
          <from><interface-ref name="SerialPacketInfo" ref="0x2b6107132020" scoped=""/>
          <arguments>
            <value cst="I:0">
              <type-int alignment="I:2" cname="int" size="I:2"/>
            </value>
          </arguments>
          </from>
          <to><interface-ref name="Info" ref="0x2b61074166d0" scoped=""/></to>
        </wire>
      </wiring>
    <specification><interface loc="46:/opt/tinyos-release-tinyos-2_1_2//tos/lib/serial/SerialActiveMessageC.nc" name="SplitControl" provided="1" ref="0x2b61070c2140">
      <component-ref nicename="SerialActiveMessageC" qname="SerialActiveMessageC"/>
      <type-interface alignment="I:2" size="I:2"><interface-ref name="SplitControl" ref="0x2b61070c2140" scoped=""/></type-interface>
      <instance>
        <interfacedef-ref nicename="SplitControl" qname="SplitControl"/>
      </instance>
      <interface-functions>
        <function-ref name="startDone" ref="0x2b61070c24c0" scoped=""/>
        <function-ref name="stopDone" ref="0x2b61070c2650" scoped=""/>
        <function-ref name="start" ref="0x2b61070c27e0" scoped=""/>
        <function-ref name="stop" ref="0x2b61070c2970" scoped=""/>
      </interface-functions>
    </interface><interface loc="47:/opt/tinyos-release-tinyos-2_1_2//tos/lib/serial/SerialActiveMessageC.nc" name="AMSend" provided="1" ref="0x2b61070c11d0">
      <component-ref nicename="SerialActiveMessageC" qname="SerialActiveMessageC"/>
      <type-interface alignment="I:2" size="I:2"><interface-ref name="AMSend" ref="0x2b61070c11d0" scoped=""/></type-interface>
      <instance>
        <interfacedef-ref nicename="AMSend" qname="AMSend"/>
      </instance>
      <interface-parameters>
        <type-int alignment="I:1" cname="unsigned char" size="I:1" unsigned="">
          <typename><typedef-ref name="am_id_t" ref="0x2b6105d4adc0"/></typename>
        </type-int>
      </interface-parameters>
      <interface-functions>
        <function-ref name="send" ref="0x2b61070c1550" scoped=""/>
        <function-ref name="getPayload" ref="0x2b61070c16e0" scoped=""/>
        <function-ref name="maxPayloadLength" ref="0x2b61070c1870" scoped=""/>
        <function-ref name="cancel" ref="0x2b61070c1a00" scoped=""/>
        <function-ref name="sendDone" ref="0x2b61070c1b90" scoped=""/>
      </interface-functions>
    </interface><interface loc="49:/opt/tinyos-release-tinyos-2_1_2//tos/lib/serial/SerialActiveMessageC.nc" name="Packet" provided="1" ref="0x2b61070c0a00">
      <component-ref nicename="SerialActiveMessageC" qname="SerialActiveMessageC"/>
      <type-interface alignment="I:2" size="I:2"><interface-ref name="Packet" ref="0x2b61070c0a00" scoped=""/></type-interface>
      <instance>
        <interfacedef-ref nicename="Packet" qname="Packet"/>
      </instance>
      <interface-functions>
        <function-ref name="clear" ref="0x2b61070c0d80" scoped=""/>
        <function-ref name="payloadLength" ref="0x2b61070be020" scoped=""/>
        <function-ref name="getPayload" ref="0x2b61070be1b0" scoped=""/>
        <function-ref name="maxPayloadLength" ref="0x2b61070be340" scoped=""/>
        <function-ref name="setPayloadLength" ref="0x2b61070be4d0" scoped=""/>
      </interface-functions>
    </interface><interface loc="48:/opt/tinyos-release-tinyos-2_1_2//tos/lib/serial/SerialActiveMessageC.nc" name="Receive" provided="1" ref="0x2b61070c03f0">
      <component-ref nicename="SerialActiveMessageC" qname="SerialActiveMessageC"/>
      <type-interface alignment="I:2" size="I:2"><interface-ref name="Receive" ref="0x2b61070c03f0" scoped=""/></type-interface>
      <instance>
        <interfacedef-ref nicename="Receive" qname="Receive"/>
      </instance>
      <interface-parameters>
        <type-int alignment="I:1" cname="unsigned char" size="I:1" unsigned="">
          <typename><typedef-ref name="am_id_t" ref="0x2b6105d4adc0"/></typename>
        </type-int>
      </interface-parameters>
      <interface-functions>
        <function-ref name="receive" ref="0x2b61070c0770" scoped=""/>
      </interface-functions>
    </interface><interface loc="53:/opt/tinyos-release-tinyos-2_1_2//tos/lib/serial/SerialActiveMessageC.nc" name="Leds" provided="0" ref="0x2b61070bc7e0">
      <component-ref nicename="SerialActiveMessageC" qname="SerialActiveMessageC"/>
      <type-interface alignment="I:2" size="I:2"><interface-ref name="Leds" ref="0x2b61070bc7e0" scoped=""/></type-interface>
      <instance>
        <interfacedef-ref nicename="Leds" qname="Leds"/>
      </instance>
      <interface-functions>
        <function-ref name="led0Off" ref="0x2b61070bcb60" scoped=""/>
        <function-ref name="led0Toggle" ref="0x2b61070bccf0" scoped=""/>
        <function-ref name="led1On" ref="0x2b61070bce80" scoped=""/>
        <function-ref name="led1Toggle" ref="0x2b61070bb030" scoped=""/>
        <function-ref name="led2Toggle" ref="0x2b61070bb1c0" scoped=""/>
        <function-ref name="get" ref="0x2b61070bb350" scoped=""/>
        <function-ref name="led1Off" ref="0x2b61070bb4e0" scoped=""/>
        <function-ref name="led2Off" ref="0x2b61070bbb20" scoped=""/>
        <function-ref name="set" ref="0x2b61070bb670" scoped=""/>
        <function-ref name="led0On" ref="0x2b61070bb800" scoped=""/>
        <function-ref name="led2On" ref="0x2b61070bb990" scoped=""/>
      </interface-functions>
    </interface><interface loc="51:/opt/tinyos-release-tinyos-2_1_2//tos/lib/serial/SerialActiveMessageC.nc" name="PacketAcknowledgements" provided="1" ref="0x2b61070bde40">
      <component-ref nicename="SerialActiveMessageC" qname="SerialActiveMessageC"/>
      <type-interface alignment="I:2" size="I:2"><interface-ref name="PacketAcknowledgements" ref="0x2b61070bde40" scoped=""/></type-interface>
      <instance>
        <interfacedef-ref nicename="PacketAcknowledgements" qname="PacketAcknowledgements"/>
      </instance>
      <interface-functions>
        <function-ref name="requestAck" ref="0x2b61070bc1e0" scoped=""/>
        <function-ref name="noAck" ref="0x2b61070bc370" scoped=""/>
        <function-ref name="wasAcked" ref="0x2b61070bc500" scoped=""/>
      </interface-functions>
    </interface><interface loc="50:/opt/tinyos-release-tinyos-2_1_2//tos/lib/serial/SerialActiveMessageC.nc" name="AMPacket" provided="1" ref="0x2b61070be780">
      <component-ref nicename="SerialActiveMessageC" qname="SerialActiveMessageC"/>
      <type-interface alignment="I:2" size="I:2"><interface-ref name="AMPacket" ref="0x2b61070be780" scoped=""/></type-interface>
      <instance>
        <interfacedef-ref nicename="AMPacket" qname="AMPacket"/>
      </instance>
      <interface-functions>
        <function-ref name="group" ref="0x2b61070beb00" scoped=""/>
        <function-ref name="source" ref="0x2b61070bec90" scoped=""/>
        <function-ref name="address" ref="0x2b61070bee20" scoped=""/>
        <function-ref name="destination" ref="0x2b61070bd020" scoped=""/>
        <function-ref name="setSource" ref="0x2b61070bd1b0" scoped=""/>
        <function-ref name="setDestination" ref="0x2b61070bd340" scoped=""/>
        <function-ref name="type" ref="0x2b61070bd4d0" scoped=""/>
        <function-ref name="setType" ref="0x2b61070bd660" scoped=""/>
        <function-ref name="isForMe" ref="0x2b61070bd7f0" scoped=""/>
        <function-ref name="setGroup" ref="0x2b61070bd980" scoped=""/>
        <function-ref name="localGroup" ref="0x2b61070bdb10" scoped=""/>
      </interface-functions>
    </interface></specification><referenced><interface loc="51:/opt/tinyos-release-tinyos-2_1_2//tos/lib/serial/SerialActiveMessageP.nc" name="PacketAcknowledgements" provided="1" ref="0x2b610713c060">
      <component-ref nicename="SerialActiveMessageC.AM" qname="SerialActiveMessageC.AM"/>
      <type-interface alignment="I:2" size="I:2"><interface-ref name="PacketAcknowledgements" ref="0x2b610713c060" scoped=""/></type-interface>
      <instance>
        <interfacedef-ref nicename="PacketAcknowledgements" qname="PacketAcknowledgements"/>
      </instance>
      <interface-functions>
        <function-ref name="requestAck" ref="0x2b610713c3e0" scoped=""/>
        <function-ref name="noAck" ref="0x2b610713c570" scoped=""/>
        <function-ref name="wasAcked" ref="0x2b610713c700" scoped=""/>
      </interface-functions>
    </interface><interface loc="49:/opt/tinyos-release-tinyos-2_1_2//tos/lib/serial/SerialDispatcherC.nc" name="Init" provided="1" ref="0x2b6107139bd0">
      <component-ref nicename="SerialDispatcherC" qname="SerialDispatcherC"/>
      <type-interface alignment="I:2" size="I:2"><interface-ref name="Init" ref="0x2b6107139bd0" scoped=""/></type-interface>
      <instance>
        <interfacedef-ref nicename="Init" qname="Init"/>
      </instance>
      <interface-functions>
        <function-ref name="init" ref="0x2b6107136020" scoped=""/>
      </interface-functions>
    </interface><interface loc="54:/opt/tinyos-release-tinyos-2_1_2//tos/lib/serial/SerialActiveMessageP.nc" name="SubSend" provided="0" ref="0x2b610713c9f0">
      <component-ref nicename="SerialActiveMessageC.AM" qname="SerialActiveMessageC.AM"/>
      <type-interface alignment="I:2" size="I:2"><interface-ref name="SubSend" ref="0x2b610713c9f0" scoped=""/></type-interface>
      <instance>
        <interfacedef-ref nicename="Send" qname="Send"/>
      </instance>
      <interface-functions>
        <function-ref name="send" ref="0x2b610713cd70" scoped=""/>
        <function-ref name="getPayload" ref="0x2b610713b020" scoped=""/>
        <function-ref name="maxPayloadLength" ref="0x2b610713b1b0" scoped=""/>
        <function-ref name="cancel" ref="0x2b610713b340" scoped=""/>
        <function-ref name="sendDone" ref="0x2b610713b4d0" scoped=""/>
      </interface-functions>
    </interface><interface loc="49:/opt/tinyos-release-tinyos-2_1_2//tos/lib/serial/SerialActiveMessageP.nc" name="AMPacket" provided="1" ref="0x2b610713fcb0">
      <component-ref nicename="SerialActiveMessageC.AM" qname="SerialActiveMessageC.AM"/>
      <type-interface alignment="I:2" size="I:2"><interface-ref name="AMPacket" ref="0x2b610713fcb0" scoped=""/></type-interface>
      <instance>
        <interfacedef-ref nicename="AMPacket" qname="AMPacket"/>
      </instance>
      <interface-functions>
        <function-ref name="group" ref="0x2b610713e0a0" scoped=""/>
        <function-ref name="source" ref="0x2b610713e230" scoped=""/>
        <function-ref name="address" ref="0x2b610713e3c0" scoped=""/>
        <function-ref name="destination" ref="0x2b610713e550" scoped=""/>
        <function-ref name="setSource" ref="0x2b610713e6e0" scoped=""/>
        <function-ref name="setDestination" ref="0x2b610713e870" scoped=""/>
        <function-ref name="type" ref="0x2b610713ea00" scoped=""/>
        <function-ref name="setType" ref="0x2b610713eb90" scoped=""/>
        <function-ref name="isForMe" ref="0x2b610713ed20" scoped=""/>
        <function-ref name="setGroup" ref="0x2b610713d020" scoped=""/>
        <function-ref name="localGroup" ref="0x2b610713d1b0" scoped=""/>
      </interface-functions>
    </interface><interface loc="55:/opt/tinyos-release-tinyos-2_1_2//tos/lib/serial/SerialActiveMessageP.nc" name="SubReceive" provided="0" ref="0x2b610713b760">
      <component-ref nicename="SerialActiveMessageC.AM" qname="SerialActiveMessageC.AM"/>
      <type-interface alignment="I:2" size="I:2"><interface-ref name="SubReceive" ref="0x2b610713b760" scoped=""/></type-interface>
      <instance>
        <interfacedef-ref nicename="Receive" qname="Receive"/>
      </instance>
      <interface-functions>
        <function-ref name="receive" ref="0x2b610713bae0" scoped=""/>
      </interface-functions>
    </interface><interface loc="48:/opt/tinyos-release-tinyos-2_1_2//tos/lib/serial/SerialActiveMessageP.nc" name="Receive" provided="1" ref="0x2b610713f6c0">
      <component-ref nicename="SerialActiveMessageC.AM" qname="SerialActiveMessageC.AM"/>
      <type-interface alignment="I:2" size="I:2"><interface-ref name="Receive" ref="0x2b610713f6c0" scoped=""/></type-interface>
      <instance>
        <interfacedef-ref nicename="Receive" qname="Receive"/>
      </instance>
      <interface-parameters>
        <type-int alignment="I:1" cname="unsigned char" size="I:1" unsigned="">
          <typename><typedef-ref name="am_id_t" ref="0x2b6105d4adc0"/></typename>
        </type-int>
      </interface-parameters>
      <interface-functions>
        <function-ref name="receive" ref="0x2b610713fa60" scoped=""/>
      </interface-functions>
    </interface><interface loc="50:/opt/tinyos-release-tinyos-2_1_2//tos/lib/serial/SerialActiveMessageP.nc" name="Packet" provided="1" ref="0x2b610713d400">
      <component-ref nicename="SerialActiveMessageC.AM" qname="SerialActiveMessageC.AM"/>
      <type-interface alignment="I:2" size="I:2"><interface-ref name="Packet" ref="0x2b610713d400" scoped=""/></type-interface>
      <instance>
        <interfacedef-ref nicename="Packet" qname="Packet"/>
      </instance>
      <interface-functions>
        <function-ref name="clear" ref="0x2b610713d780" scoped=""/>
        <function-ref name="payloadLength" ref="0x2b610713d910" scoped=""/>
        <function-ref name="getPayload" ref="0x2b610713daa0" scoped=""/>
        <function-ref name="maxPayloadLength" ref="0x2b610713dc30" scoped=""/>
        <function-ref name="setPayloadLength" ref="0x2b610713ddc0" scoped=""/>
      </interface-functions>
    </interface><interface loc="47:/opt/tinyos-release-tinyos-2_1_2//tos/lib/serial/SerialActiveMessageP.nc" name="AMSend" provided="1" ref="0x2b61070b87d0">
      <component-ref nicename="SerialActiveMessageC.AM" qname="SerialActiveMessageC.AM"/>
      <type-interface alignment="I:2" size="I:2"><interface-ref name="AMSend" ref="0x2b61070b87d0" scoped=""/></type-interface>
      <instance>
        <interfacedef-ref nicename="AMSend" qname="AMSend"/>
      </instance>
      <interface-parameters>
        <type-int alignment="I:1" cname="unsigned char" size="I:1" unsigned="">
          <typename><typedef-ref name="am_id_t" ref="0x2b6105d4adc0"/></typename>
        </type-int>
      </interface-parameters>
      <interface-functions>
        <function-ref name="send" ref="0x2b61070b8b70" scoped=""/>
        <function-ref name="getPayload" ref="0x2b61070b8d00" scoped=""/>
        <function-ref name="maxPayloadLength" ref="0x2b610713f020" scoped=""/>
        <function-ref name="cancel" ref="0x2b610713f1b0" scoped=""/>
        <function-ref name="sendDone" ref="0x2b610713f340" scoped=""/>
      </interface-functions>
    </interface><interface loc="50:/opt/tinyos-release-tinyos-2_1_2//tos/lib/serial/SerialDispatcherC.nc" name="SplitControl" provided="1" ref="0x2b61071362f0">
      <component-ref nicename="SerialDispatcherC" qname="SerialDispatcherC"/>
      <type-interface alignment="I:2" size="I:2"><interface-ref name="SplitControl" ref="0x2b61071362f0" scoped=""/></type-interface>
      <instance>
        <interfacedef-ref nicename="SplitControl" qname="SplitControl"/>
      </instance>
      <interface-functions>
        <function-ref name="startDone" ref="0x2b6107136670" scoped=""/>
        <function-ref name="stopDone" ref="0x2b6107136800" scoped=""/>
        <function-ref name="start" ref="0x2b6107136990" scoped=""/>
        <function-ref name="stop" ref="0x2b6107136b20" scoped=""/>
      </interface-functions>
    </interface><interface loc="55:/opt/tinyos-release-tinyos-2_1_2//tos/lib/serial/SerialDispatcherC.nc" name="SerialPacketInfo" provided="0" ref="0x2b6107132020">
      <component-ref nicename="SerialDispatcherC" qname="SerialDispatcherC"/>
      <type-interface alignment="I:2" size="I:2"><interface-ref name="SerialPacketInfo" ref="0x2b6107132020" scoped=""/></type-interface>
      <instance>
        <interfacedef-ref nicename="SerialPacketInfo" qname="SerialPacketInfo"/>
      </instance>
      <interface-parameters>
        <type-int alignment="I:1" cname="unsigned char" size="I:1" unsigned="">
          <typename><typedef-ref name="uart_id_t" ref="0x2b6105d478e0"/></typename>
        </type-int>
      </interface-parameters>
      <interface-functions>
        <function-ref name="upperLength" ref="0x2b61071323a0" scoped=""/>
        <function-ref name="offset" ref="0x2b6107132530" scoped=""/>
        <function-ref name="dataLinkLength" ref="0x2b61071326c0" scoped=""/>
      </interface-functions>
    </interface><interface loc="47:/opt/tinyos-release-tinyos-2_1_2//tos/lib/serial/SerialPacketInfoActiveMessageP.nc" name="Info" provided="1" ref="0x2b61074166d0">
      <component-ref nicename="SerialPacketInfoActiveMessageP" qname="SerialPacketInfoActiveMessageP"/>
      <type-interface alignment="I:2" size="I:2"><interface-ref name="Info" ref="0x2b61074166d0" scoped=""/></type-interface>
      <instance>
        <interfacedef-ref nicename="SerialPacketInfo" qname="SerialPacketInfo"/>
      </instance>
      <interface-functions>
        <function-ref name="upperLength" ref="0x2b6107416a50" scoped=""/>
        <function-ref name="offset" ref="0x2b6107416be0" scoped=""/>
        <function-ref name="dataLinkLength" ref="0x2b6107416d70" scoped=""/>
      </interface-functions>
    </interface><interface loc="51:/opt/tinyos-release-tinyos-2_1_2//tos/lib/serial/SerialDispatcherC.nc" name="Receive" provided="1" ref="0x2b6107135320">
      <component-ref nicename="SerialDispatcherC" qname="SerialDispatcherC"/>
      <type-interface alignment="I:2" size="I:2"><interface-ref name="Receive" ref="0x2b6107135320" scoped=""/></type-interface>
      <instance>
        <interfacedef-ref nicename="Receive" qname="Receive"/>
      </instance>
      <interface-parameters>
        <type-int alignment="I:1" cname="unsigned char" size="I:1" unsigned="">
          <typename><typedef-ref name="uart_id_t" ref="0x2b6105d478e0"/></typename>
        </type-int>
      </interface-parameters>
      <interface-functions>
        <function-ref name="receive" ref="0x2b61071356a0" scoped=""/>
      </interface-functions>
    </interface><interface loc="58:/opt/tinyos-release-tinyos-2_1_2//tos/system/MainC.nc" name="SoftwareInit" provided="0" ref="0x2b6105d641b0">
      <component-ref nicename="MainC" qname="MainC"/>
      <type-interface alignment="I:2" size="I:2"><interface-ref name="SoftwareInit" ref="0x2b6105d641b0" scoped=""/></type-interface>
      <instance>
        <interfacedef-ref nicename="Init" qname="Init"/>
      </instance>
      <interface-functions>
        <function-ref name="init" ref="0x2b6105d64530" scoped=""/>
      </interface-functions>
    </interface><interface loc="52:/opt/tinyos-release-tinyos-2_1_2//tos/lib/serial/SerialDispatcherC.nc" name="Send" provided="1" ref="0x2b6107135e10">
      <component-ref nicename="SerialDispatcherC" qname="SerialDispatcherC"/>
      <type-interface alignment="I:2" size="I:2"><interface-ref name="Send" ref="0x2b6107135e10" scoped=""/></type-interface>
      <instance>
        <interfacedef-ref nicename="Send" qname="Send"/>
      </instance>
      <interface-parameters>
        <type-int alignment="I:1" cname="unsigned char" size="I:1" unsigned="">
          <typename><typedef-ref name="uart_id_t" ref="0x2b6105d478e0"/></typename>
        </type-int>
      </interface-parameters>
      <interface-functions>
        <function-ref name="send" ref="0x2b61071331c0" scoped=""/>
        <function-ref name="getPayload" ref="0x2b6107133350" scoped=""/>
        <function-ref name="maxPayloadLength" ref="0x2b61071334e0" scoped=""/>
        <function-ref name="cancel" ref="0x2b6107133670" scoped=""/>
        <function-ref name="sendDone" ref="0x2b6107133800" scoped=""/>
      </interface-functions>
    </interface><interface loc="56:/opt/tinyos-release-tinyos-2_1_2//tos/lib/serial/SerialDispatcherC.nc" name="Leds" provided="0" ref="0x2b6107132940">
      <component-ref nicename="SerialDispatcherC" qname="SerialDispatcherC"/>
      <type-interface alignment="I:2" size="I:2"><interface-ref name="Leds" ref="0x2b6107132940" scoped=""/></type-interface>
      <instance>
        <interfacedef-ref nicename="Leds" qname="Leds"/>
      </instance>
      <interface-functions>
        <function-ref name="led0Off" ref="0x2b6107132cc0" scoped=""/>
        <function-ref name="led0Toggle" ref="0x2b6107132e50" scoped=""/>
        <function-ref name="led1On" ref="0x2b610712d020" scoped=""/>
        <function-ref name="led1Toggle" ref="0x2b610712d1b0" scoped=""/>
        <function-ref name="led2Toggle" ref="0x2b610712d340" scoped=""/>
        <function-ref name="get" ref="0x2b610712d4d0" scoped=""/>
        <function-ref name="led1Off" ref="0x2b610712d660" scoped=""/>
        <function-ref name="led2Off" ref="0x2b610712dca0" scoped=""/>
        <function-ref name="set" ref="0x2b610712d7f0" scoped=""/>
        <function-ref name="led0On" ref="0x2b610712d980" scoped=""/>
        <function-ref name="led2On" ref="0x2b610712db10" scoped=""/>
      </interface-functions>
    </interface><component loc="56:/opt/tinyos-release-tinyos-2_1_2//tos/system/MainC.nc" nicename="MainC" qname="MainC">
      <documentation loc="45:/opt/tinyos-release-tinyos-2_1_2//tos/system/MainC.nc">
        <short>
 MainC is the system interface the TinyOS boot sequence.</short>
        <long>
 MainC is the system interface the TinyOS boot sequence. It wires the
 boot sequence implementation to the scheduler and hardware resources.

 @author Philip Levis
 @date   August 6 2005
 @see    TEP 107: Boot Sequence
</long>
      </documentation>
      <configuration/>
      <wiring>
        <wire loc="72:/opt/tinyos-release-tinyos-2_1_2//tos/system/MainC.nc">
          <from><interface-ref name="Boot" ref="0x2b6105d69c20" scoped=""/></from>
          <to><interface-ref name="Boot" ref="0x2b6105f1a590" scoped=""/></to>
        </wire>
        <wire loc="67:/opt/tinyos-release-tinyos-2_1_2//tos/system/MainC.nc">
          <from><interface-ref name="Scheduler" ref="0x2b6105f1ac00" scoped=""/></from>
          <to><interface-ref name="Scheduler" ref="0x2b61058673a0" scoped=""/></to>
        </wire>
        <wire loc="68:/opt/tinyos-release-tinyos-2_1_2//tos/system/MainC.nc">
          <from><interface-ref name="PlatformInit" ref="0x2b6105f336c0" scoped=""/></from>
          <to><interface-ref name="Init" ref="0x2b6105d63190" scoped=""/></to>
        </wire>
        <wire loc="71:/opt/tinyos-release-tinyos-2_1_2//tos/system/MainC.nc">
          <from><interface-ref name="SoftwareInit" ref="0x2b6105f33dc0" scoped=""/></from>
          <to><interface-ref name="SoftwareInit" ref="0x2b6105d641b0" scoped=""/></to>
        </wire>
      </wiring>
    </component><component loc="45(SerialActiveMessageC.AM):/opt/tinyos-release-tinyos-2_1_2//tos/lib/serial/SerialActiveMessageP.nc" nicename="SerialActiveMessageC.AM" qname="SerialActiveMessageC.AM">
      <documentation loc="71:/opt/tinyos-release-tinyos-2_1_2//tos/lib/serial/Serial.h">
        <short>
 </short>
        <long>
 @author Phil Buonadonna
 @author Lewis Girod
 @author Ben Greenstein
 @author Philip Levis
 @date   August 7 2005
</long>
      </documentation>
      <instance number="0">
        <component-ref nicename="SerialActiveMessageP" qname="SerialActiveMessageP"/>
      </instance>
      <module/>
    </component><component loc="46:/opt/tinyos-release-tinyos-2_1_2//tos/lib/serial/SerialPacketInfoActiveMessageP.nc" nicename="SerialPacketInfoActiveMessageP" qname="SerialPacketInfoActiveMessageP">
      <documentation loc="71:/opt/tinyos-release-tinyos-2_1_2//tos/lib/serial/Serial.h">
        <short>
 </short>
        <long>
 @author Phil Buonadonna
 @author Lewis Girod
 @author Ben Greenstein
 @author Philip Levis
 @date   August 7 2005
</long>
      </documentation>
      <module/>
    </component><component loc="47:/opt/tinyos-release-tinyos-2_1_2//tos/lib/serial/SerialDispatcherC.nc" nicename="SerialDispatcherC" qname="SerialDispatcherC">
      <documentation loc="35:/opt/tinyos-release-tinyos-2_1_2//tos/lib/serial/SerialDispatcherC.nc">
        <short>
 This component provides functionality to send many different kinds
 of serial packets on top of a general packet sending component.</short>
        <long>
 This component provides functionality to send many different kinds
 of serial packets on top of a general packet sending component. It
 achieves this by knowing where the different packets in a message_t
 exist through the SerialPacketInfo interface.

 @author Philip Levis
 @author Ben Greenstein
 @date August 7 2005

</long>
      </documentation>
      <configuration/>
      <wiring>
        <wire loc="67:/opt/tinyos-release-tinyos-2_1_2//tos/lib/serial/SerialDispatcherC.nc">
          <from><interface-ref name="SplitControl" ref="0x2b61071362f0" scoped=""/></from>
          <to><interface-ref name="SplitControl" ref="0x2b610712ce10" scoped=""/></to>
        </wire>
        <wire loc="64:/opt/tinyos-release-tinyos-2_1_2//tos/lib/serial/SerialDispatcherC.nc">
          <from><interface-ref name="Send" ref="0x2b6107135e10" scoped=""/></from>
          <to><interface-ref name="Send" ref="0x2b6107231de0" scoped=""/></to>
        </wire>
        <wire loc="69:/opt/tinyos-release-tinyos-2_1_2//tos/lib/serial/SerialDispatcherC.nc">
          <from><interface-ref name="Init" ref="0x2b6107139bd0" scoped=""/></from>
          <to><interface-ref name="Init" ref="0x2b610712c7c0" scoped=""/></to>
        </wire>
        <wire loc="65:/opt/tinyos-release-tinyos-2_1_2//tos/lib/serial/SerialDispatcherC.nc">
          <from><interface-ref name="Receive" ref="0x2b6107135320" scoped=""/></from>
          <to><interface-ref name="Receive" ref="0x2b61072316c0" scoped=""/></to>
        </wire>
        <wire loc="66:/opt/tinyos-release-tinyos-2_1_2//tos/lib/serial/SerialDispatcherC.nc">
          <from><interface-ref name="PacketInfo" ref="0x2b6107230c20" scoped=""/></from>
          <to><interface-ref name="SerialPacketInfo" ref="0x2b6107132020" scoped=""/></to>
        </wire>
        <wire loc="70:/opt/tinyos-release-tinyos-2_1_2//tos/lib/serial/SerialDispatcherC.nc">
          <from><interface-ref name="Leds" ref="0x2b6107127750" scoped=""/></from>
          <to><interface-ref name="Leds" ref="0x2b6107132940" scoped=""/></to>
        </wire>
        <wire loc="71:/opt/tinyos-release-tinyos-2_1_2//tos/lib/serial/SerialDispatcherC.nc">
          <from><interface-ref name="Leds" ref="0x2b610722e920" scoped=""/></from>
          <to><interface-ref name="Leds" ref="0x2b6107132940" scoped=""/></to>
        </wire>
        <wire loc="72:/opt/tinyos-release-tinyos-2_1_2//tos/lib/serial/SerialDispatcherC.nc">
          <from><interface-ref name="Leds" ref="0x2b6107297cc0" scoped=""/></from>
          <to><interface-ref name="Leds" ref="0x2b6107132940" scoped=""/></to>
        </wire>
        <wire loc="74:/opt/tinyos-release-tinyos-2_1_2//tos/lib/serial/SerialDispatcherC.nc">
          <from><interface-ref name="ReceiveBytePacket" ref="0x2b610722f590" scoped=""/></from>
          <to><interface-ref name="ReceiveBytePacket" ref="0x2b610711f340" scoped=""/></to>
        </wire>
        <wire loc="75:/opt/tinyos-release-tinyos-2_1_2//tos/lib/serial/SerialDispatcherC.nc">
          <from><interface-ref name="SendBytePacket" ref="0x2b610722fe80" scoped=""/></from>
          <to><interface-ref name="SendBytePacket" ref="0x2b6107124e50" scoped=""/></to>
        </wire>
        <wire loc="77:/opt/tinyos-release-tinyos-2_1_2//tos/lib/serial/SerialDispatcherC.nc">
          <from><interface-ref name="SerialFrameComm" ref="0x2b6107119680" scoped=""/></from>
          <to><interface-ref name="SerialFrameComm" ref="0x2b610722ae20" scoped=""/></to>
        </wire>
        <wire loc="78:/opt/tinyos-release-tinyos-2_1_2//tos/lib/serial/SerialDispatcherC.nc">
          <from><interface-ref name="SerialControl" ref="0x2b6107118020" scoped=""/></from>
          <to><interface-ref name="StdControl" ref="0x2b61072710c0" scoped=""/></to>
        </wire>
        <wire loc="80:/opt/tinyos-release-tinyos-2_1_2//tos/lib/serial/SerialDispatcherC.nc">
          <from><interface-ref name="UartStream" ref="0x2b610728fd20" scoped=""/></from>
          <to><interface-ref name="UartStream" ref="0x2b61072718d0" scoped=""/></to>
        </wire>
      </wiring>
    </component></referenced></component>