<?xml version="1.0" ?><component loc="64:/opt/tinyos-release-tinyos-2_1_2//tos/system/StateImplP.nc" nicename="StateImplP" qname="StateImplP" safe="">
      <documentation loc="32:/opt/tinyos-release-tinyos-2_1_2//tos/types/State.h">
        <short>
 </short>
        <long>
 @author David Moss
</long>
      </documentation>
      <module/>
    <specification><interface loc="66:/opt/tinyos-release-tinyos-2_1_2//tos/system/StateImplP.nc" name="Init" provided="1" ref="0x2b61067e8020">
      <component-ref nicename="StateImplP" qname="StateImplP"/>
      <type-interface alignment="I:2" size="I:2"><interface-ref name="Init" ref="0x2b61067e8020" scoped=""/></type-interface>
      <instance>
        <interfacedef-ref nicename="Init" qname="Init"/>
      </instance>
      <interface-functions>
        <function-ref name="init" ref="0x2b61067e83a0" scoped=""/>
      </interface-functions>
    </interface><interface loc="67:/opt/tinyos-release-tinyos-2_1_2//tos/system/StateImplP.nc" name="State" provided="1" ref="0x2b61067e8b70">
      <component-ref nicename="StateImplP" qname="StateImplP"/>
      <type-interface alignment="I:2" size="I:2"><interface-ref name="State" ref="0x2b61067e8b70" scoped=""/></type-interface>
      <instance>
        <interfacedef-ref nicename="State" qname="State"/>
      </instance>
      <interface-parameters>
        <type-int alignment="I:1" cname="unsigned char" size="I:1" unsigned="">
          <typename><typedef-ref name="uint8_t" ref="0x2b6104f08160"/></typename>
        </type-int>
      </interface-parameters>
      <interface-functions>
        <function-ref name="getState" ref="0x2b61067e7020" scoped=""/>
        <function-ref name="toIdle" ref="0x2b61067e71b0" scoped=""/>
        <function-ref name="isState" ref="0x2b61067e7340" scoped=""/>
        <function-ref name="isIdle" ref="0x2b61067e74d0" scoped=""/>
        <function-ref name="requestState" ref="0x2b61067e7660" scoped=""/>
        <function-ref name="forceState" ref="0x2b61067e77f0" scoped=""/>
      </interface-functions>
    </interface></specification><referenced/></component>