<?xml version="1.0" ?><component loc="64:/opt/tinyos-release-tinyos-2_1_2//tos/system/StateImplC.nc" nicename="StateImplC" qname="StateImplC">
      <documentation loc="32:/opt/tinyos-release-tinyos-2_1_2//tos/types/State.h">
        <short>
 </short>
        <long>
 @author David Moss
</long>
      </documentation>
      <configuration/>
      <wiring>
        <wire loc="75:/opt/tinyos-release-tinyos-2_1_2//tos/system/StateImplC.nc">
          <from><interface-ref name="State" ref="0x2b61067ed280" scoped=""/></from>
          <to><interface-ref name="State" ref="0x2b61067e8b70" scoped=""/></to>
        </wire>
        <wire loc="74:/opt/tinyos-release-tinyos-2_1_2//tos/system/StateImplC.nc">
          <from><interface-ref name="SoftwareInit" ref="0x2b6105d641b0" scoped=""/></from>
          <to><interface-ref name="Init" ref="0x2b61067e8020" scoped=""/></to>
        </wire>
      </wiring>
    <specification><interface loc="66:/opt/tinyos-release-tinyos-2_1_2//tos/system/StateImplC.nc" name="State" provided="1" ref="0x2b61067ed280">
      <component-ref nicename="StateImplC" qname="StateImplC"/>
      <type-interface alignment="I:2" size="I:2"><interface-ref name="State" ref="0x2b61067ed280" scoped=""/></type-interface>
      <instance>
        <interfacedef-ref nicename="State" qname="State"/>
      </instance>
      <interface-parameters>
        <type-int alignment="I:1" cname="unsigned char" size="I:1" unsigned="">
          <typename><typedef-ref name="uint8_t" ref="0x2b6104f08160"/></typename>
        </type-int>
      </interface-parameters>
      <interface-functions>
        <function-ref name="getState" ref="0x2b61067ed600" scoped=""/>
        <function-ref name="toIdle" ref="0x2b61067ed790" scoped=""/>
        <function-ref name="isState" ref="0x2b61067ed920" scoped=""/>
        <function-ref name="isIdle" ref="0x2b61067edab0" scoped=""/>
        <function-ref name="requestState" ref="0x2b61067edc40" scoped=""/>
        <function-ref name="forceState" ref="0x2b61067eddd0" scoped=""/>
      </interface-functions>
    </interface></specification><referenced><interface loc="58:/opt/tinyos-release-tinyos-2_1_2//tos/system/MainC.nc" name="SoftwareInit" provided="0" ref="0x2b6105d641b0">
      <component-ref nicename="MainC" qname="MainC"/>
      <type-interface alignment="I:2" size="I:2"><interface-ref name="SoftwareInit" ref="0x2b6105d641b0" scoped=""/></type-interface>
      <instance>
        <interfacedef-ref nicename="Init" qname="Init"/>
      </instance>
      <interface-functions>
        <function-ref name="init" ref="0x2b6105d64530" scoped=""/>
      </interface-functions>
    </interface><interface loc="67:/opt/tinyos-release-tinyos-2_1_2//tos/system/StateImplP.nc" name="State" provided="1" ref="0x2b61067e8b70">
      <component-ref nicename="StateImplP" qname="StateImplP"/>
      <type-interface alignment="I:2" size="I:2"><interface-ref name="State" ref="0x2b61067e8b70" scoped=""/></type-interface>
      <instance>
        <interfacedef-ref nicename="State" qname="State"/>
      </instance>
      <interface-parameters>
        <type-int alignment="I:1" cname="unsigned char" size="I:1" unsigned="">
          <typename><typedef-ref name="uint8_t" ref="0x2b6104f08160"/></typename>
        </type-int>
      </interface-parameters>
      <interface-functions>
        <function-ref name="getState" ref="0x2b61067e7020" scoped=""/>
        <function-ref name="toIdle" ref="0x2b61067e71b0" scoped=""/>
        <function-ref name="isState" ref="0x2b61067e7340" scoped=""/>
        <function-ref name="isIdle" ref="0x2b61067e74d0" scoped=""/>
        <function-ref name="requestState" ref="0x2b61067e7660" scoped=""/>
        <function-ref name="forceState" ref="0x2b61067e77f0" scoped=""/>
      </interface-functions>
    </interface><interface loc="66:/opt/tinyos-release-tinyos-2_1_2//tos/system/StateImplP.nc" name="Init" provided="1" ref="0x2b61067e8020">
      <component-ref nicename="StateImplP" qname="StateImplP"/>
      <type-interface alignment="I:2" size="I:2"><interface-ref name="Init" ref="0x2b61067e8020" scoped=""/></type-interface>
      <instance>
        <interfacedef-ref nicename="Init" qname="Init"/>
      </instance>
      <interface-functions>
        <function-ref name="init" ref="0x2b61067e83a0" scoped=""/>
      </interface-functions>
    </interface><component loc="56:/opt/tinyos-release-tinyos-2_1_2//tos/system/MainC.nc" nicename="MainC" qname="MainC">
      <documentation loc="45:/opt/tinyos-release-tinyos-2_1_2//tos/system/MainC.nc">
        <short>
 MainC is the system interface the TinyOS boot sequence.</short>
        <long>
 MainC is the system interface the TinyOS boot sequence. It wires the
 boot sequence implementation to the scheduler and hardware resources.

 @author Philip Levis
 @date   August 6 2005
 @see    TEP 107: Boot Sequence
</long>
      </documentation>
      <configuration/>
      <wiring>
        <wire loc="72:/opt/tinyos-release-tinyos-2_1_2//tos/system/MainC.nc">
          <from><interface-ref name="Boot" ref="0x2b6105d69c20" scoped=""/></from>
          <to><interface-ref name="Boot" ref="0x2b6105f1a590" scoped=""/></to>
        </wire>
        <wire loc="67:/opt/tinyos-release-tinyos-2_1_2//tos/system/MainC.nc">
          <from><interface-ref name="Scheduler" ref="0x2b6105f1ac00" scoped=""/></from>
          <to><interface-ref name="Scheduler" ref="0x2b61058673a0" scoped=""/></to>
        </wire>
        <wire loc="68:/opt/tinyos-release-tinyos-2_1_2//tos/system/MainC.nc">
          <from><interface-ref name="PlatformInit" ref="0x2b6105f336c0" scoped=""/></from>
          <to><interface-ref name="Init" ref="0x2b6105d63190" scoped=""/></to>
        </wire>
        <wire loc="71:/opt/tinyos-release-tinyos-2_1_2//tos/system/MainC.nc">
          <from><interface-ref name="SoftwareInit" ref="0x2b6105f33dc0" scoped=""/></from>
          <to><interface-ref name="SoftwareInit" ref="0x2b6105d641b0" scoped=""/></to>
        </wire>
      </wiring>
    </component><component loc="64:/opt/tinyos-release-tinyos-2_1_2//tos/system/StateImplP.nc" nicename="StateImplP" qname="StateImplP" safe="">
      <documentation loc="32:/opt/tinyos-release-tinyos-2_1_2//tos/types/State.h">
        <short>
 </short>
        <long>
 @author David Moss
</long>
      </documentation>
      <module/>
    </component></referenced></component>