<?xml version="1.0" ?><component abstract="" loc="44:/opt/tinyos-release-tinyos-2_1_2//tos/system/TimerMilliC.nc" nicename="TimerMilliC" qname="TimerMilliC">
      <documentation loc="33:/opt/tinyos-release-tinyos-2_1_2//tos/system/TimerMilliC.nc">
        <short>
 The virtualized millisecond timer abstraction.</short>
        <long>
 The virtualized millisecond timer abstraction. Instantiating this 
 component gives an independent millisecond granularity timer.

 @author Philip Levis
 @date   January 16 2006
 @see    TEP 102: Timers
</long>
      </documentation>
      <parameters>
      </parameters>
      <configuration/>
      <wiring>
        <wire loc="52:/opt/tinyos-release-tinyos-2_1_2//tos/system/TimerMilliC.nc">
          <from><interface-ref name="Timer" ref="0x2b6106205020" scoped=""/></from>
          <to><interface-ref name="TimerMilli" ref="0x2b61061fc610" scoped=""/>
          <arguments>
            <value cst="U:">
              <type-int alignment="I:2" cname="unsigned int" size="I:2" unsigned=""/>
            </value>
          </arguments>
          </to>
        </wire>
      </wiring>
    <specification><interface loc="45:/opt/tinyos-release-tinyos-2_1_2//tos/system/TimerMilliC.nc" name="Timer" provided="1" ref="0x2b6106205020">
      <component-ref nicename="TimerMilliC" qname="TimerMilliC"/>
      <type-interface alignment="I:2" size="I:2"><interface-ref name="Timer" ref="0x2b6106205020" scoped=""/></type-interface>
      <instance>
        <interfacedef-ref nicename="Timer" qname="Timer"/>
        <arguments>
          <type-tag alignment="I:2" size="I:2"><struct-ref ref="0x2b6105f515c0"/>
            <typename><typedef-ref name="TMilli" ref="0x2b6105f51930"/></typename>
          </type-tag>
        </arguments>
      </instance>
      <interface-functions>
        <function-ref name="getNow" ref="0x2b6106201630" scoped=""/>
        <function-ref name="fired" ref="0x2b6106203a60" scoped=""/>
        <function-ref name="startPeriodicAt" ref="0x2b6106202920" scoped=""/>
        <function-ref name="isOneShot" ref="0x2b61062024a0" scoped=""/>
        <function-ref name="getdt" ref="0x2b6106200020" scoped=""/>
        <function-ref name="gett0" ref="0x2b6106201ab0" scoped=""/>
        <function-ref name="isRunning" ref="0x2b6106202020" scoped=""/>
        <function-ref name="startPeriodic" ref="0x2b6106205c10" scoped=""/>
        <function-ref name="startOneShotAt" ref="0x2b6106201020" scoped=""/>
        <function-ref name="startOneShot" ref="0x2b6106203110" scoped=""/>
        <function-ref name="stop" ref="0x2b61062035e0" scoped=""/>
      </interface-functions>
    </interface></specification><referenced><interface loc="49:/opt/tinyos-release-tinyos-2_1_2//tos/system/TimerMilliP.nc" name="TimerMilli" provided="1" ref="0x2b61061fc610">
      <component-ref nicename="TimerMilliP" qname="TimerMilliP"/>
      <type-interface alignment="I:2" size="I:2"><interface-ref name="TimerMilli" ref="0x2b61061fc610" scoped=""/></type-interface>
      <instance>
        <interfacedef-ref nicename="Timer" qname="Timer"/>
        <arguments>
          <type-tag alignment="I:2" size="I:2"><struct-ref ref="0x2b6105f515c0"/>
            <typename><typedef-ref name="TMilli" ref="0x2b6105f51930"/></typename>
          </type-tag>
        </arguments>
      </instance>
      <interface-parameters>
        <type-int alignment="I:1" cname="unsigned char" size="I:1" unsigned="">
          <typename><typedef-ref name="uint8_t" ref="0x2b6104f08160"/></typename>
        </type-int>
      </interface-parameters>
      <interface-functions>
        <function-ref name="getNow" ref="0x2b61061f9c40" scoped=""/>
        <function-ref name="fired" ref="0x2b61061fa1e0" scoped=""/>
        <function-ref name="startPeriodicAt" ref="0x2b61061f9020" scoped=""/>
        <function-ref name="isOneShot" ref="0x2b61061faae0" scoped=""/>
        <function-ref name="getdt" ref="0x2b61061f8590" scoped=""/>
        <function-ref name="gett0" ref="0x2b61061f8110" scoped=""/>
        <function-ref name="isRunning" ref="0x2b61061fa660" scoped=""/>
        <function-ref name="startPeriodic" ref="0x2b61061fb390" scoped=""/>
        <function-ref name="startOneShotAt" ref="0x2b61061f9630" scoped=""/>
        <function-ref name="startOneShot" ref="0x2b61061fb860" scoped=""/>
        <function-ref name="stop" ref="0x2b61061fbd30" scoped=""/>
      </interface-functions>
    </interface><component loc="48:/opt/tinyos-release-tinyos-2_1_2//tos/system/TimerMilliP.nc" nicename="TimerMilliP" qname="TimerMilliP">
      <documentation loc="34:/opt/tinyos-release-tinyos-2_1_2//tos/system/TimerMilliP.nc">
        <short>
 Components should never wire to this component.</short>
        <long>
 Components should never wire to this component. This is the
 underlying configuration of virtualized millisecond timers. 
 It auto-wires wires the timer
 implementation (TimerC) to the boot sequence and exports the
 various Timer interfaces.

 @author Philip Levis
 @author Cory Sharp
 @date   May 16 2005
</long>
      </documentation>
      <configuration/>
      <wiring>
        <wire loc="54:/opt/tinyos-release-tinyos-2_1_2//tos/system/TimerMilliP.nc">
          <from><interface-ref name="TimerMilli" ref="0x2b61061fc610" scoped=""/></from>
          <to><interface-ref name="TimerMilli" ref="0x2b6106224670" scoped=""/></to>
        </wire>
        <wire loc="53:/opt/tinyos-release-tinyos-2_1_2//tos/system/TimerMilliP.nc">
          <from><interface-ref name="SoftwareInit" ref="0x2b6105d641b0" scoped=""/></from>
          <to><interface-ref name="Init" ref="0x2b6106228850" scoped=""/></to>
        </wire>
      </wiring>
    </component></referenced></component>