<?xml version="1.0" ?><component loc="46:/opt/tinyos-release-tinyos-2_1_2//tos/system/TinySchedulerC.nc" nicename="TinySchedulerC" qname="TinySchedulerC">
      <documentation loc="34:/opt/tinyos-release-tinyos-2_1_2//tos/system/TinySchedulerC.nc">
        <short>
 The TinyOS scheduler.</short>
        <long>
 The TinyOS scheduler. It provides two interfaces: Scheduler,
 for TinyOS to initialize and run tasks, and TaskBasic, the simplext
 class of TinyOS tasks (reserved always at-most-once posting,
 FIFO, parameter-free). For details and information on how to
 replace the scheduler, refer to TEP 106.

 @author  Phil Levis
 @date    August 7 2005
 @see     TEP 106: Tasks and Schedulers
</long>
      </documentation>
      <configuration/>
      <wiring>
        <wire loc="54:/opt/tinyos-release-tinyos-2_1_2//tos/system/TinySchedulerC.nc">
          <from><interface-ref name="TaskBasic" ref="0x2b61057fd1d0" scoped=""/></from>
          <to><interface-ref name="TaskBasic" ref="0x2b6105cb4040" scoped=""/></to>
        </wire>
        <wire loc="53:/opt/tinyos-release-tinyos-2_1_2//tos/system/TinySchedulerC.nc">
          <from><interface-ref name="Scheduler" ref="0x2b61058673a0" scoped=""/></from>
          <to><interface-ref name="Scheduler" ref="0x2b6105cb6140" scoped=""/></to>
        </wire>
        <wire loc="55:/opt/tinyos-release-tinyos-2_1_2//tos/system/TinySchedulerC.nc">
          <from><interface-ref name="McuSleep" ref="0x2b6105ccd5d0" scoped=""/></from>
          <to><interface-ref name="McuSleep" ref="0x2b61058d52d0" scoped=""/></to>
        </wire>
      </wiring>
    <specification><interface loc="48:/opt/tinyos-release-tinyos-2_1_2//tos/system/TinySchedulerC.nc" name="TaskBasic" provided="1" ref="0x2b61057fd1d0">
      <component-ref nicename="TinySchedulerC" qname="TinySchedulerC"/>
      <type-interface alignment="I:2" size="I:2"><interface-ref name="TaskBasic" ref="0x2b61057fd1d0" scoped=""/></type-interface>
      <instance>
        <interfacedef-ref nicename="TaskBasic" qname="TaskBasic"/>
      </instance>
      <interface-parameters>
        <type-int alignment="I:1" cname="unsigned char" size="I:1" unsigned="">
          <typename><typedef-ref name="uint8_t" ref="0x2b6104f08160"/></typename>
        </type-int>
      </interface-parameters>
      <interface-functions>
        <function-ref name="postTask" ref="0x2b61057fd550" scoped=""/>
        <function-ref name="runTask" ref="0x2b61057fd6e0" scoped=""/>
      </interface-functions>
    </interface><interface loc="47:/opt/tinyos-release-tinyos-2_1_2//tos/system/TinySchedulerC.nc" name="Scheduler" provided="1" ref="0x2b61058673a0">
      <component-ref nicename="TinySchedulerC" qname="TinySchedulerC"/>
      <type-interface alignment="I:2" size="I:2"><interface-ref name="Scheduler" ref="0x2b61058673a0" scoped=""/></type-interface>
      <instance>
        <interfacedef-ref nicename="Scheduler" qname="Scheduler"/>
      </instance>
      <interface-functions>
        <function-ref name="init" ref="0x2b6105867720" scoped=""/>
        <function-ref name="taskLoop" ref="0x2b61058678b0" scoped=""/>
        <function-ref name="runNextTask" ref="0x2b6105867a40" scoped=""/>
      </interface-functions>
    </interface></specification><referenced><interface loc="55:/opt/tinyos-release-tinyos-2_1_2//tos/system/SchedulerBasicP.nc" name="Scheduler" provided="1" ref="0x2b6105cb6140">
      <component-ref nicename="SchedulerBasicP" qname="SchedulerBasicP"/>
      <type-interface alignment="I:2" size="I:2"><interface-ref name="Scheduler" ref="0x2b6105cb6140" scoped=""/></type-interface>
      <instance>
        <interfacedef-ref nicename="Scheduler" qname="Scheduler"/>
      </instance>
      <interface-functions>
        <function-ref name="init" ref="0x2b6105cb64c0" scoped=""/>
        <function-ref name="taskLoop" ref="0x2b6105cb6650" scoped=""/>
        <function-ref name="runNextTask" ref="0x2b6105cb67e0" scoped=""/>
      </interface-functions>
    </interface><interface loc="56:/opt/tinyos-release-tinyos-2_1_2//tos/system/SchedulerBasicP.nc" name="TaskBasic" provided="1" ref="0x2b6105cb4040">
      <component-ref nicename="SchedulerBasicP" qname="SchedulerBasicP"/>
      <type-interface alignment="I:2" size="I:2"><interface-ref name="TaskBasic" ref="0x2b6105cb4040" scoped=""/></type-interface>
      <instance>
        <interfacedef-ref nicename="TaskBasic" qname="TaskBasic"/>
      </instance>
      <interface-parameters>
        <type-int alignment="I:1" cname="unsigned char" size="I:1" unsigned="">
          <typename><typedef-ref name="uint8_t" ref="0x2b6104f08160"/></typename>
        </type-int>
      </interface-parameters>
      <interface-functions>
        <function-ref name="postTask" ref="0x2b6105cb43c0" scoped=""/>
        <function-ref name="runTask" ref="0x2b6105cb4550" scoped=""/>
      </interface-functions>
    </interface><interface loc="51:/opt/tinyos-release-tinyos-2_1_2//tos/chips/msp430/McuSleepC.nc" name="McuSleep" provided="1" ref="0x2b61058d52d0">
      <component-ref nicename="McuSleepC" qname="McuSleepC"/>
      <type-interface alignment="I:2" size="I:2"><interface-ref name="McuSleep" ref="0x2b61058d52d0" scoped=""/></type-interface>
      <instance>
        <interfacedef-ref nicename="McuSleep" qname="McuSleep"/>
      </instance>
      <interface-functions>
        <function-ref name="sleep" ref="0x2b61058d5650" scoped=""/>
      </interface-functions>
    </interface><interface loc="57:/opt/tinyos-release-tinyos-2_1_2//tos/system/SchedulerBasicP.nc" name="McuSleep" provided="0" ref="0x2b6105ccd5d0">
      <component-ref nicename="SchedulerBasicP" qname="SchedulerBasicP"/>
      <type-interface alignment="I:2" size="I:2"><interface-ref name="McuSleep" ref="0x2b6105ccd5d0" scoped=""/></type-interface>
      <instance>
        <interfacedef-ref nicename="McuSleep" qname="McuSleep"/>
      </instance>
      <interface-functions>
        <function-ref name="sleep" ref="0x2b6105ccd950" scoped=""/>
      </interface-functions>
    </interface><component loc="54:/opt/tinyos-release-tinyos-2_1_2//tos/system/SchedulerBasicP.nc" nicename="SchedulerBasicP" qname="SchedulerBasicP" safe="">
      <module/>
    </component><component loc="49:/opt/tinyos-release-tinyos-2_1_2//tos/chips/msp430/McuSleepC.nc" nicename="McuSleepC" qname="McuSleepC" safe="">
      <documentation loc="33:/opt/tinyos-release-tinyos-2_1_2//tos/chips/msp430/McuSleepC.nc">
        <short>
 Implementation of TEP 112 (Microcontroller Power Management) for
 the MSP430.</short>
        <long>
 Implementation of TEP 112 (Microcontroller Power Management) for
 the MSP430. Code for low power calculation copied from older
 msp430hardware.h by Vlado Handziski, Joe Polastre, and Cory Sharp.


 @author Philip Levis
 @author Vlado Handziski
 @author Joe Polastre
 @author Cory Sharp
 @date   October 26, 2005
 @see  Please refer to TEP 112 for more information about this component and its
          intended use.

</long>
      </documentation>
      <module/>
    </component></referenced></component>