<?xml version="1.0" ?><component abstract="" loc="44:/opt/tinyos-release-tinyos-2_1_2//tos/lib/net/TinySDN/TinySdnForwardingEngineP.nc" nicename="TinySdnForwardingEngineP" qname="TinySdnForwardingEngineP">
      <parameters>
      </parameters>
      <module/>
    <specification><interface loc="81:/opt/tinyos-release-tinyos-2_1_2//tos/lib/net/TinySDN/TinySdnForwardingEngineP.nc" name="SubReceive" provided="0" ref="0x2b6107549b10">
      <component-ref nicename="TinySdnForwardingEngineP" qname="TinySdnForwardingEngineP"/>
      <type-interface alignment="I:2" size="I:2"><interface-ref name="SubReceive" ref="0x2b6107549b10" scoped=""/></type-interface>
      <instance>
        <interfacedef-ref nicename="Receive" qname="Receive"/>
      </instance>
      <interface-functions>
        <function-ref name="receive" ref="0x2b6107545020" scoped=""/>
      </interface-functions>
    </interface><interface loc="93:/opt/tinyos-release-tinyos-2_1_2//tos/lib/net/TinySDN/TinySdnForwardingEngineP.nc" name="TinySDNSocketDebug" provided="0" ref="0x2b6107541d70">
      <component-ref nicename="TinySdnForwardingEngineP" qname="TinySdnForwardingEngineP"/>
      <type-interface alignment="I:2" size="I:2"><interface-ref name="TinySDNSocketDebug" ref="0x2b6107541d70" scoped=""/></type-interface>
      <instance>
        <interfacedef-ref nicename="TinySDNSocketDebug" qname="TinySDNSocketDebug"/>
      </instance>
      <interface-functions>
        <function-ref name="logEvent" ref="0x2b6107540180" scoped=""/>
        <function-ref name="logEventMsg" ref="0x2b6107540310" scoped=""/>
        <function-ref name="logEventSimple" ref="0x2b61075404a0" scoped=""/>
        <function-ref name="logEventRoute" ref="0x2b6107540630" scoped=""/>
        <function-ref name="logEventDbg" ref="0x2b61075407c0" scoped=""/>
      </interface-functions>
    </interface><interface loc="64:/opt/tinyos-release-tinyos-2_1_2//tos/lib/net/TinySDN/TinySdnForwardingEngineP.nc" name="SubSend" provided="0" ref="0x2b6107563a40">
      <component-ref nicename="TinySdnForwardingEngineP" qname="TinySdnForwardingEngineP"/>
      <type-interface alignment="I:2" size="I:2"><interface-ref name="SubSend" ref="0x2b6107563a40" scoped=""/></type-interface>
      <instance>
        <interfacedef-ref nicename="AMSend" qname="AMSend"/>
      </instance>
      <interface-functions>
        <function-ref name="send" ref="0x2b6107563dc0" scoped=""/>
        <function-ref name="getPayload" ref="0x2b610756a020" scoped=""/>
        <function-ref name="maxPayloadLength" ref="0x2b610756a1b0" scoped=""/>
        <function-ref name="cancel" ref="0x2b610756a340" scoped=""/>
        <function-ref name="sendDone" ref="0x2b610756a4d0" scoped=""/>
      </interface-functions>
    </interface><interface loc="107:/opt/tinyos-release-tinyos-2_1_2//tos/lib/net/TinySDN/TinySdnForwardingEngineP.nc" name="LinkEstimator" provided="0" ref="0x2b61075b1de0">
      <component-ref nicename="TinySdnForwardingEngineP" qname="TinySdnForwardingEngineP"/>
      <type-interface alignment="I:2" size="I:2"><interface-ref name="LinkEstimator" ref="0x2b61075b1de0" scoped=""/></type-interface>
      <instance>
        <interfacedef-ref nicename="LinkEstimator" qname="LinkEstimator"/>
      </instance>
      <interface-functions>
        <function-ref name="txAck" ref="0x2b6107539180" scoped=""/>
        <function-ref name="pinNeighbor" ref="0x2b6107539310" scoped=""/>
        <function-ref name="txNoAck" ref="0x2b61075394a0" scoped=""/>
        <function-ref name="insertNeighbor" ref="0x2b6107539630" scoped=""/>
        <function-ref name="evicted" ref="0x2b61075397c0" scoped=""/>
        <function-ref name="clearDLQ" ref="0x2b6107539950" scoped=""/>
        <function-ref name="unpinNeighbor" ref="0x2b6107539ae0" scoped=""/>
        <function-ref name="getNeighborTable" ref="0x2b6107539c70" scoped=""/>
        <function-ref name="getLinkQuality" ref="0x2b6107539e00" scoped=""/>
      </interface-functions>
    </interface><interface loc="76:/opt/tinyos-release-tinyos-2_1_2//tos/lib/net/TinySDN/TinySdnForwardingEngineP.nc" name="SentCache" provided="0" ref="0x2b610754a020">
      <component-ref nicename="TinySdnForwardingEngineP" qname="TinySdnForwardingEngineP"/>
      <type-interface alignment="I:2" size="I:2"><interface-ref name="SentCache" ref="0x2b610754a020" scoped=""/></type-interface>
      <instance>
        <interfacedef-ref nicename="Cache" qname="Cache"/>
        <arguments>
          <type-pointer alignment="I:2" size="I:2">
            <type-tag alignment="I:1" size="I:152"><nx_struct-ref name="message_t" ref="0x2b6105d580c0"/>
              <typename><typedef-ref name="message_t" ref="0x2b6105d576f0"/></typename>
            </type-tag>
          </type-pointer>
        </arguments>
      </instance>
      <interface-functions>
        <function-ref name="insert" ref="0x2b610754ac10" scoped=""/>
        <function-ref name="flush" ref="0x2b61075495e0" scoped=""/>
        <function-ref name="lookup" ref="0x2b6107549110" scoped=""/>
      </interface-functions>
    </interface><interface loc="114:/opt/tinyos-release-tinyos-2_1_2//tos/lib/net/TinySDN/TinySdnForwardingEngineP.nc" name="StdControlTopologyCollection" provided="0" ref="0x2b61075ae1e0">
      <component-ref nicename="TinySdnForwardingEngineP" qname="TinySdnForwardingEngineP"/>
      <type-interface alignment="I:2" size="I:2"><interface-ref name="StdControlTopologyCollection" ref="0x2b61075ae1e0" scoped=""/></type-interface>
      <instance>
        <interfacedef-ref nicename="StdControl" qname="StdControl"/>
      </instance>
      <interface-functions>
        <function-ref name="start" ref="0x2b61075ae560" scoped=""/>
        <function-ref name="stop" ref="0x2b61075ae6f0" scoped=""/>
      </interface-functions>
    </interface><interface loc="52:/opt/tinyos-release-tinyos-2_1_2//tos/lib/net/TinySDN/TinySdnForwardingEngineP.nc" name="Intercept" provided="1" ref="0x2b6107570db0">
      <component-ref nicename="TinySdnForwardingEngineP" qname="TinySdnForwardingEngineP"/>
      <type-interface alignment="I:2" size="I:2"><interface-ref name="Intercept" ref="0x2b6107570db0" scoped=""/></type-interface>
      <instance>
        <interfacedef-ref nicename="Intercept" qname="Intercept"/>
      </instance>
      <interface-parameters>
        <type-int alignment="I:1" cname="unsigned char" size="I:1" unsigned="">
          <typename><typedef-ref name="tinysdnsocket_id_t" ref="0x2b6105f59830"/></typename>
        </type-int>
      </interface-parameters>
      <interface-functions>
        <function-ref name="forward" ref="0x2b610756f180" scoped=""/>
      </interface-functions>
    </interface><interface loc="53:/opt/tinyos-release-tinyos-2_1_2//tos/lib/net/TinySDN/TinySdnForwardingEngineP.nc" name="Packet" provided="1" ref="0x2b610756f410">
      <component-ref nicename="TinySdnForwardingEngineP" qname="TinySdnForwardingEngineP"/>
      <type-interface alignment="I:2" size="I:2"><interface-ref name="Packet" ref="0x2b610756f410" scoped=""/></type-interface>
      <instance>
        <interfacedef-ref nicename="Packet" qname="Packet"/>
      </instance>
      <interface-functions>
        <function-ref name="clear" ref="0x2b610756f790" scoped=""/>
        <function-ref name="payloadLength" ref="0x2b610756f920" scoped=""/>
        <function-ref name="getPayload" ref="0x2b610756fab0" scoped=""/>
        <function-ref name="maxPayloadLength" ref="0x2b610756fc40" scoped=""/>
        <function-ref name="setPayloadLength" ref="0x2b610756fdd0" scoped=""/>
      </interface-functions>
    </interface><interface loc="54:/opt/tinyos-release-tinyos-2_1_2//tos/lib/net/TinySDN/TinySdnForwardingEngineP.nc" name="TinySDNSocketPacket" provided="1" ref="0x2b610756e180">
      <component-ref nicename="TinySdnForwardingEngineP" qname="TinySdnForwardingEngineP"/>
      <type-interface alignment="I:2" size="I:2"><interface-ref name="TinySDNSocketPacket" ref="0x2b610756e180" scoped=""/></type-interface>
      <instance>
        <interfacedef-ref nicename="TinySDNSocketPacket" qname="TinySDNSocketPacket"/>
      </instance>
      <interface-functions>
        <function-ref name="setSequenceNumber" ref="0x2b610756e500" scoped=""/>
        <function-ref name="setSocketID" ref="0x2b610756e690" scoped=""/>
        <function-ref name="setOrigin" ref="0x2b610756e820" scoped=""/>
        <function-ref name="getSocketID" ref="0x2b610756e9b0" scoped=""/>
        <function-ref name="getOrigin" ref="0x2b610756eb40" scoped=""/>
        <function-ref name="getSequenceNumber" ref="0x2b610756ecd0" scoped=""/>
      </interface-functions>
    </interface><interface loc="51:/opt/tinyos-release-tinyos-2_1_2//tos/lib/net/TinySDN/TinySdnForwardingEngineP.nc" name="Snoop" provided="1" ref="0x2b61075701d0">
      <component-ref nicename="TinySdnForwardingEngineP" qname="TinySdnForwardingEngineP"/>
      <type-interface alignment="I:2" size="I:2"><interface-ref name="Snoop" ref="0x2b61075701d0" scoped=""/></type-interface>
      <instance>
        <interfacedef-ref nicename="Receive" qname="Receive"/>
      </instance>
      <interface-parameters>
        <type-int alignment="I:1" cname="unsigned char" size="I:1" unsigned="">
          <typename><typedef-ref name="tinysdnsocket_id_t" ref="0x2b6105f59830"/></typename>
        </type-int>
      </interface-parameters>
      <interface-functions>
        <function-ref name="receive" ref="0x2b6107570550" scoped=""/>
      </interface-functions>
    </interface><interface loc="83:/opt/tinyos-release-tinyos-2_1_2//tos/lib/net/TinySDN/TinySdnForwardingEngineP.nc" name="TinySDNSocketId" provided="0" ref="0x2b6107544020">
      <component-ref nicename="TinySdnForwardingEngineP" qname="TinySdnForwardingEngineP"/>
      <type-interface alignment="I:2" size="I:2"><interface-ref name="TinySDNSocketId" ref="0x2b6107544020" scoped=""/></type-interface>
      <instance>
        <interfacedef-ref nicename="TinySDNSocketId" qname="TinySDNSocketId"/>
      </instance>
      <interface-parameters>
        <type-int alignment="I:1" cname="unsigned char" size="I:1" unsigned="">
          <typename><typedef-ref name="uint8_t" ref="0x2b6104f08160"/></typename>
        </type-int>
      </interface-parameters>
      <interface-functions>
        <function-ref name="fetch" ref="0x2b61075443a0" scoped=""/>
      </interface-functions>
    </interface><interface loc="86:/opt/tinyos-release-tinyos-2_1_2//tos/lib/net/TinySDN/TinySdnForwardingEngineP.nc" name="Random" provided="0" ref="0x2b61075412b0">
      <component-ref nicename="TinySdnForwardingEngineP" qname="TinySdnForwardingEngineP"/>
      <type-interface alignment="I:2" size="I:2"><interface-ref name="Random" ref="0x2b61075412b0" scoped=""/></type-interface>
      <instance>
        <interfacedef-ref nicename="Random" qname="Random"/>
      </instance>
      <interface-functions>
        <function-ref name="rand16" ref="0x2b6107541830" scoped=""/>
        <function-ref name="rand32" ref="0x2b61075419c0" scoped=""/>
      </interface-functions>
    </interface><interface loc="48:/opt/tinyos-release-tinyos-2_1_2//tos/lib/net/TinySDN/TinySdnForwardingEngineP.nc" name="Send" provided="1" ref="0x2b6107573210">
      <component-ref nicename="TinySdnForwardingEngineP" qname="TinySdnForwardingEngineP"/>
      <type-interface alignment="I:2" size="I:2"><interface-ref name="Send" ref="0x2b6107573210" scoped=""/></type-interface>
      <instance>
        <interfacedef-ref nicename="AMSend" qname="AMSend"/>
      </instance>
      <interface-parameters>
        <type-int alignment="I:1" cname="unsigned char" size="I:1" unsigned="">
          <typename><typedef-ref name="uint8_t" ref="0x2b6104f08160"/></typename>
        </type-int>
      </interface-parameters>
      <interface-functions>
        <function-ref name="send" ref="0x2b6107573590" scoped=""/>
        <function-ref name="getPayload" ref="0x2b6107573720" scoped=""/>
        <function-ref name="maxPayloadLength" ref="0x2b61075738b0" scoped=""/>
        <function-ref name="cancel" ref="0x2b6107573a40" scoped=""/>
        <function-ref name="sendDone" ref="0x2b6107573bd0" scoped=""/>
      </interface-functions>
    </interface><interface loc="65:/opt/tinyos-release-tinyos-2_1_2//tos/lib/net/TinySDN/TinySdnForwardingEngineP.nc" name="RetxmitTimer" provided="0" ref="0x2b610756a980">
      <component-ref nicename="TinySdnForwardingEngineP" qname="TinySdnForwardingEngineP"/>
      <type-interface alignment="I:2" size="I:2"><interface-ref name="RetxmitTimer" ref="0x2b610756a980" scoped=""/></type-interface>
      <instance>
        <interfacedef-ref nicename="Timer" qname="Timer"/>
        <arguments>
          <type-tag alignment="I:2" size="I:2"><struct-ref ref="0x2b6105f515c0"/>
            <typename><typedef-ref name="TMilli" ref="0x2b6105f51930"/></typename>
          </type-tag>
        </arguments>
      </instance>
      <interface-functions>
        <function-ref name="getNow" ref="0x2b610755f020" scoped=""/>
        <function-ref name="fired" ref="0x2b6107562510" scoped=""/>
        <function-ref name="startPeriodicAt" ref="0x2b6107560300" scoped=""/>
        <function-ref name="isOneShot" ref="0x2b6107562e10" scoped=""/>
        <function-ref name="getdt" ref="0x2b610755f920" scoped=""/>
        <function-ref name="gett0" ref="0x2b610755f4a0" scoped=""/>
        <function-ref name="isRunning" ref="0x2b6107562990" scoped=""/>
        <function-ref name="startPeriodic" ref="0x2b61075686b0" scoped=""/>
        <function-ref name="startOneShotAt" ref="0x2b6107560910" scoped=""/>
        <function-ref name="startOneShot" ref="0x2b6107568b80" scoped=""/>
        <function-ref name="stop" ref="0x2b6107562090" scoped=""/>
      </interface-functions>
    </interface><interface loc="55:/opt/tinyos-release-tinyos-2_1_2//tos/lib/net/TinySDN/TinySdnForwardingEngineP.nc" name="TinySdnPacket" provided="1" ref="0x2b610756d020">
      <component-ref nicename="TinySdnForwardingEngineP" qname="TinySdnForwardingEngineP"/>
      <type-interface alignment="I:2" size="I:2"><interface-ref name="TinySdnPacket" ref="0x2b610756d020" scoped=""/></type-interface>
      <instance>
        <interfacedef-ref nicename="TinySdnPacket" qname="TinySdnPacket"/>
      </instance>
      <interface-functions>
        <function-ref name="setSequenceNumber" ref="0x2b610756d3a0" scoped=""/>
        <function-ref name="option" ref="0x2b610756d530" scoped=""/>
        <function-ref name="getDestination" ref="0x2b610756d6c0" scoped=""/>
        <function-ref name="setSocketID" ref="0x2b610756d850" scoped=""/>
        <function-ref name="setOrigin" ref="0x2b610756d9e0" scoped=""/>
        <function-ref name="clearOption" ref="0x2b610756db70" scoped=""/>
        <function-ref name="getSocketID" ref="0x2b610756dd00" scoped=""/>
        <function-ref name="setType" ref="0x2b610756c020" scoped=""/>
        <function-ref name="getOrigin" ref="0x2b610756c1b0" scoped=""/>
        <function-ref name="setOption" ref="0x2b610756c340" scoped=""/>
        <function-ref name="setDestination" ref="0x2b610756c4d0" scoped=""/>
        <function-ref name="matchPacket" ref="0x2b610756c660" scoped=""/>
        <function-ref name="getThl" ref="0x2b610756c7f0" scoped=""/>
        <function-ref name="getSequenceNumber" ref="0x2b610756ca80" scoped=""/>
        <function-ref name="matchInstance" ref="0x2b610756cc10" scoped=""/>
        <function-ref name="getType" ref="0x2b610756cda0" scoped=""/>
        <function-ref name="setThl" ref="0x2b610756b020" scoped=""/>
      </interface-functions>
    </interface><interface loc="99:/opt/tinyos-release-tinyos-2_1_2//tos/lib/net/TinySDN/TinySdnForwardingEngineP.nc" name="RadioControl" provided="0" ref="0x2b6107540bb0">
      <component-ref nicename="TinySdnForwardingEngineP" qname="TinySdnForwardingEngineP"/>
      <type-interface alignment="I:2" size="I:2"><interface-ref name="RadioControl" ref="0x2b6107540bb0" scoped=""/></type-interface>
      <instance>
        <interfacedef-ref nicename="SplitControl" qname="SplitControl"/>
      </instance>
      <interface-functions>
        <function-ref name="startDone" ref="0x2b610753f020" scoped=""/>
        <function-ref name="stopDone" ref="0x2b610753f1b0" scoped=""/>
        <function-ref name="start" ref="0x2b610753f340" scoped=""/>
        <function-ref name="stop" ref="0x2b610753f4d0" scoped=""/>
      </interface-functions>
    </interface><interface loc="73:/opt/tinyos-release-tinyos-2_1_2//tos/lib/net/TinySDN/TinySdnForwardingEngineP.nc" name="SendQueue" provided="0" ref="0x2b610755dc20">
      <component-ref nicename="TinySdnForwardingEngineP" qname="TinySdnForwardingEngineP"/>
      <type-interface alignment="I:2" size="I:2"><interface-ref name="SendQueue" ref="0x2b610755dc20" scoped=""/></type-interface>
      <instance>
        <interfacedef-ref nicename="Queue" qname="Queue"/>
        <arguments>
          <type-pointer alignment="I:2" size="I:2">
            <type-tag alignment="I:2" size="I:4"><struct-ref ref="0x2b6107511710"/>
              <typename><typedef-ref name="fe_queue_entry_t" ref="0x2b6107511be0"/></typename>
            </type-tag>
          </type-pointer>
        </arguments>
      </instance>
      <interface-functions>
        <function-ref name="head" ref="0x2b610755a660" scoped=""/>
        <function-ref name="enqueue" ref="0x2b6107559410" scoped=""/>
        <function-ref name="element" ref="0x2b6107559a80" scoped=""/>
        <function-ref name="maxSize" ref="0x2b610755a1e0" scoped=""/>
        <function-ref name="dequeue" ref="0x2b610755ad10" scoped=""/>
        <function-ref name="empty" ref="0x2b610755c860" scoped=""/>
        <function-ref name="size" ref="0x2b610755cce0" scoped=""/>
      </interface-functions>
    </interface><interface loc="231:/opt/tinyos-release-tinyos-2_1_2//tos/lib/net/TinySDN/TinySdnForwardingEngineP.nc" name="sendTask" provided="0" ref="0x2b610758e700">
      <component-ref nicename="TinySdnForwardingEngineP" qname="TinySdnForwardingEngineP"/>
      <type-interface alignment="I:2" size="I:2"><interface-ref name="sendTask" ref="0x2b610758e700" scoped=""/></type-interface>
      <instance>
        <interfacedef-ref nicename="TaskBasic" qname="TaskBasic"/>
      </instance>
      <interface-functions>
        <function-ref name="postTask" ref="0x2b610758ea80" scoped=""/>
        <function-ref name="runTask" ref="0x2b610758ec10" scoped=""/>
      </interface-functions>
    </interface><interface loc="233:/opt/tinyos-release-tinyos-2_1_2//tos/lib/net/TinySDN/TinySdnForwardingEngineP.nc" name="sendFindController" provided="0" ref="0x2b610758d640">
      <component-ref nicename="TinySdnForwardingEngineP" qname="TinySdnForwardingEngineP"/>
      <type-interface alignment="I:2" size="I:2"><interface-ref name="sendFindController" ref="0x2b610758d640" scoped=""/></type-interface>
      <instance>
        <interfacedef-ref nicename="TaskBasic" qname="TaskBasic"/>
      </instance>
      <interface-functions>
        <function-ref name="postTask" ref="0x2b610758d9c0" scoped=""/>
        <function-ref name="runTask" ref="0x2b610758db50" scoped=""/>
      </interface-functions>
    </interface><interface loc="66:/opt/tinyos-release-tinyos-2_1_2//tos/lib/net/TinySDN/TinySdnForwardingEngineP.nc" name="SubPacket" provided="0" ref="0x2b610755fdf0">
      <component-ref nicename="TinySdnForwardingEngineP" qname="TinySdnForwardingEngineP"/>
      <type-interface alignment="I:2" size="I:2"><interface-ref name="SubPacket" ref="0x2b610755fdf0" scoped=""/></type-interface>
      <instance>
        <interfacedef-ref nicename="Packet" qname="Packet"/>
      </instance>
      <interface-functions>
        <function-ref name="clear" ref="0x2b610755e1c0" scoped=""/>
        <function-ref name="payloadLength" ref="0x2b610755e350" scoped=""/>
        <function-ref name="getPayload" ref="0x2b610755e4e0" scoped=""/>
        <function-ref name="maxPayloadLength" ref="0x2b610755e670" scoped=""/>
        <function-ref name="setPayloadLength" ref="0x2b610755e800" scoped=""/>
      </interface-functions>
    </interface><interface loc="67:/opt/tinyos-release-tinyos-2_1_2//tos/lib/net/TinySDN/TinySdnForwardingEngineP.nc" name="CtrlPacket" provided="0" ref="0x2b610755eb40">
      <component-ref nicename="TinySdnForwardingEngineP" qname="TinySdnForwardingEngineP"/>
      <type-interface alignment="I:2" size="I:2"><interface-ref name="CtrlPacket" ref="0x2b610755eb40" scoped=""/></type-interface>
      <instance>
        <interfacedef-ref nicename="Packet" qname="Packet"/>
      </instance>
      <interface-functions>
        <function-ref name="clear" ref="0x2b610755d020" scoped=""/>
        <function-ref name="payloadLength" ref="0x2b610755d1b0" scoped=""/>
        <function-ref name="getPayload" ref="0x2b610755d340" scoped=""/>
        <function-ref name="maxPayloadLength" ref="0x2b610755d4d0" scoped=""/>
        <function-ref name="setPayloadLength" ref="0x2b610755d660" scoped=""/>
      </interface-functions>
    </interface><interface loc="46:/opt/tinyos-release-tinyos-2_1_2//tos/lib/net/TinySDN/TinySdnForwardingEngineP.nc" name="Init" provided="1" ref="0x2b6107575df0">
      <component-ref nicename="TinySdnForwardingEngineP" qname="TinySdnForwardingEngineP"/>
      <type-interface alignment="I:2" size="I:2"><interface-ref name="Init" ref="0x2b6107575df0" scoped=""/></type-interface>
      <instance>
        <interfacedef-ref nicename="Init" qname="Init"/>
      </instance>
      <interface-functions>
        <function-ref name="init" ref="0x2b61075741c0" scoped=""/>
      </interface-functions>
    </interface><interface loc="50:/opt/tinyos-release-tinyos-2_1_2//tos/lib/net/TinySDN/TinySdnForwardingEngineP.nc" name="Receive" provided="1" ref="0x2b6107571460">
      <component-ref nicename="TinySdnForwardingEngineP" qname="TinySdnForwardingEngineP"/>
      <type-interface alignment="I:2" size="I:2"><interface-ref name="Receive" ref="0x2b6107571460" scoped=""/></type-interface>
      <instance>
        <interfacedef-ref nicename="Receive" qname="Receive"/>
      </instance>
      <interface-parameters>
        <type-int alignment="I:1" cname="unsigned char" size="I:1" unsigned="">
          <typename><typedef-ref name="tinysdnsocket_id_t" ref="0x2b6105f59830"/></typename>
        </type-int>
      </interface-parameters>
      <interface-functions>
        <function-ref name="receive" ref="0x2b61075717e0" scoped=""/>
      </interface-functions>
    </interface><interface loc="103:/opt/tinyos-release-tinyos-2_1_2//tos/lib/net/TinySDN/TinySdnForwardingEngineP.nc" name="NotifyTimer" provided="0" ref="0x2b610753f990">
      <component-ref nicename="TinySdnForwardingEngineP" qname="TinySdnForwardingEngineP"/>
      <type-interface alignment="I:2" size="I:2"><interface-ref name="NotifyTimer" ref="0x2b610753f990" scoped=""/></type-interface>
      <instance>
        <interfacedef-ref nicename="Timer" qname="Timer"/>
        <arguments>
          <type-tag alignment="I:2" size="I:2"><struct-ref ref="0x2b6105f515c0"/>
            <typename><typedef-ref name="TMilli" ref="0x2b6105f51930"/></typename>
          </type-tag>
        </arguments>
      </instance>
      <interface-functions>
        <function-ref name="getNow" ref="0x2b610753be80" scoped=""/>
        <function-ref name="fired" ref="0x2b610753d4a0" scoped=""/>
        <function-ref name="startPeriodicAt" ref="0x2b610753b260" scoped=""/>
        <function-ref name="isOneShot" ref="0x2b610753dda0" scoped=""/>
        <function-ref name="getdt" ref="0x2b610753a7a0" scoped=""/>
        <function-ref name="gett0" ref="0x2b610753a320" scoped=""/>
        <function-ref name="isRunning" ref="0x2b610753d920" scoped=""/>
        <function-ref name="startPeriodic" ref="0x2b610753e5a0" scoped=""/>
        <function-ref name="startOneShotAt" ref="0x2b610753b870" scoped=""/>
        <function-ref name="startOneShot" ref="0x2b610753ea70" scoped=""/>
        <function-ref name="stop" ref="0x2b610753d020" scoped=""/>
      </interface-functions>
    </interface><interface loc="58:/opt/tinyos-release-tinyos-2_1_2//tos/lib/net/TinySDN/TinySdnForwardingEngineP.nc" name="CtpCongestion" provided="1" ref="0x2b6107563130">
      <component-ref nicename="TinySdnForwardingEngineP" qname="TinySdnForwardingEngineP"/>
      <type-interface alignment="I:2" size="I:2"><interface-ref name="CtpCongestion" ref="0x2b6107563130" scoped=""/></type-interface>
      <instance>
        <interfacedef-ref nicename="CtpCongestion" qname="CtpCongestion"/>
      </instance>
      <interface-functions>
        <function-ref name="isCongested" ref="0x2b61075634b0" scoped=""/>
        <function-ref name="setClientCongested" ref="0x2b6107563640" scoped=""/>
      </interface-functions>
    </interface><interface loc="110:/opt/tinyos-release-tinyos-2_1_2//tos/lib/net/TinySDN/TinySdnForwardingEngineP.nc" name="initLE" provided="0" ref="0x2b61075b8b40">
      <component-ref nicename="TinySdnForwardingEngineP" qname="TinySdnForwardingEngineP"/>
      <type-interface alignment="I:2" size="I:2"><interface-ref name="initLE" ref="0x2b61075b8b40" scoped=""/></type-interface>
      <instance>
        <interfacedef-ref nicename="Init" qname="Init"/>
      </instance>
      <interface-functions>
        <function-ref name="init" ref="0x2b61075af020" scoped=""/>
      </interface-functions>
    </interface><interface loc="85:/opt/tinyos-release-tinyos-2_1_2//tos/lib/net/TinySDN/TinySdnForwardingEngineP.nc" name="Leds" provided="0" ref="0x2b6107543c10">
      <component-ref nicename="TinySdnForwardingEngineP" qname="TinySdnForwardingEngineP"/>
      <type-interface alignment="I:2" size="I:2"><interface-ref name="Leds" ref="0x2b6107543c10" scoped=""/></type-interface>
      <instance>
        <interfacedef-ref nicename="Leds" qname="Leds"/>
      </instance>
      <interface-functions>
        <function-ref name="led0Off" ref="0x2b6107542020" scoped=""/>
        <function-ref name="led0Toggle" ref="0x2b61075421b0" scoped=""/>
        <function-ref name="led1On" ref="0x2b6107542340" scoped=""/>
        <function-ref name="led1Toggle" ref="0x2b61075424d0" scoped=""/>
        <function-ref name="led2Toggle" ref="0x2b6107542660" scoped=""/>
        <function-ref name="get" ref="0x2b61075427f0" scoped=""/>
        <function-ref name="led1Off" ref="0x2b6107542980" scoped=""/>
        <function-ref name="led2Off" ref="0x2b6107541020" scoped=""/>
        <function-ref name="set" ref="0x2b6107542b10" scoped=""/>
        <function-ref name="led0On" ref="0x2b6107542ca0" scoped=""/>
        <function-ref name="led2On" ref="0x2b6107542e30" scoped=""/>
      </interface-functions>
    </interface><interface loc="108:/opt/tinyos-release-tinyos-2_1_2//tos/lib/net/TinySDN/TinySdnForwardingEngineP.nc" name="PacketAcknowledgements" provided="0" ref="0x2b61075b81a0">
      <component-ref nicename="TinySdnForwardingEngineP" qname="TinySdnForwardingEngineP"/>
      <type-interface alignment="I:2" size="I:2"><interface-ref name="PacketAcknowledgements" ref="0x2b61075b81a0" scoped=""/></type-interface>
      <instance>
        <interfacedef-ref nicename="PacketAcknowledgements" qname="PacketAcknowledgements"/>
      </instance>
      <interface-functions>
        <function-ref name="requestAck" ref="0x2b61075b8520" scoped=""/>
        <function-ref name="noAck" ref="0x2b61075b86b0" scoped=""/>
        <function-ref name="wasAcked" ref="0x2b61075b8840" scoped=""/>
      </interface-functions>
    </interface><interface loc="74:/opt/tinyos-release-tinyos-2_1_2//tos/lib/net/TinySDN/TinySdnForwardingEngineP.nc" name="QEntryPool" provided="0" ref="0x2b6107550460">
      <component-ref nicename="TinySdnForwardingEngineP" qname="TinySdnForwardingEngineP"/>
      <type-interface alignment="I:2" size="I:2"><interface-ref name="QEntryPool" ref="0x2b6107550460" scoped=""/></type-interface>
      <instance>
        <interfacedef-ref nicename="Pool" qname="Pool"/>
        <arguments>
          <type-tag alignment="I:2" size="I:4"><struct-ref ref="0x2b6107511710"/>
            <typename><typedef-ref name="fe_queue_entry_t" ref="0x2b6107511be0"/></typename>
          </type-tag>
        </arguments>
      </instance>
      <interface-functions>
        <function-ref name="get" ref="0x2b6107556560" scoped=""/>
        <function-ref name="maxSize" ref="0x2b6107557990" scoped=""/>
        <function-ref name="empty" ref="0x2b6107557090" scoped=""/>
        <function-ref name="put" ref="0x2b6107557e10" scoped=""/>
        <function-ref name="size" ref="0x2b6107557510" scoped=""/>
      </interface-functions>
    </interface><interface loc="84:/opt/tinyos-release-tinyos-2_1_2//tos/lib/net/TinySDN/TinySdnForwardingEngineP.nc" name="AMPacket" provided="0" ref="0x2b6107544650">
      <component-ref nicename="TinySdnForwardingEngineP" qname="TinySdnForwardingEngineP"/>
      <type-interface alignment="I:2" size="I:2"><interface-ref name="AMPacket" ref="0x2b6107544650" scoped=""/></type-interface>
      <instance>
        <interfacedef-ref nicename="AMPacket" qname="AMPacket"/>
      </instance>
      <interface-functions>
        <function-ref name="group" ref="0x2b61075449d0" scoped=""/>
        <function-ref name="source" ref="0x2b6107544b60" scoped=""/>
        <function-ref name="address" ref="0x2b6107544cf0" scoped=""/>
        <function-ref name="destination" ref="0x2b6107544e80" scoped=""/>
        <function-ref name="setSource" ref="0x2b6107543030" scoped=""/>
        <function-ref name="setDestination" ref="0x2b61075431c0" scoped=""/>
        <function-ref name="type" ref="0x2b6107543350" scoped=""/>
        <function-ref name="setType" ref="0x2b61075434e0" scoped=""/>
        <function-ref name="isForMe" ref="0x2b6107543670" scoped=""/>
        <function-ref name="setGroup" ref="0x2b6107543800" scoped=""/>
        <function-ref name="localGroup" ref="0x2b6107543990" scoped=""/>
      </interface-functions>
    </interface><interface loc="47:/opt/tinyos-release-tinyos-2_1_2//tos/lib/net/TinySDN/TinySdnForwardingEngineP.nc" name="StdControl" provided="1" ref="0x2b6107574480">
      <component-ref nicename="TinySdnForwardingEngineP" qname="TinySdnForwardingEngineP"/>
      <type-interface alignment="I:2" size="I:2"><interface-ref name="StdControl" ref="0x2b6107574480" scoped=""/></type-interface>
      <instance>
        <interfacedef-ref nicename="StdControl" qname="StdControl"/>
      </instance>
      <interface-functions>
        <function-ref name="start" ref="0x2b6107574800" scoped=""/>
        <function-ref name="stop" ref="0x2b6107574990" scoped=""/>
      </interface-functions>
    </interface><interface loc="56:/opt/tinyos-release-tinyos-2_1_2//tos/lib/net/TinySDN/TinySdnForwardingEngineP.nc" name="TinySdnReportTopologyPacket" provided="1" ref="0x2b6107565360">
      <component-ref nicename="TinySdnForwardingEngineP" qname="TinySdnForwardingEngineP"/>
      <type-interface alignment="I:2" size="I:2"><interface-ref name="TinySdnReportTopologyPacket" ref="0x2b6107565360" scoped=""/></type-interface>
      <instance>
        <interfacedef-ref nicename="TinySdnReportTopologyPacket" qname="TinySdnReportTopologyPacket"/>
      </instance>
      <interface-functions>
        <function-ref name="setPeriod" ref="0x2b61075656e0" scoped=""/>
        <function-ref name="pushReportPacket" ref="0x2b6107565870" scoped=""/>
      </interface-functions>
    </interface><interface loc="82:/opt/tinyos-release-tinyos-2_1_2//tos/lib/net/TinySDN/TinySdnForwardingEngineP.nc" name="SubSnoop" provided="0" ref="0x2b6107545360">
      <component-ref nicename="TinySdnForwardingEngineP" qname="TinySdnForwardingEngineP"/>
      <type-interface alignment="I:2" size="I:2"><interface-ref name="SubSnoop" ref="0x2b6107545360" scoped=""/></type-interface>
      <instance>
        <interfacedef-ref nicename="Receive" qname="Receive"/>
      </instance>
      <interface-functions>
        <function-ref name="receive" ref="0x2b61075456e0" scoped=""/>
      </interface-functions>
    </interface><interface loc="75:/opt/tinyos-release-tinyos-2_1_2//tos/lib/net/TinySDN/TinySdnForwardingEngineP.nc" name="MessagePool" provided="0" ref="0x2b610754e020">
      <component-ref nicename="TinySdnForwardingEngineP" qname="TinySdnForwardingEngineP"/>
      <type-interface alignment="I:2" size="I:2"><interface-ref name="MessagePool" ref="0x2b610754e020" scoped=""/></type-interface>
      <instance>
        <interfacedef-ref nicename="Pool" qname="Pool"/>
        <arguments>
          <type-tag alignment="I:1" size="I:152"><nx_struct-ref name="message_t" ref="0x2b6105d580c0"/>
            <typename><typedef-ref name="message_t" ref="0x2b6105d576f0"/></typename>
          </type-tag>
        </arguments>
      </instance>
      <interface-functions>
        <function-ref name="get" ref="0x2b610754c110" scoped=""/>
        <function-ref name="maxSize" ref="0x2b610754d550" scoped=""/>
        <function-ref name="empty" ref="0x2b610754ec10" scoped=""/>
        <function-ref name="put" ref="0x2b610754d9d0" scoped=""/>
        <function-ref name="size" ref="0x2b610754d0d0" scoped=""/>
      </interface-functions>
    </interface><interface loc="112:/opt/tinyos-release-tinyos-2_1_2//tos/lib/net/TinySDN/TinySdnForwardingEngineP.nc" name="CTPSendToController" provided="0" ref="0x2b61075af3a0">
      <component-ref nicename="TinySdnForwardingEngineP" qname="TinySdnForwardingEngineP"/>
      <type-interface alignment="I:2" size="I:2"><interface-ref name="CTPSendToController" ref="0x2b61075af3a0" scoped=""/></type-interface>
      <instance>
        <interfacedef-ref nicename="Send" qname="Send"/>
      </instance>
      <interface-functions>
        <function-ref name="send" ref="0x2b61075af720" scoped=""/>
        <function-ref name="getPayload" ref="0x2b61075af8b0" scoped=""/>
        <function-ref name="maxPayloadLength" ref="0x2b61075afa40" scoped=""/>
        <function-ref name="cancel" ref="0x2b61075afbd0" scoped=""/>
        <function-ref name="sendDone" ref="0x2b61075afd60" scoped=""/>
      </interface-functions>
    </interface><interface loc="116:/opt/tinyos-release-tinyos-2_1_2//tos/lib/net/TinySDN/TinySdnForwardingEngineP.nc" name="CTPPathToController" provided="0" ref="0x2b61075aae60">
      <component-ref nicename="TinySdnForwardingEngineP" qname="TinySdnForwardingEngineP"/>
      <type-interface alignment="I:2" size="I:2"><interface-ref name="CTPPathToController" ref="0x2b61075aae60" scoped=""/></type-interface>
      <instance>
        <interfacedef-ref nicename="UnicastNameFreeRouting" qname="UnicastNameFreeRouting"/>
      </instance>
      <interface-functions>
        <function-ref name="hasRoute" ref="0x2b61075ad210" scoped=""/>
        <function-ref name="routeFound" ref="0x2b61075ad3a0" scoped=""/>
        <function-ref name="nextHop" ref="0x2b61075ad530" scoped=""/>
        <function-ref name="noRoute" ref="0x2b61075ad6c0" scoped=""/>
      </interface-functions>
    </interface></specification><referenced/></component>