<?xml version="1.0" ?><component abstract="" loc="43:/opt/tinyos-release-tinyos-2_1_2//tos/lib/net/TinySDN/TinySDNSocketSenderC.nc" nicename="TinySDNSocketSenderC" qname="TinySDNSocketSenderC">
      <documentation loc="32:/opt/tinyos-release-tinyos-2_1_2//tos/lib/net/TinySDN/TinySDNSocketSenderC.nc">
        <short>
 The virtualized collection sender abstraction.</short>
        <long>
 The virtualized collection sender abstraction.

 @author Kyle Jamieson
 @author Philip Levis
 @date April 25 2006
 @see TinyOS Net2-WG
</long>
      </documentation>
      <parameters>
        <constant loc="43:/opt/tinyos-release-tinyos-2_1_2//tos/lib/net/TinySDN/TinySDNSocketSenderC.nc" name="collectid" ref="0x2b6107b84d20">
          <component-ref nicename="TinySDNSocketSenderC" qname="TinySDNSocketSenderC"/>
          <type-int alignment="I:1" cname="unsigned char" size="I:1" unsigned="">
            <typename><typedef-ref name="tinysdnsocket_id_t" ref="0x2b6105f59830"/></typename>
          </type-int>
        </constant>
        <constant loc="43:/opt/tinyos-release-tinyos-2_1_2//tos/lib/net/TinySDN/TinySDNSocketSenderC.nc" name="controllercollectid" ref="0x2b6107b801d0">
          <component-ref nicename="TinySDNSocketSenderC" qname="TinySDNSocketSenderC"/>
          <type-int alignment="I:1" cname="unsigned char" size="I:1" unsigned="">
            <typename><typedef-ref name="tinysdnsocket_id_t" ref="0x2b6105f59830"/></typename>
          </type-int>
        </constant>
      </parameters>
      <configuration/>
      <wiring>
        <wire loc="52:/opt/tinyos-release-tinyos-2_1_2//tos/lib/net/TinySDN/TinySDNSocketSenderC.nc">
          <from><interface-ref name="Packet" ref="0x2b6107b7f440" scoped=""/></from>
          <to><interface-ref name="Packet" ref="0x2b6107c07c30" scoped=""/></to>
        </wire>
        <wire loc="51:/opt/tinyos-release-tinyos-2_1_2//tos/lib/net/TinySDN/TinySDNSocketSenderC.nc">
          <from><interface-ref name="Send" ref="0x2b6107b806e0" scoped=""/></from>
          <to><interface-ref name="Send" ref="0x2b6107c07020" scoped=""/></to>
        </wire>
      </wiring>
    <specification><interface loc="46:/opt/tinyos-release-tinyos-2_1_2//tos/lib/net/TinySDN/TinySDNSocketSenderC.nc" name="Packet" provided="1" ref="0x2b6107b7f440">
      <component-ref nicename="TinySDNSocketSenderC" qname="TinySDNSocketSenderC"/>
      <type-interface alignment="I:2" size="I:2"><interface-ref name="Packet" ref="0x2b6107b7f440" scoped=""/></type-interface>
      <instance>
        <interfacedef-ref nicename="Packet" qname="Packet"/>
      </instance>
      <interface-functions>
        <function-ref name="clear" ref="0x2b6107b7f7c0" scoped=""/>
        <function-ref name="payloadLength" ref="0x2b6107b7f950" scoped=""/>
        <function-ref name="getPayload" ref="0x2b6107b7fae0" scoped=""/>
        <function-ref name="maxPayloadLength" ref="0x2b6107b7fc70" scoped=""/>
        <function-ref name="setPayloadLength" ref="0x2b6107b7fe00" scoped=""/>
      </interface-functions>
    </interface><interface loc="45:/opt/tinyos-release-tinyos-2_1_2//tos/lib/net/TinySDN/TinySDNSocketSenderC.nc" name="Send" provided="1" ref="0x2b6107b806e0">
      <component-ref nicename="TinySDNSocketSenderC" qname="TinySDNSocketSenderC"/>
      <type-interface alignment="I:2" size="I:2"><interface-ref name="Send" ref="0x2b6107b806e0" scoped=""/></type-interface>
      <instance>
        <interfacedef-ref nicename="AMSend" qname="AMSend"/>
      </instance>
      <interface-functions>
        <function-ref name="send" ref="0x2b6107b80a60" scoped=""/>
        <function-ref name="getPayload" ref="0x2b6107b80bf0" scoped=""/>
        <function-ref name="maxPayloadLength" ref="0x2b6107b80d80" scoped=""/>
        <function-ref name="cancel" ref="0x2b6107b7f020" scoped=""/>
        <function-ref name="sendDone" ref="0x2b6107b7f1b0" scoped=""/>
      </interface-functions>
    </interface></specification><referenced><interface loc="37:/opt/tinyos-release-tinyos-2_1_2//tos/lib/net/TinySDN/TinySDNSocketSenderP.nc" name="Send" provided="1" ref="0x2b6107c07020">
      <component-ref nicename="TinySDNSocketSenderC.TinySDNSocketSenderP" qname="TinySDNSocketSenderC.TinySDNSocketSenderP"/>
      <type-interface alignment="I:2" size="I:2"><interface-ref name="Send" ref="0x2b6107c07020" scoped=""/></type-interface>
      <instance>
        <interfacedef-ref nicename="AMSend" qname="AMSend"/>
      </instance>
      <interface-functions>
        <function-ref name="send" ref="0x2b6107c073a0" scoped=""/>
        <function-ref name="getPayload" ref="0x2b6107c07530" scoped=""/>
        <function-ref name="maxPayloadLength" ref="0x2b6107c076c0" scoped=""/>
        <function-ref name="cancel" ref="0x2b6107c07850" scoped=""/>
        <function-ref name="sendDone" ref="0x2b6107c079e0" scoped=""/>
      </interface-functions>
    </interface><interface loc="38:/opt/tinyos-release-tinyos-2_1_2//tos/lib/net/TinySDN/TinySDNSocketSenderP.nc" name="Packet" provided="1" ref="0x2b6107c07c30">
      <component-ref nicename="TinySDNSocketSenderC.TinySDNSocketSenderP" qname="TinySDNSocketSenderC.TinySDNSocketSenderP"/>
      <type-interface alignment="I:2" size="I:2"><interface-ref name="Packet" ref="0x2b6107c07c30" scoped=""/></type-interface>
      <instance>
        <interfacedef-ref nicename="Packet" qname="Packet"/>
      </instance>
      <interface-functions>
        <function-ref name="clear" ref="0x2b6107c06020" scoped=""/>
        <function-ref name="payloadLength" ref="0x2b6107c061b0" scoped=""/>
        <function-ref name="getPayload" ref="0x2b6107c06340" scoped=""/>
        <function-ref name="maxPayloadLength" ref="0x2b6107c064d0" scoped=""/>
        <function-ref name="setPayloadLength" ref="0x2b6107c06660" scoped=""/>
      </interface-functions>
    </interface><component abstract="" loc="34(TinySDNSocketSenderC.TinySDNSocketSenderP):/opt/tinyos-release-tinyos-2_1_2//tos/lib/net/TinySDN/TinySDNSocketSenderP.nc" nicename="TinySDNSocketSenderC.TinySDNSocketSenderP" qname="TinySDNSocketSenderC.TinySDNSocketSenderP">
      <instance>
        <component-ref nicename="TinySDNSocketSenderP" qname="TinySDNSocketSenderP"/>
        <arguments>
          <value cst="U:">
            <type-int alignment="I:1" cname="unsigned char" size="I:1" unsigned="">
              <typename><typedef-ref name="tinysdnsocket_id_t" ref="0x2b6105f59830"/></typename>
            </type-int>
          </value>
          <value cst="U:">
            <type-int alignment="I:2" cname="unsigned int" size="I:2" unsigned=""/>
          </value>
          <value cst="U:">
            <type-int alignment="I:1" cname="unsigned char" size="I:1" unsigned="">
              <typename><typedef-ref name="tinysdnsocket_id_t" ref="0x2b6105f59830"/></typename>
            </type-int>
          </value>
        </arguments>
      </instance>
      <configuration/>
    </component></referenced></component>