<?xml version="1.0" ?><component loc="45:/opt/tinyos-release-tinyos-2_1_2//tos/lib/net/TinySDN/TinySDNSocketC.nc" nicename="TinySDNSocketC" qname="TinySDNSocketC">
      <documentation loc="34:/opt/tinyos-release-tinyos-2_1_2//tos/lib/net/TinySDN/TinySDNSocketC.nc">
        <short>
 A data collection service that uses a tree routing protocol
 to deliver data to collection roots, following TEP 119.</short>
        <long>
 A data collection service that uses a tree routing protocol
 to deliver data to collection roots, following TEP 119.

 @author Rodrigo Fonseca
 @author Omprakash Gnawali
 @author Kyle Jamieson
 @author Philip Levis
</long>
      </documentation>
      <configuration/>
      <wiring>
        <wire loc="72:/opt/tinyos-release-tinyos-2_1_2//tos/lib/net/TinySDN/TinySDNSocketC.nc">
          <from><interface-ref name="Intercept" ref="0x2b61074f4040" scoped=""/></from>
          <to><interface-ref name="Intercept" ref="0x2b61074c0db0" scoped=""/></to>
        </wire>
        <wire loc="69:/opt/tinyos-release-tinyos-2_1_2//tos/lib/net/TinySDN/TinySDNSocketC.nc">
          <from><interface-ref name="Send" ref="0x2b61074f7020" scoped=""/></from>
          <to><interface-ref name="Send" ref="0x2b61074c21d0" scoped=""/></to>
        </wire>
        <wire loc="71:/opt/tinyos-release-tinyos-2_1_2//tos/lib/net/TinySDN/TinySDNSocketC.nc">
          <from><interface-ref name="Snoop" ref="0x2b61074f6e70" scoped=""/></from>
          <to><interface-ref name="Snoop" ref="0x2b61074c01d0" scoped=""/></to>
        </wire>
        <wire loc="74:/opt/tinyos-release-tinyos-2_1_2//tos/lib/net/TinySDN/TinySDNSocketC.nc">
          <from><interface-ref name="Packet" ref="0x2b61074f4650" scoped=""/></from>
          <to><interface-ref name="Packet" ref="0x2b61074bf410" scoped=""/></to>
        </wire>
        <wire loc="75:/opt/tinyos-release-tinyos-2_1_2//tos/lib/net/TinySDN/TinySDNSocketC.nc">
          <from><interface-ref name="TinySDNSocketPacket" ref="0x2b61074f3340" scoped=""/></from>
          <to><interface-ref name="TinySDNSocketPacket" ref="0x2b61074be180" scoped=""/></to>
        </wire>
        <wire loc="70:/opt/tinyos-release-tinyos-2_1_2//tos/lib/net/TinySDN/TinySDNSocketC.nc">
          <from><interface-ref name="Receive" ref="0x2b61074f6280" scoped=""/></from>
          <to><interface-ref name="Receive" ref="0x2b61074c1460" scoped=""/></to>
        </wire>
        <wire loc="76:/opt/tinyos-release-tinyos-2_1_2//tos/lib/net/TinySDN/TinySDNSocketC.nc">
          <from><interface-ref name="TinySdnPacket" ref="0x2b61074dc910" scoped=""/></from>
          <to><interface-ref name="TinySdnPacket" ref="0x2b61074bd020" scoped=""/></to>
        </wire>
        <wire loc="68:/opt/tinyos-release-tinyos-2_1_2//tos/lib/net/TinySDN/TinySDNSocketC.nc">
          <from><interface-ref name="StdControl" ref="0x2b61074f9250" scoped=""/></from>
          <to><interface-ref name="StdControl" ref="0x2b61074c3370" scoped=""/></to>
        </wire>
        <wire loc="78:/opt/tinyos-release-tinyos-2_1_2//tos/lib/net/TinySDN/TinySDNSocketC.nc">
          <from><interface-ref name="TinySDNSocketId" ref="0x2b6107538d70" scoped=""/></from>
          <to><interface-ref name="TinySDNSocketId" ref="0x2b61074d9e80" scoped=""/></to>
        </wire>
        <wire loc="79:/opt/tinyos-release-tinyos-2_1_2//tos/lib/net/TinySDN/TinySDNSocketC.nc">
          <from><interface-ref name="TinySDNSocketDebug" ref="0x2b6107534080" scoped=""/></from>
          <to><interface-ref name="TinySDNSocketDebug" ref="0x2b61074cd2c0" scoped=""/></to>
        </wire>
        <wire loc="80:/opt/tinyos-release-tinyos-2_1_2//tos/lib/net/TinySDN/TinySDNSocketC.nc">
          <from><interface-ref name="CollectionId" ref="0x2b61075379b0" scoped=""/></from>
          <to><interface-ref name="CollectionId" ref="0x2b61074d5dc0" scoped=""/></to>
        </wire>
      </wiring>
    <specification><interface loc="61:/opt/tinyos-release-tinyos-2_1_2//tos/lib/net/TinySDN/TinySDNSocketC.nc" name="TinySDNSocketDebug" provided="0" ref="0x2b61074cd2c0">
      <component-ref nicename="TinySDNSocketC" qname="TinySDNSocketC"/>
      <type-interface alignment="I:2" size="I:2"><interface-ref name="TinySDNSocketDebug" ref="0x2b61074cd2c0" scoped=""/></type-interface>
      <instance>
        <interfacedef-ref nicename="TinySDNSocketDebug" qname="TinySDNSocketDebug"/>
      </instance>
      <interface-functions>
        <function-ref name="logEvent" ref="0x2b61074cd640" scoped=""/>
        <function-ref name="logEventMsg" ref="0x2b61074cd7d0" scoped=""/>
        <function-ref name="logEventSimple" ref="0x2b61074cd960" scoped=""/>
        <function-ref name="logEventRoute" ref="0x2b61074cdaf0" scoped=""/>
        <function-ref name="logEventDbg" ref="0x2b61074cdc80" scoped=""/>
      </interface-functions>
    </interface><interface loc="51:/opt/tinyos-release-tinyos-2_1_2//tos/lib/net/TinySDN/TinySDNSocketC.nc" name="Intercept" provided="1" ref="0x2b61074f4040">
      <component-ref nicename="TinySDNSocketC" qname="TinySDNSocketC"/>
      <type-interface alignment="I:2" size="I:2"><interface-ref name="Intercept" ref="0x2b61074f4040" scoped=""/></type-interface>
      <instance>
        <interfacedef-ref nicename="Intercept" qname="Intercept"/>
      </instance>
      <interface-parameters>
        <type-int alignment="I:1" cname="unsigned char" size="I:1" unsigned="">
          <typename><typedef-ref name="tinysdnsocket_id_t" ref="0x2b6105f59830"/></typename>
        </type-int>
      </interface-parameters>
      <interface-functions>
        <function-ref name="forward" ref="0x2b61074f43c0" scoped=""/>
      </interface-functions>
    </interface><interface loc="48:/opt/tinyos-release-tinyos-2_1_2//tos/lib/net/TinySDN/TinySDNSocketC.nc" name="Send" provided="1" ref="0x2b61074f7020">
      <component-ref nicename="TinySDNSocketC" qname="TinySDNSocketC"/>
      <type-interface alignment="I:2" size="I:2"><interface-ref name="Send" ref="0x2b61074f7020" scoped=""/></type-interface>
      <instance>
        <interfacedef-ref nicename="AMSend" qname="AMSend"/>
      </instance>
      <interface-parameters>
        <type-int alignment="I:1" cname="unsigned char" size="I:1" unsigned="">
          <typename><typedef-ref name="uint8_t" ref="0x2b6104f08160"/></typename>
        </type-int>
      </interface-parameters>
      <interface-functions>
        <function-ref name="send" ref="0x2b61074f73a0" scoped=""/>
        <function-ref name="getPayload" ref="0x2b61074f7530" scoped=""/>
        <function-ref name="maxPayloadLength" ref="0x2b61074f76c0" scoped=""/>
        <function-ref name="cancel" ref="0x2b61074f7850" scoped=""/>
        <function-ref name="sendDone" ref="0x2b61074f79e0" scoped=""/>
      </interface-functions>
    </interface><interface loc="50:/opt/tinyos-release-tinyos-2_1_2//tos/lib/net/TinySDN/TinySDNSocketC.nc" name="Snoop" provided="1" ref="0x2b61074f6e70">
      <component-ref nicename="TinySDNSocketC" qname="TinySDNSocketC"/>
      <type-interface alignment="I:2" size="I:2"><interface-ref name="Snoop" ref="0x2b61074f6e70" scoped=""/></type-interface>
      <instance>
        <interfacedef-ref nicename="Receive" qname="Receive"/>
      </instance>
      <interface-parameters>
        <type-int alignment="I:1" cname="unsigned char" size="I:1" unsigned="">
          <typename><typedef-ref name="tinysdnsocket_id_t" ref="0x2b6105f59830"/></typename>
        </type-int>
      </interface-parameters>
      <interface-functions>
        <function-ref name="receive" ref="0x2b61074f5220" scoped=""/>
      </interface-functions>
    </interface><interface loc="53:/opt/tinyos-release-tinyos-2_1_2//tos/lib/net/TinySDN/TinySDNSocketC.nc" name="Packet" provided="1" ref="0x2b61074f4650">
      <component-ref nicename="TinySDNSocketC" qname="TinySDNSocketC"/>
      <type-interface alignment="I:2" size="I:2"><interface-ref name="Packet" ref="0x2b61074f4650" scoped=""/></type-interface>
      <instance>
        <interfacedef-ref nicename="Packet" qname="Packet"/>
      </instance>
      <interface-functions>
        <function-ref name="clear" ref="0x2b61074f49d0" scoped=""/>
        <function-ref name="payloadLength" ref="0x2b61074f4b60" scoped=""/>
        <function-ref name="getPayload" ref="0x2b61074f4cf0" scoped=""/>
        <function-ref name="maxPayloadLength" ref="0x2b61074f4e80" scoped=""/>
        <function-ref name="setPayloadLength" ref="0x2b61074f3030" scoped=""/>
      </interface-functions>
    </interface><interface loc="54:/opt/tinyos-release-tinyos-2_1_2//tos/lib/net/TinySDN/TinySDNSocketC.nc" name="TinySDNSocketPacket" provided="1" ref="0x2b61074f3340">
      <component-ref nicename="TinySDNSocketC" qname="TinySDNSocketC"/>
      <type-interface alignment="I:2" size="I:2"><interface-ref name="TinySDNSocketPacket" ref="0x2b61074f3340" scoped=""/></type-interface>
      <instance>
        <interfacedef-ref nicename="TinySDNSocketPacket" qname="TinySDNSocketPacket"/>
      </instance>
      <interface-functions>
        <function-ref name="setSequenceNumber" ref="0x2b61074f36c0" scoped=""/>
        <function-ref name="setSocketID" ref="0x2b61074f3850" scoped=""/>
        <function-ref name="setOrigin" ref="0x2b61074f39e0" scoped=""/>
        <function-ref name="getSocketID" ref="0x2b61074f3b70" scoped=""/>
        <function-ref name="getOrigin" ref="0x2b61074f3d00" scoped=""/>
        <function-ref name="getSequenceNumber" ref="0x2b61074f1020" scoped=""/>
      </interface-functions>
    </interface><interface loc="49:/opt/tinyos-release-tinyos-2_1_2//tos/lib/net/TinySDN/TinySDNSocketC.nc" name="Receive" provided="1" ref="0x2b61074f6280">
      <component-ref nicename="TinySDNSocketC" qname="TinySDNSocketC"/>
      <type-interface alignment="I:2" size="I:2"><interface-ref name="Receive" ref="0x2b61074f6280" scoped=""/></type-interface>
      <instance>
        <interfacedef-ref nicename="Receive" qname="Receive"/>
      </instance>
      <interface-parameters>
        <type-int alignment="I:1" cname="unsigned char" size="I:1" unsigned="">
          <typename><typedef-ref name="tinysdnsocket_id_t" ref="0x2b6105f59830"/></typename>
        </type-int>
      </interface-parameters>
      <interface-functions>
        <function-ref name="receive" ref="0x2b61074f6600" scoped=""/>
      </interface-functions>
    </interface><interface loc="55:/opt/tinyos-release-tinyos-2_1_2//tos/lib/net/TinySDN/TinySDNSocketC.nc" name="TinySdnPacket" provided="1" ref="0x2b61074dc910">
      <component-ref nicename="TinySDNSocketC" qname="TinySDNSocketC"/>
      <type-interface alignment="I:2" size="I:2"><interface-ref name="TinySdnPacket" ref="0x2b61074dc910" scoped=""/></type-interface>
      <instance>
        <interfacedef-ref nicename="TinySdnPacket" qname="TinySdnPacket"/>
      </instance>
      <interface-functions>
        <function-ref name="setSequenceNumber" ref="0x2b61074dcc90" scoped=""/>
        <function-ref name="option" ref="0x2b61074dce20" scoped=""/>
        <function-ref name="getDestination" ref="0x2b61074ee020" scoped=""/>
        <function-ref name="setSocketID" ref="0x2b61074ee1b0" scoped=""/>
        <function-ref name="setOrigin" ref="0x2b61074ee340" scoped=""/>
        <function-ref name="clearOption" ref="0x2b61074ee4d0" scoped=""/>
        <function-ref name="getSocketID" ref="0x2b61074ee660" scoped=""/>
        <function-ref name="setType" ref="0x2b61074ee7f0" scoped=""/>
        <function-ref name="getOrigin" ref="0x2b61074ee980" scoped=""/>
        <function-ref name="setOption" ref="0x2b61074eeb10" scoped=""/>
        <function-ref name="setDestination" ref="0x2b61074eeca0" scoped=""/>
        <function-ref name="matchPacket" ref="0x2b61074eee30" scoped=""/>
        <function-ref name="getThl" ref="0x2b61074ed020" scoped=""/>
        <function-ref name="getSequenceNumber" ref="0x2b61074ed2b0" scoped=""/>
        <function-ref name="matchInstance" ref="0x2b61074ed440" scoped=""/>
        <function-ref name="getType" ref="0x2b61074ed5d0" scoped=""/>
        <function-ref name="setThl" ref="0x2b61074ed760" scoped=""/>
      </interface-functions>
    </interface><interface loc="59:/opt/tinyos-release-tinyos-2_1_2//tos/lib/net/TinySDN/TinySDNSocketC.nc" name="TinySDNSocketId" provided="0" ref="0x2b61074d9e80">
      <component-ref nicename="TinySDNSocketC" qname="TinySDNSocketC"/>
      <type-interface alignment="I:2" size="I:2"><interface-ref name="TinySDNSocketId" ref="0x2b61074d9e80" scoped=""/></type-interface>
      <instance>
        <interfacedef-ref nicename="TinySDNSocketId" qname="TinySDNSocketId"/>
      </instance>
      <interface-parameters>
        <type-int alignment="I:1" cname="unsigned char" size="I:1" unsigned="">
          <typename><typedef-ref name="uint8_t" ref="0x2b6104f08160"/></typename>
        </type-int>
      </interface-parameters>
      <interface-functions>
        <function-ref name="fetch" ref="0x2b61074db220" scoped=""/>
      </interface-functions>
    </interface><interface loc="47:/opt/tinyos-release-tinyos-2_1_2//tos/lib/net/TinySDN/TinySDNSocketC.nc" name="StdControl" provided="1" ref="0x2b61074f9250">
      <component-ref nicename="TinySDNSocketC" qname="TinySDNSocketC"/>
      <type-interface alignment="I:2" size="I:2"><interface-ref name="StdControl" ref="0x2b61074f9250" scoped=""/></type-interface>
      <instance>
        <interfacedef-ref nicename="StdControl" qname="StdControl"/>
      </instance>
      <interface-functions>
        <function-ref name="start" ref="0x2b61074f95d0" scoped=""/>
        <function-ref name="stop" ref="0x2b61074f9760" scoped=""/>
      </interface-functions>
    </interface><interface loc="60:/opt/tinyos-release-tinyos-2_1_2//tos/lib/net/TinySDN/TinySDNSocketC.nc" name="CollectionId" provided="0" ref="0x2b61074d5dc0">
      <component-ref nicename="TinySDNSocketC" qname="TinySDNSocketC"/>
      <type-interface alignment="I:2" size="I:2"><interface-ref name="CollectionId" ref="0x2b61074d5dc0" scoped=""/></type-interface>
      <instance>
        <interfacedef-ref nicename="CollectionId" qname="CollectionId"/>
      </instance>
      <interface-parameters>
        <type-int alignment="I:1" cname="unsigned char" size="I:1" unsigned="">
          <typename><typedef-ref name="uint8_t" ref="0x2b6104f08160"/></typename>
        </type-int>
      </interface-parameters>
      <interface-functions>
        <function-ref name="fetch" ref="0x2b61074d8180" scoped=""/>
      </interface-functions>
    </interface></specification><referenced><interface loc="61:/opt/tinyos-release-tinyos-2_1_2//tos/lib/net/TinySDN/TinySdnP.nc" name="CollectionId" provided="0" ref="0x2b61075379b0">
      <component-ref nicename="TinySdnP" qname="TinySdnP"/>
      <type-interface alignment="I:2" size="I:2"><interface-ref name="CollectionId" ref="0x2b61075379b0" scoped=""/></type-interface>
      <instance>
        <interfacedef-ref nicename="CollectionId" qname="CollectionId"/>
      </instance>
      <interface-parameters>
        <type-int alignment="I:1" cname="unsigned char" size="I:1" unsigned="">
          <typename><typedef-ref name="uint8_t" ref="0x2b6104f08160"/></typename>
        </type-int>
      </interface-parameters>
      <interface-functions>
        <function-ref name="fetch" ref="0x2b6107537d30" scoped=""/>
      </interface-functions>
    </interface><interface loc="46:/opt/tinyos-release-tinyos-2_1_2//tos/lib/net/TinySDN/TinySdnP.nc" name="StdControl" provided="1" ref="0x2b61074c3370">
      <component-ref nicename="TinySdnP" qname="TinySdnP"/>
      <type-interface alignment="I:2" size="I:2"><interface-ref name="StdControl" ref="0x2b61074c3370" scoped=""/></type-interface>
      <instance>
        <interfacedef-ref nicename="StdControl" qname="StdControl"/>
      </instance>
      <interface-functions>
        <function-ref name="start" ref="0x2b61074c36f0" scoped=""/>
        <function-ref name="stop" ref="0x2b61074c3880" scoped=""/>
      </interface-functions>
    </interface><interface loc="49:/opt/tinyos-release-tinyos-2_1_2//tos/lib/net/TinySDN/TinySdnP.nc" name="Snoop" provided="1" ref="0x2b61074c01d0">
      <component-ref nicename="TinySdnP" qname="TinySdnP"/>
      <type-interface alignment="I:2" size="I:2"><interface-ref name="Snoop" ref="0x2b61074c01d0" scoped=""/></type-interface>
      <instance>
        <interfacedef-ref nicename="Receive" qname="Receive"/>
      </instance>
      <interface-parameters>
        <type-int alignment="I:1" cname="unsigned char" size="I:1" unsigned="">
          <typename><typedef-ref name="tinysdnsocket_id_t" ref="0x2b6105f59830"/></typename>
        </type-int>
      </interface-parameters>
      <interface-functions>
        <function-ref name="receive" ref="0x2b61074c0550" scoped=""/>
      </interface-functions>
    </interface><interface loc="52:/opt/tinyos-release-tinyos-2_1_2//tos/lib/net/TinySDN/TinySdnP.nc" name="Packet" provided="1" ref="0x2b61074bf410">
      <component-ref nicename="TinySdnP" qname="TinySdnP"/>
      <type-interface alignment="I:2" size="I:2"><interface-ref name="Packet" ref="0x2b61074bf410" scoped=""/></type-interface>
      <instance>
        <interfacedef-ref nicename="Packet" qname="Packet"/>
      </instance>
      <interface-functions>
        <function-ref name="clear" ref="0x2b61074bf790" scoped=""/>
        <function-ref name="payloadLength" ref="0x2b61074bf920" scoped=""/>
        <function-ref name="getPayload" ref="0x2b61074bfab0" scoped=""/>
        <function-ref name="maxPayloadLength" ref="0x2b61074bfc40" scoped=""/>
        <function-ref name="setPayloadLength" ref="0x2b61074bfdd0" scoped=""/>
      </interface-functions>
    </interface><interface loc="47:/opt/tinyos-release-tinyos-2_1_2//tos/lib/net/TinySDN/TinySdnP.nc" name="Send" provided="1" ref="0x2b61074c21d0">
      <component-ref nicename="TinySdnP" qname="TinySdnP"/>
      <type-interface alignment="I:2" size="I:2"><interface-ref name="Send" ref="0x2b61074c21d0" scoped=""/></type-interface>
      <instance>
        <interfacedef-ref nicename="AMSend" qname="AMSend"/>
      </instance>
      <interface-parameters>
        <type-int alignment="I:1" cname="unsigned char" size="I:1" unsigned="">
          <typename><typedef-ref name="uint8_t" ref="0x2b6104f08160"/></typename>
        </type-int>
      </interface-parameters>
      <interface-functions>
        <function-ref name="send" ref="0x2b61074c2550" scoped=""/>
        <function-ref name="getPayload" ref="0x2b61074c26e0" scoped=""/>
        <function-ref name="maxPayloadLength" ref="0x2b61074c2870" scoped=""/>
        <function-ref name="cancel" ref="0x2b61074c2a00" scoped=""/>
        <function-ref name="sendDone" ref="0x2b61074c2b90" scoped=""/>
      </interface-functions>
    </interface><interface loc="54:/opt/tinyos-release-tinyos-2_1_2//tos/lib/net/TinySDN/TinySdnP.nc" name="TinySdnPacket" provided="1" ref="0x2b61074bd020">
      <component-ref nicename="TinySdnP" qname="TinySdnP"/>
      <type-interface alignment="I:2" size="I:2"><interface-ref name="TinySdnPacket" ref="0x2b61074bd020" scoped=""/></type-interface>
      <instance>
        <interfacedef-ref nicename="TinySdnPacket" qname="TinySdnPacket"/>
      </instance>
      <interface-functions>
        <function-ref name="setSequenceNumber" ref="0x2b61074bd3a0" scoped=""/>
        <function-ref name="option" ref="0x2b61074bd530" scoped=""/>
        <function-ref name="getDestination" ref="0x2b61074bd6c0" scoped=""/>
        <function-ref name="setSocketID" ref="0x2b61074bd850" scoped=""/>
        <function-ref name="setOrigin" ref="0x2b61074bd9e0" scoped=""/>
        <function-ref name="clearOption" ref="0x2b61074bdb70" scoped=""/>
        <function-ref name="getSocketID" ref="0x2b61074bdd00" scoped=""/>
        <function-ref name="setType" ref="0x2b61074bc020" scoped=""/>
        <function-ref name="getOrigin" ref="0x2b61074bc1b0" scoped=""/>
        <function-ref name="setOption" ref="0x2b61074bc340" scoped=""/>
        <function-ref name="setDestination" ref="0x2b61074bc4d0" scoped=""/>
        <function-ref name="matchPacket" ref="0x2b61074bc660" scoped=""/>
        <function-ref name="getThl" ref="0x2b61074bc7f0" scoped=""/>
        <function-ref name="getSequenceNumber" ref="0x2b61074bca80" scoped=""/>
        <function-ref name="matchInstance" ref="0x2b61074bcc10" scoped=""/>
        <function-ref name="getType" ref="0x2b61074bcda0" scoped=""/>
        <function-ref name="setThl" ref="0x2b61074bb020" scoped=""/>
      </interface-functions>
    </interface><interface loc="53:/opt/tinyos-release-tinyos-2_1_2//tos/lib/net/TinySDN/TinySdnP.nc" name="TinySDNSocketPacket" provided="1" ref="0x2b61074be180">
      <component-ref nicename="TinySdnP" qname="TinySdnP"/>
      <type-interface alignment="I:2" size="I:2"><interface-ref name="TinySDNSocketPacket" ref="0x2b61074be180" scoped=""/></type-interface>
      <instance>
        <interfacedef-ref nicename="TinySDNSocketPacket" qname="TinySDNSocketPacket"/>
      </instance>
      <interface-functions>
        <function-ref name="setSequenceNumber" ref="0x2b61074be500" scoped=""/>
        <function-ref name="setSocketID" ref="0x2b61074be690" scoped=""/>
        <function-ref name="setOrigin" ref="0x2b61074be820" scoped=""/>
        <function-ref name="getSocketID" ref="0x2b61074be9b0" scoped=""/>
        <function-ref name="getOrigin" ref="0x2b61074beb40" scoped=""/>
        <function-ref name="getSequenceNumber" ref="0x2b61074becd0" scoped=""/>
      </interface-functions>
    </interface><interface loc="60:/opt/tinyos-release-tinyos-2_1_2//tos/lib/net/TinySDN/TinySdnP.nc" name="TinySDNSocketId" provided="0" ref="0x2b6107538d70">
      <component-ref nicename="TinySdnP" qname="TinySdnP"/>
      <type-interface alignment="I:2" size="I:2"><interface-ref name="TinySDNSocketId" ref="0x2b6107538d70" scoped=""/></type-interface>
      <instance>
        <interfacedef-ref nicename="TinySDNSocketId" qname="TinySDNSocketId"/>
      </instance>
      <interface-parameters>
        <type-int alignment="I:1" cname="unsigned char" size="I:1" unsigned="">
          <typename><typedef-ref name="uint8_t" ref="0x2b6104f08160"/></typename>
        </type-int>
      </interface-parameters>
      <interface-functions>
        <function-ref name="fetch" ref="0x2b6107537180" scoped=""/>
      </interface-functions>
    </interface><interface loc="50:/opt/tinyos-release-tinyos-2_1_2//tos/lib/net/TinySDN/TinySdnP.nc" name="Intercept" provided="1" ref="0x2b61074c0db0">
      <component-ref nicename="TinySdnP" qname="TinySdnP"/>
      <type-interface alignment="I:2" size="I:2"><interface-ref name="Intercept" ref="0x2b61074c0db0" scoped=""/></type-interface>
      <instance>
        <interfacedef-ref nicename="Intercept" qname="Intercept"/>
      </instance>
      <interface-parameters>
        <type-int alignment="I:1" cname="unsigned char" size="I:1" unsigned="">
          <typename><typedef-ref name="tinysdnsocket_id_t" ref="0x2b6105f59830"/></typename>
        </type-int>
      </interface-parameters>
      <interface-functions>
        <function-ref name="forward" ref="0x2b61074bf180" scoped=""/>
      </interface-functions>
    </interface><interface loc="48:/opt/tinyos-release-tinyos-2_1_2//tos/lib/net/TinySDN/TinySdnP.nc" name="Receive" provided="1" ref="0x2b61074c1460">
      <component-ref nicename="TinySdnP" qname="TinySdnP"/>
      <type-interface alignment="I:2" size="I:2"><interface-ref name="Receive" ref="0x2b61074c1460" scoped=""/></type-interface>
      <instance>
        <interfacedef-ref nicename="Receive" qname="Receive"/>
      </instance>
      <interface-parameters>
        <type-int alignment="I:1" cname="unsigned char" size="I:1" unsigned="">
          <typename><typedef-ref name="tinysdnsocket_id_t" ref="0x2b6105f59830"/></typename>
        </type-int>
      </interface-parameters>
      <interface-functions>
        <function-ref name="receive" ref="0x2b61074c17e0" scoped=""/>
      </interface-functions>
    </interface><interface loc="62:/opt/tinyos-release-tinyos-2_1_2//tos/lib/net/TinySDN/TinySdnP.nc" name="TinySDNSocketDebug" provided="0" ref="0x2b6107534080">
      <component-ref nicename="TinySdnP" qname="TinySdnP"/>
      <type-interface alignment="I:2" size="I:2"><interface-ref name="TinySDNSocketDebug" ref="0x2b6107534080" scoped=""/></type-interface>
      <instance>
        <interfacedef-ref nicename="TinySDNSocketDebug" qname="TinySDNSocketDebug"/>
      </instance>
      <interface-functions>
        <function-ref name="logEvent" ref="0x2b6107534400" scoped=""/>
        <function-ref name="logEventMsg" ref="0x2b6107534590" scoped=""/>
        <function-ref name="logEventSimple" ref="0x2b6107534720" scoped=""/>
        <function-ref name="logEventRoute" ref="0x2b61075348b0" scoped=""/>
        <function-ref name="logEventDbg" ref="0x2b6107534a40" scoped=""/>
      </interface-functions>
    </interface><component loc="44:/opt/tinyos-release-tinyos-2_1_2//tos/lib/net/TinySDN/TinySdnP.nc" nicename="TinySdnP" qname="TinySdnP">
      <documentation loc="35:/opt/tinyos-release-tinyos-2_1_2//tos/lib/net/TinySDN/TinySdnP.nc">
        <short>
 TinySDN

 </short>
        <long>
 TinySDN

 @author Bruno Trevizan de Oliveira
 @author Lucas Gabriel Batista
 @date   $Date: 2014-03-01

</long>
      </documentation>
      <configuration/>
      <wiring>
        <wire loc="203:/opt/tinyos-release-tinyos-2_1_2//tos/lib/net/TinySDN/TinySdnP.nc">
          <from><interface-ref name="RootControl" ref="0x2b6107535da0" scoped=""/></from>
          <to><interface-ref name="RootControl" ref="0x2b61079c07a0" scoped=""/></to>
        </wire>
        <wire loc="120:/opt/tinyos-release-tinyos-2_1_2//tos/lib/net/TinySDN/TinySdnP.nc">
          <from><interface-ref name="Intercept" ref="0x2b61074c0db0" scoped=""/></from>
          <to><interface-ref name="Intercept" ref="0x2b61076df970" scoped=""/></to>
        </wire>
        <wire loc="116:/opt/tinyos-release-tinyos-2_1_2//tos/lib/net/TinySDN/TinySdnP.nc">
          <from><interface-ref name="Send" ref="0x2b61074c21d0" scoped=""/></from>
          <to><interface-ref name="Send" ref="0x2b61076e1d30" scoped=""/></to>
        </wire>
        <wire loc="119:/opt/tinyos-release-tinyos-2_1_2//tos/lib/net/TinySDN/TinySdnP.nc">
          <from><interface-ref name="Snoop" ref="0x2b61074c01d0" scoped=""/></from>
          <to><interface-ref name="Snoop" ref="0x2b61076df250" scoped=""/></to>
        </wire>
        <wire loc="121:/opt/tinyos-release-tinyos-2_1_2//tos/lib/net/TinySDN/TinySdnP.nc">
          <from><interface-ref name="Packet" ref="0x2b61074bf410" scoped=""/></from>
          <to><interface-ref name="Packet" ref="0x2b61076de020" scoped=""/></to>
        </wire>
        <wire loc="123:/opt/tinyos-release-tinyos-2_1_2//tos/lib/net/TinySDN/TinySdnP.nc">
          <from><interface-ref name="TinySDNSocketPacket" ref="0x2b61074be180" scoped=""/></from>
          <to><interface-ref name="TinySDNSocketPacket" ref="0x2b61076dec30" scoped=""/></to>
        </wire>
        <wire loc="118:/opt/tinyos-release-tinyos-2_1_2//tos/lib/net/TinySDN/TinySdnP.nc">
          <from><interface-ref name="Receive" ref="0x2b61074c1460" scoped=""/></from>
          <to><interface-ref name="Receive" ref="0x2b61076e0ac0" scoped=""/></to>
        </wire>
        <wire loc="124:/opt/tinyos-release-tinyos-2_1_2//tos/lib/net/TinySDN/TinySdnP.nc">
          <from><interface-ref name="TinySdnPacket" ref="0x2b61074bd020" scoped=""/></from>
          <to><interface-ref name="TinySdnPacket" ref="0x2b61076dda40" scoped=""/></to>
        </wire>
        <wire loc="222:/opt/tinyos-release-tinyos-2_1_2//tos/lib/net/TinySDN/TinySdnP.nc">
          <from><interface-ref name="StdControl" ref="0x2b61074c3370" scoped=""/></from>
          <to><interface-ref name="StdControl" ref="0x2b6107b4a3d0" scoped=""/></to>
        </wire>
        <wire loc="202:/opt/tinyos-release-tinyos-2_1_2//tos/lib/net/TinySDN/TinySdnP.nc">
          <from><interface-ref name="StdControl" ref="0x2b61074c3370" scoped=""/></from>
          <to><interface-ref name="StdControl" ref="0x2b61079be720" scoped=""/></to>
        </wire>
        <wire loc="117:/opt/tinyos-release-tinyos-2_1_2//tos/lib/net/TinySDN/TinySdnP.nc">
          <from><interface-ref name="StdControl" ref="0x2b61074c3370" scoped=""/></from>
          <to><interface-ref name="StdControl" ref="0x2b61076e1460" scoped=""/></to>
        </wire>
        <wire loc="99:/opt/tinyos-release-tinyos-2_1_2//tos/lib/net/TinySDN/TinySdnP.nc">
          <from><interface-ref name="StdControl" ref="0x2b61074c3370" scoped=""/></from>
          <to><interface-ref name="StdControl" ref="0x2b6107748ca0" scoped=""/></to>
        </wire>
        <wire loc="95:/opt/tinyos-release-tinyos-2_1_2//tos/lib/net/TinySDN/TinySdnP.nc">
          <from><interface-ref name="Random" ref="0x2b6107744020" scoped=""/></from>
          <to><interface-ref name="Random" ref="0x2b6106ebca20" scoped=""/></to>
        </wire>
        <wire loc="101:/opt/tinyos-release-tinyos-2_1_2//tos/lib/net/TinySDN/TinySdnP.nc">
          <from><interface-ref name="Random" ref="0x2b61077c1790" scoped=""/></from>
          <to><interface-ref name="Random" ref="0x2b6106ebca20" scoped=""/></to>
        </wire>
        <wire loc="102:/opt/tinyos-release-tinyos-2_1_2//tos/lib/net/TinySDN/TinySdnP.nc">
          <from><interface-ref name="AMSend" ref="0x2b61077c3780" scoped=""/></from>
          <to><interface-ref name="AMSend" ref="0x2b610775f970" scoped=""/></to>
        </wire>
        <wire loc="103:/opt/tinyos-release-tinyos-2_1_2//tos/lib/net/TinySDN/TinySdnP.nc">
          <from><interface-ref name="SubReceive" ref="0x2b61077c2a30" scoped=""/></from>
          <to><interface-ref name="Receive" ref="0x2b6107752530" scoped=""/></to>
        </wire>
        <wire loc="104:/opt/tinyos-release-tinyos-2_1_2//tos/lib/net/TinySDN/TinySdnP.nc">
          <from><interface-ref name="SubPacket" ref="0x2b61077c5cb0" scoped=""/></from>
          <to><interface-ref name="Packet" ref="0x2b610775e5a0" scoped=""/></to>
        </wire>
        <wire loc="105:/opt/tinyos-release-tinyos-2_1_2//tos/lib/net/TinySDN/TinySdnP.nc">
          <from><interface-ref name="SubAMPacket" ref="0x2b61077c7510" scoped=""/></from>
          <to><interface-ref name="AMPacket" ref="0x2b610775d270" scoped=""/></to>
        </wire>
        <wire loc="224:/opt/tinyos-release-tinyos-2_1_2//tos/lib/net/TinySDN/TinySdnP.nc">
          <from><interface-ref name="SoftwareInit" ref="0x2b6105d641b0" scoped=""/></from>
          <to><interface-ref name="Init" ref="0x2b6107b4bdb0" scoped=""/></to>
        </wire>
        <wire loc="204:/opt/tinyos-release-tinyos-2_1_2//tos/lib/net/TinySDN/TinySdnP.nc">
          <from><interface-ref name="SoftwareInit" ref="0x2b6105d641b0" scoped=""/></from>
          <to><interface-ref name="Init" ref="0x2b61079bc020" scoped=""/></to>
        </wire>
        <wire loc="151:/opt/tinyos-release-tinyos-2_1_2//tos/lib/net/TinySDN/TinySdnP.nc">
          <from><interface-ref name="SoftwareInit" ref="0x2b6105d641b0" scoped=""/></from>
          <to><interface-ref name="Init" ref="0x2b61076e2e60" scoped=""/></to>
        </wire>
        <wire loc="106:/opt/tinyos-release-tinyos-2_1_2//tos/lib/net/TinySDN/TinySdnP.nc">
          <from><interface-ref name="SoftwareInit" ref="0x2b6105d641b0" scoped=""/></from>
          <to><interface-ref name="Init" ref="0x2b61077cbc00" scoped=""/></to>
        </wire>
        <wire loc="108:/opt/tinyos-release-tinyos-2_1_2//tos/lib/net/TinySDN/TinySdnP.nc">
          <from><interface-ref name="LinkEstimator" ref="0x2b610773d5d0" scoped=""/></from>
          <to><interface-ref name="LinkEstimator" ref="0x2b61077cc920" scoped=""/></to>
        </wire>
        <wire loc="109:/opt/tinyos-release-tinyos-2_1_2//tos/lib/net/TinySDN/TinySdnP.nc">
          <from><interface-ref name="PacketAcknowledgements" ref="0x2b610773b8b0" scoped=""/></from>
          <to><interface-ref name="Acks" ref="0x2b61078ab020" scoped=""/></to>
        </wire>
        <wire loc="110:/opt/tinyos-release-tinyos-2_1_2//tos/lib/net/TinySDN/TinySdnP.nc">
          <from><interface-ref name="initLE" ref="0x2b610773a2b0" scoped=""/></from>
          <to><interface-ref name="Init" ref="0x2b61077cbc00" scoped=""/></to>
        </wire>
        <wire loc="114:/opt/tinyos-release-tinyos-2_1_2//tos/lib/net/TinySDN/TinySdnP.nc">
          <from><interface-ref name="NotifyTimer" ref="0x2b61077423d0" scoped=""/></from>
          <to><interface-ref name="Timer" ref="0x2b610774e870" scoped=""/></to>
        </wire>
        <wire loc="122:/opt/tinyos-release-tinyos-2_1_2//tos/lib/net/TinySDN/TinySdnP.nc">
          <from><interface-ref name="TinySDNSocketId" ref="0x2b61076c2b50" scoped=""/></from>
          <to><interface-ref name="TinySDNSocketId" ref="0x2b6107538d70" scoped=""/></to>
        </wire>
        <wire loc="128:/opt/tinyos-release-tinyos-2_1_2//tos/lib/net/TinySDN/TinySdnP.nc">
          <from><interface-ref name="QEntryPool" ref="0x2b61076cde60" scoped=""/></from>
          <to><interface-ref name="Pool" ref="0x2b6107875140" scoped=""/></to>
        </wire>
        <wire loc="129:/opt/tinyos-release-tinyos-2_1_2//tos/lib/net/TinySDN/TinySdnP.nc">
          <from><interface-ref name="MessagePool" ref="0x2b61076c98d0" scoped=""/></from>
          <to><interface-ref name="Pool" ref="0x2b6107813cd0" scoped=""/></to>
        </wire>
        <wire loc="134:/opt/tinyos-release-tinyos-2_1_2//tos/lib/net/TinySDN/TinySdnP.nc">
          <from><interface-ref name="SendQueue" ref="0x2b61076d18c0" scoped=""/></from>
          <to><interface-ref name="Queue" ref="0x2b6107868020" scoped=""/></to>
        </wire>
        <wire loc="137:/opt/tinyos-release-tinyos-2_1_2//tos/lib/net/TinySDN/TinySdnP.nc">
          <from><interface-ref name="SentCache" ref="0x2b61076c52c0" scoped=""/></from>
          <to><interface-ref name="Cache" ref="0x2b61078bec80" scoped=""/></to>
        </wire>
        <wire loc="146:/opt/tinyos-release-tinyos-2_1_2//tos/lib/net/TinySDN/TinySdnP.nc">
          <from><interface-ref name="TinySDNSocketDebug" ref="0x2b6107744980" scoped=""/></from>
          <to><interface-ref name="TinySDNSocketDebug" ref="0x2b6107534080" scoped=""/></to>
        </wire>
        <wire loc="149:/opt/tinyos-release-tinyos-2_1_2//tos/lib/net/TinySDN/TinySdnP.nc">
          <from><interface-ref name="RetxmitTimer" ref="0x2b61076d8a10" scoped=""/></from>
          <to><interface-ref name="Timer" ref="0x2b61078a3180" scoped=""/></to>
        </wire>
        <wire loc="152:/opt/tinyos-release-tinyos-2_1_2//tos/lib/net/TinySDN/TinySdnP.nc">
          <from><interface-ref name="SubSend" ref="0x2b61076dac00" scoped=""/></from>
          <to><interface-ref name="AMSend" ref="0x2b61078ae020" scoped=""/></to>
        </wire>
        <wire loc="153:/opt/tinyos-release-tinyos-2_1_2//tos/lib/net/TinySDN/TinySdnP.nc">
          <from><interface-ref name="SubReceive" ref="0x2b61076c4df0" scoped=""/></from>
          <to><interface-ref name="Receive" ref="0x2b61078a9a30" scoped=""/></to>
        </wire>
        <wire loc="155:/opt/tinyos-release-tinyos-2_1_2//tos/lib/net/TinySDN/TinySdnP.nc">
          <from><interface-ref name="SubPacket" ref="0x2b61076d4e40" scoped=""/></from>
          <to><interface-ref name="Packet" ref="0x2b61078aec30" scoped=""/></to>
        </wire>
        <wire loc="156:/opt/tinyos-release-tinyos-2_1_2//tos/lib/net/TinySDN/TinySdnP.nc">
          <from><interface-ref name="CtrlPacket" ref="0x2b61076d2ab0" scoped=""/></from>
          <to><interface-ref name="Packet" ref="0x2b61078aec30" scoped=""/></to>
        </wire>
        <wire loc="158:/opt/tinyos-release-tinyos-2_1_2//tos/lib/net/TinySDN/TinySdnP.nc">
          <from><interface-ref name="RadioControl" ref="0x2b6107743760" scoped=""/></from>
          <to><interface-ref name="SplitControl" ref="0x2b6107531a60" scoped=""/></to>
        </wire>
        <wire loc="159:/opt/tinyos-release-tinyos-2_1_2//tos/lib/net/TinySDN/TinySdnP.nc">
          <from><interface-ref name="AMPacket" ref="0x2b61076c1270" scoped=""/></from>
          <to><interface-ref name="AMPacket" ref="0x2b61078ad8b0" scoped=""/></to>
        </wire>
        <wire loc="160:/opt/tinyos-release-tinyos-2_1_2//tos/lib/net/TinySDN/TinySdnP.nc">
          <from><interface-ref name="Leds" ref="0x2b61076c08b0" scoped=""/></from>
          <to><interface-ref name="Leds" ref="0x2b6105f285b0" scoped=""/></to>
        </wire>
        <wire loc="186:/opt/tinyos-release-tinyos-2_1_2//tos/lib/net/TinySDN/TinySdnP.nc">
          <from><interface-ref name="LinkPacketMetadata" ref="0x2b61077c1180" scoped=""/></from>
          <to><interface-ref name="LinkPacketMetadata" ref="0x2b61063e01e0" scoped=""/></to>
        </wire>
        <wire loc="189:/opt/tinyos-release-tinyos-2_1_2//tos/lib/net/TinySDN/TinySdnP.nc">
          <from><interface-ref name="LinkEstimator" ref="0x2b610770a5a0" scoped=""/></from>
          <to><interface-ref name="LinkEstimator" ref="0x2b61077cc920" scoped=""/></to>
        </wire>
        <wire loc="190:/opt/tinyos-release-tinyos-2_1_2//tos/lib/net/TinySDN/TinySdnP.nc">
          <from><interface-ref name="TopologyReportTimer" ref="0x2b610772eaf0" scoped=""/></from>
          <to><interface-ref name="Timer" ref="0x2b610774e870" scoped=""/></to>
        </wire>
        <wire loc="191:/opt/tinyos-release-tinyos-2_1_2//tos/lib/net/TinySDN/TinySdnP.nc">
          <from><interface-ref name="TinySdnReportTopologyPacket" ref="0x2b610770be00" scoped=""/></from>
          <to><interface-ref name="TinySdnReportTopologyPacket" ref="0x2b61076dbb40" scoped=""/></to>
        </wire>
        <wire loc="193:/opt/tinyos-release-tinyos-2_1_2//tos/lib/net/TinySDN/TinySdnP.nc">
          <from><interface-ref name="StdControlTopologyCollection" ref="0x2b61077395d0" scoped=""/></from>
          <to><interface-ref name="StdControl" ref="0x2b610772e1d0" scoped=""/></to>
        </wire>
        <wire loc="205:/opt/tinyos-release-tinyos-2_1_2//tos/lib/net/TinySDN/TinySdnP.nc">
          <from><interface-ref name="BeaconSend" ref="0x2b61079bc690" scoped=""/></from>
          <to><interface-ref name="Send" ref="0x2b6107745530" scoped=""/></to>
        </wire>
        <wire loc="206:/opt/tinyos-release-tinyos-2_1_2//tos/lib/net/TinySDN/TinySdnP.nc">
          <from><interface-ref name="BeaconReceive" ref="0x2b61079bb440" scoped=""/></from>
          <to><interface-ref name="Receive" ref="0x2b61077cc2c0" scoped=""/></to>
        </wire>
        <wire loc="207:/opt/tinyos-release-tinyos-2_1_2//tos/lib/net/TinySDN/TinySdnP.nc">
          <from><interface-ref name="LinkEstimator" ref="0x2b61079bba10" scoped=""/></from>
          <to><interface-ref name="LinkEstimator" ref="0x2b61077cc920" scoped=""/></to>
        </wire>
        <wire loc="209:/opt/tinyos-release-tinyos-2_1_2//tos/lib/net/TinySDN/TinySdnP.nc">
          <from><interface-ref name="CompareBit" ref="0x2b6107a3c600" scoped=""/></from>
          <to><interface-ref name="CompareBit" ref="0x2b61077c30f0" scoped=""/></to>
        </wire>
        <wire loc="211:/opt/tinyos-release-tinyos-2_1_2//tos/lib/net/TinySDN/TinySdnP.nc">
          <from><interface-ref name="AMPacket" ref="0x2b61079bad60" scoped=""/></from>
          <to><interface-ref name="AMPacket" ref="0x2b610752acf0" scoped=""/></to>
        </wire>
        <wire loc="212:/opt/tinyos-release-tinyos-2_1_2//tos/lib/net/TinySDN/TinySdnP.nc">
          <from><interface-ref name="RadioControl" ref="0x2b6107a49440" scoped=""/></from>
          <to><interface-ref name="SplitControl" ref="0x2b6107531a60" scoped=""/></to>
        </wire>
        <wire loc="213:/opt/tinyos-release-tinyos-2_1_2//tos/lib/net/TinySDN/TinySdnP.nc">
          <from><interface-ref name="BeaconTimer" ref="0x2b6107a48060" scoped=""/></from>
          <to><interface-ref name="Timer" ref="0x2b6107a36980" scoped=""/></to>
        </wire>
        <wire loc="214:/opt/tinyos-release-tinyos-2_1_2//tos/lib/net/TinySDN/TinySdnP.nc">
          <from><interface-ref name="RouteTimer" ref="0x2b6107a43570" scoped=""/></from>
          <to><interface-ref name="Timer" ref="0x2b6107a2f2d0" scoped=""/></to>
        </wire>
        <wire loc="215:/opt/tinyos-release-tinyos-2_1_2//tos/lib/net/TinySDN/TinySdnP.nc">
          <from><interface-ref name="CtpCongestion" ref="0x2b6107a3de80" scoped=""/></from>
          <to><interface-ref name="CtpCongestion" ref="0x2b61076da400" scoped=""/></to>
        </wire>
        <wire loc="216:/opt/tinyos-release-tinyos-2_1_2//tos/lib/net/TinySDN/TinySdnP.nc">
          <from><interface-ref name="Random" ref="0x2b6107a3e980" scoped=""/></from>
          <to><interface-ref name="Random" ref="0x2b6106ebca20" scoped=""/></to>
        </wire>
        <wire loc="218:/opt/tinyos-release-tinyos-2_1_2//tos/lib/net/TinySDN/TinySdnP.nc">
          <from><interface-ref name="CTPPathToController" ref="0x2b6107739d70" scoped=""/></from>
          <to><interface-ref name="Routing" ref="0x2b61079c1cf0" scoped=""/></to>
        </wire>
        <wire loc="223:/opt/tinyos-release-tinyos-2_1_2//tos/lib/net/TinySDN/TinySdnP.nc">
          <from><interface-ref name="CollectionId" ref="0x2b6107bbeb00" scoped=""/></from>
          <to><interface-ref name="CollectionId" ref="0x2b61075379b0" scoped=""/></to>
        </wire>
        <wire loc="225:/opt/tinyos-release-tinyos-2_1_2//tos/lib/net/TinySDN/TinySdnP.nc">
          <from><interface-ref name="LinkEstimator" ref="0x2b6107b3ca50" scoped=""/></from>
          <to><interface-ref name="LinkEstimator" ref="0x2b61077cc920" scoped=""/></to>
        </wire>
        <wire loc="226:/opt/tinyos-release-tinyos-2_1_2//tos/lib/net/TinySDN/TinySdnP.nc">
          <from><interface-ref name="SubSend" ref="0x2b6107b42060" scoped=""/></from>
          <to><interface-ref name="AMSend" ref="0x2b61078b90e0" scoped=""/></to>
        </wire>
        <wire loc="227:/opt/tinyos-release-tinyos-2_1_2//tos/lib/net/TinySDN/TinySdnP.nc">
          <from><interface-ref name="SubPacket" ref="0x2b6107b398c0" scoped=""/></from>
          <to><interface-ref name="Packet" ref="0x2b61078b9cf0" scoped=""/></to>
        </wire>
        <wire loc="228:/opt/tinyos-release-tinyos-2_1_2//tos/lib/net/TinySDN/TinySdnP.nc">
          <from><interface-ref name="AMPacket" ref="0x2b6107bbd330" scoped=""/></from>
          <to><interface-ref name="AMPacket" ref="0x2b61078b8930" scoped=""/></to>
        </wire>
        <wire loc="229:/opt/tinyos-release-tinyos-2_1_2//tos/lib/net/TinySDN/TinySdnP.nc">
          <from><interface-ref name="PacketAcknowledgements" ref="0x2b6107b42c70" scoped=""/></from>
          <to><interface-ref name="Acks" ref="0x2b61078b5020" scoped=""/></to>
        </wire>
        <wire loc="230:/opt/tinyos-release-tinyos-2_1_2//tos/lib/net/TinySDN/TinySdnP.nc">
          <from><interface-ref name="SubReceive" ref="0x2b6107bc2df0" scoped=""/></from>
          <to><interface-ref name="Receive" ref="0x2b61078b39f0" scoped=""/></to>
        </wire>
        <wire loc="231:/opt/tinyos-release-tinyos-2_1_2//tos/lib/net/TinySDN/TinySdnP.nc">
          <from><interface-ref name="SentCache" ref="0x2b6107b2c2c0" scoped=""/></from>
          <to><interface-ref name="Cache" ref="0x2b61078bec80" scoped=""/></to>
        </wire>
        <wire loc="232:/opt/tinyos-release-tinyos-2_1_2//tos/lib/net/TinySDN/TinySdnP.nc">
          <from><interface-ref name="SendQueue" ref="0x2b6107b38730" scoped=""/></from>
          <to><interface-ref name="Queue" ref="0x2b610786fcd0" scoped=""/></to>
        </wire>
        <wire loc="233:/opt/tinyos-release-tinyos-2_1_2//tos/lib/net/TinySDN/TinySdnP.nc">
          <from><interface-ref name="RootControl" ref="0x2b6107bbe0e0" scoped=""/></from>
          <to><interface-ref name="RootControl" ref="0x2b61079c07a0" scoped=""/></to>
        </wire>
        <wire loc="234:/opt/tinyos-release-tinyos-2_1_2//tos/lib/net/TinySDN/TinySdnP.nc">
          <from><interface-ref name="UnicastNameFreeRouting" ref="0x2b6107b3bd60" scoped=""/></from>
          <to><interface-ref name="Routing" ref="0x2b61079c1cf0" scoped=""/></to>
        </wire>
        <wire loc="235:/opt/tinyos-release-tinyos-2_1_2//tos/lib/net/TinySDN/TinySdnP.nc">
          <from><interface-ref name="RadioControl" ref="0x2b6107bb9440" scoped=""/></from>
          <to><interface-ref name="SplitControl" ref="0x2b6107531a60" scoped=""/></to>
        </wire>
        <wire loc="236:/opt/tinyos-release-tinyos-2_1_2//tos/lib/net/TinySDN/TinySdnP.nc">
          <from><interface-ref name="CtpInfo" ref="0x2b6107bc0a20" scoped=""/></from>
          <to><interface-ref name="CtpInfo" ref="0x2b61079bf0e0" scoped=""/></to>
        </wire>
        <wire loc="237:/opt/tinyos-release-tinyos-2_1_2//tos/lib/net/TinySDN/TinySdnP.nc">
          <from><interface-ref name="MessagePool" ref="0x2b6107b308d0" scoped=""/></from>
          <to><interface-ref name="Pool" ref="0x2b6107813cd0" scoped=""/></to>
        </wire>
        <wire loc="238:/opt/tinyos-release-tinyos-2_1_2//tos/lib/net/TinySDN/TinySdnP.nc">
          <from><interface-ref name="QEntryPool" ref="0x2b6107b34e60" scoped=""/></from>
          <to><interface-ref name="Pool" ref="0x2b6107875140" scoped=""/></to>
        </wire>
        <wire loc="239:/opt/tinyos-release-tinyos-2_1_2//tos/lib/net/TinySDN/TinySdnP.nc">
          <from><interface-ref name="Random" ref="0x2b6107bba020" scoped=""/></from>
          <to><interface-ref name="Random" ref="0x2b6106ebca20" scoped=""/></to>
        </wire>
        <wire loc="240:/opt/tinyos-release-tinyos-2_1_2//tos/lib/net/TinySDN/TinySdnP.nc">
          <from><interface-ref name="RetxmitTimer" ref="0x2b6107b416f0" scoped=""/></from>
          <to><interface-ref name="Timer" ref="0x2b61078a3180" scoped=""/></to>
        </wire>
        <wire loc="242:/opt/tinyos-release-tinyos-2_1_2//tos/lib/net/TinySDN/TinySdnP.nc">
          <from><interface-ref name="CTPSendToController" ref="0x2b610773a8c0" scoped=""/></from>
          <to><interface-ref name="Send" ref="0x2b6107b4ac60" scoped=""/>
          <arguments>
            <value cst="I:0">
              <type-int alignment="I:2" cname="unsigned int" size="I:2" unsigned=""/>
            </value>
          </arguments>
          </to>
        </wire>
      </wiring>
    </component></referenced></component>