<?xml version="1.0" ?><component abstract="" loc="45:/opt/tinyos-release-tinyos-2_1_2//tos/lib/net/TinySDNSocketIdP.nc" nicename="TinySDNSocketIdP" qname="TinySDNSocketIdP">
      <documentation loc="35:/opt/tinyos-release-tinyos-2_1_2//tos/lib/net/TinySDNSocketIdP.nc">
        <short>
  Interface for fetching the collection ID associated with a
  collection sender instance.</short>
        <long>
  Interface for fetching the collection ID associated with a
  collection sender instance.

  @author Kyle Jamieson
  @date   $Date: 2006-12-12 18:23:28 $
</long>
      </documentation>
      <parameters>
        <constant loc="45:/opt/tinyos-release-tinyos-2_1_2//tos/lib/net/TinySDNSocketIdP.nc" name="collectid" ref="0x2b6107b77ad0">
          <component-ref nicename="TinySDNSocketIdP" qname="TinySDNSocketIdP"/>
          <type-int alignment="I:1" cname="unsigned char" size="I:1" unsigned="">
            <typename><typedef-ref name="tinysdnsocket_id_t" ref="0x2b6105f59830"/></typename>
          </type-int>
        </constant>
      </parameters>
      <module/>
    <specification><interface loc="46:/opt/tinyos-release-tinyos-2_1_2//tos/lib/net/TinySDNSocketIdP.nc" name="TinySDNSocketId" provided="1" ref="0x2b6107c10020">
      <component-ref nicename="TinySDNSocketIdP" qname="TinySDNSocketIdP"/>
      <type-interface alignment="I:2" size="I:2"><interface-ref name="TinySDNSocketId" ref="0x2b6107c10020" scoped=""/></type-interface>
      <instance>
        <interfacedef-ref nicename="TinySDNSocketId" qname="TinySDNSocketId"/>
      </instance>
      <interface-functions>
        <function-ref name="fetch" ref="0x2b6107c103a0" scoped=""/>
      </interface-functions>
    </interface></specification><referenced/></component>