<?xml version="1.0" ?><component loc="40:/opt/tinyos-release-tinyos-2_1_2//tos/chips/cc2420/unique/UniqueReceiveC.nc" nicename="UniqueReceiveC" qname="UniqueReceiveC">
      <documentation loc="32:/opt/tinyos-release-tinyos-2_1_2//tos/chips/cc2420/unique/UniqueReceiveC.nc">
        <short>
 This layer keeps a history of the past RECEIVE_HISTORY_SIZE received messages
 If the source address and dsn number of a newly received message matches
 our recent history, we drop the message because we've already seen it.</short>
        <long>
 This layer keeps a history of the past RECEIVE_HISTORY_SIZE received messages
 If the source address and dsn number of a newly received message matches
 our recent history, we drop the message because we've already seen it.
 This should sit at the bottom of the stack
 @author David Moss
</long>
      </documentation>
      <configuration/>
      <wiring>
        <wire loc="56:/opt/tinyos-release-tinyos-2_1_2//tos/chips/cc2420/unique/UniqueReceiveC.nc">
          <from><interface-ref name="Receive" ref="0x2b6106ee8ab0" scoped=""/></from>
          <to><interface-ref name="Receive" ref="0x2b6106ee4e40" scoped=""/></to>
        </wire>
        <wire loc="57:/opt/tinyos-release-tinyos-2_1_2//tos/chips/cc2420/unique/UniqueReceiveC.nc">
          <from><interface-ref name="DuplicateReceive" ref="0x2b6106ee5200" scoped=""/></from>
          <to><interface-ref name="DuplicateReceive" ref="0x2b6106ee1570" scoped=""/></to>
        </wire>
        <wire loc="58:/opt/tinyos-release-tinyos-2_1_2//tos/chips/cc2420/unique/UniqueReceiveC.nc">
          <from><interface-ref name="SubReceive" ref="0x2b6106edf3f0" scoped=""/></from>
          <to><interface-ref name="SubReceive" ref="0x2b6106ee5950" scoped=""/></to>
        </wire>
        <wire loc="60:/opt/tinyos-release-tinyos-2_1_2//tos/chips/cc2420/unique/UniqueReceiveC.nc">
          <from><interface-ref name="SoftwareInit" ref="0x2b6105d641b0" scoped=""/></from>
          <to><interface-ref name="Init" ref="0x2b6106ee1b70" scoped=""/></to>
        </wire>
        <wire loc="62:/opt/tinyos-release-tinyos-2_1_2//tos/chips/cc2420/unique/UniqueReceiveC.nc">
          <from><interface-ref name="CC2420PacketBody" ref="0x2b6106edfa70" scoped=""/></from>
          <to><interface-ref name="CC2420PacketBody" ref="0x2b6106dec0c0" scoped=""/></to>
        </wire>
      </wiring>
    <specification><interface loc="47:/opt/tinyos-release-tinyos-2_1_2//tos/chips/cc2420/unique/UniqueReceiveC.nc" name="SubReceive" provided="0" ref="0x2b6106ee5950">
      <component-ref nicename="UniqueReceiveC" qname="UniqueReceiveC"/>
      <type-interface alignment="I:2" size="I:2"><interface-ref name="SubReceive" ref="0x2b6106ee5950" scoped=""/></type-interface>
      <instance>
        <interfacedef-ref nicename="Receive" qname="Receive"/>
      </instance>
      <interface-functions>
        <function-ref name="receive" ref="0x2b6106ee5cd0" scoped=""/>
      </interface-functions>
    </interface><interface loc="42:/opt/tinyos-release-tinyos-2_1_2//tos/chips/cc2420/unique/UniqueReceiveC.nc" name="Receive" provided="1" ref="0x2b6106ee8ab0">
      <component-ref nicename="UniqueReceiveC" qname="UniqueReceiveC"/>
      <type-interface alignment="I:2" size="I:2"><interface-ref name="Receive" ref="0x2b6106ee8ab0" scoped=""/></type-interface>
      <instance>
        <interfacedef-ref nicename="Receive" qname="Receive"/>
      </instance>
      <interface-functions>
        <function-ref name="receive" ref="0x2b6106ee8e30" scoped=""/>
      </interface-functions>
    </interface><interface loc="43:/opt/tinyos-release-tinyos-2_1_2//tos/chips/cc2420/unique/UniqueReceiveC.nc" name="DuplicateReceive" provided="1" ref="0x2b6106ee5200">
      <component-ref nicename="UniqueReceiveC" qname="UniqueReceiveC"/>
      <type-interface alignment="I:2" size="I:2"><interface-ref name="DuplicateReceive" ref="0x2b6106ee5200" scoped=""/></type-interface>
      <instance>
        <interfacedef-ref nicename="Receive" qname="Receive"/>
      </instance>
      <interface-functions>
        <function-ref name="receive" ref="0x2b6106ee5580" scoped=""/>
      </interface-functions>
    </interface></specification><referenced><interface loc="50:/opt/tinyos-release-tinyos-2_1_2//tos/chips/cc2420/unique/UniqueReceiveP.nc" name="CC2420PacketBody" provided="0" ref="0x2b6106edfa70">
      <component-ref nicename="UniqueReceiveP" qname="UniqueReceiveP"/>
      <type-interface alignment="I:2" size="I:2"><interface-ref name="CC2420PacketBody" ref="0x2b6106edfa70" scoped=""/></type-interface>
      <instance>
        <interfacedef-ref nicename="CC2420PacketBody" qname="CC2420PacketBody"/>
      </instance>
      <interface-functions>
        <function-ref name="getPayload" ref="0x2b6106edfdf0" scoped=""/>
        <function-ref name="getHeader" ref="0x2b6106ede020" scoped=""/>
        <function-ref name="getMetadata" ref="0x2b6106ede1b0" scoped=""/>
      </interface-functions>
    </interface><interface loc="49:/opt/tinyos-release-tinyos-2_1_2//tos/chips/cc2420/unique/UniqueReceiveP.nc" name="SubReceive" provided="0" ref="0x2b6106edf3f0">
      <component-ref nicename="UniqueReceiveP" qname="UniqueReceiveP"/>
      <type-interface alignment="I:2" size="I:2"><interface-ref name="SubReceive" ref="0x2b6106edf3f0" scoped=""/></type-interface>
      <instance>
        <interfacedef-ref nicename="Receive" qname="Receive"/>
      </instance>
      <interface-functions>
        <function-ref name="receive" ref="0x2b6106edf770" scoped=""/>
      </interface-functions>
    </interface><interface loc="43:/opt/tinyos-release-tinyos-2_1_2//tos/chips/cc2420/packet/CC2420PacketC.nc" name="CC2420PacketBody" provided="1" ref="0x2b6106dec0c0">
      <component-ref nicename="CC2420PacketC" qname="CC2420PacketC"/>
      <type-interface alignment="I:2" size="I:2"><interface-ref name="CC2420PacketBody" ref="0x2b6106dec0c0" scoped=""/></type-interface>
      <instance>
        <interfacedef-ref nicename="CC2420PacketBody" qname="CC2420PacketBody"/>
      </instance>
      <interface-functions>
        <function-ref name="getPayload" ref="0x2b6106dec440" scoped=""/>
        <function-ref name="getHeader" ref="0x2b6106dec5d0" scoped=""/>
        <function-ref name="getMetadata" ref="0x2b6106dec760" scoped=""/>
      </interface-functions>
    </interface><interface loc="45:/opt/tinyos-release-tinyos-2_1_2//tos/chips/cc2420/unique/UniqueReceiveP.nc" name="Init" provided="1" ref="0x2b6106ee1b70">
      <component-ref nicename="UniqueReceiveP" qname="UniqueReceiveP"/>
      <type-interface alignment="I:2" size="I:2"><interface-ref name="Init" ref="0x2b6106ee1b70" scoped=""/></type-interface>
      <instance>
        <interfacedef-ref nicename="Init" qname="Init"/>
      </instance>
      <interface-functions>
        <function-ref name="init" ref="0x2b6106edf020" scoped=""/>
      </interface-functions>
    </interface><interface loc="44:/opt/tinyos-release-tinyos-2_1_2//tos/chips/cc2420/unique/UniqueReceiveP.nc" name="DuplicateReceive" provided="1" ref="0x2b6106ee1570">
      <component-ref nicename="UniqueReceiveP" qname="UniqueReceiveP"/>
      <type-interface alignment="I:2" size="I:2"><interface-ref name="DuplicateReceive" ref="0x2b6106ee1570" scoped=""/></type-interface>
      <instance>
        <interfacedef-ref nicename="Receive" qname="Receive"/>
      </instance>
      <interface-functions>
        <function-ref name="receive" ref="0x2b6106ee18f0" scoped=""/>
      </interface-functions>
    </interface><interface loc="43:/opt/tinyos-release-tinyos-2_1_2//tos/chips/cc2420/unique/UniqueReceiveP.nc" name="Receive" provided="1" ref="0x2b6106ee4e40">
      <component-ref nicename="UniqueReceiveP" qname="UniqueReceiveP"/>
      <type-interface alignment="I:2" size="I:2"><interface-ref name="Receive" ref="0x2b6106ee4e40" scoped=""/></type-interface>
      <instance>
        <interfacedef-ref nicename="Receive" qname="Receive"/>
      </instance>
      <interface-functions>
        <function-ref name="receive" ref="0x2b6106ee11e0" scoped=""/>
      </interface-functions>
    </interface><interface loc="58:/opt/tinyos-release-tinyos-2_1_2//tos/system/MainC.nc" name="SoftwareInit" provided="0" ref="0x2b6105d641b0">
      <component-ref nicename="MainC" qname="MainC"/>
      <type-interface alignment="I:2" size="I:2"><interface-ref name="SoftwareInit" ref="0x2b6105d641b0" scoped=""/></type-interface>
      <instance>
        <interfacedef-ref nicename="Init" qname="Init"/>
      </instance>
      <interface-functions>
        <function-ref name="init" ref="0x2b6105d64530" scoped=""/>
      </interface-functions>
    </interface><component loc="41:/opt/tinyos-release-tinyos-2_1_2//tos/chips/cc2420/unique/UniqueReceiveP.nc" nicename="UniqueReceiveP" qname="UniqueReceiveP" safe="">
      <documentation loc="32:/opt/tinyos-release-tinyos-2_1_2//tos/chips/cc2420/unique/UniqueReceiveP.nc">
        <short> 
 This layer keeps a history of the past RECEIVE_HISTORY_SIZE received messages
 If the source address and dsn number of a newly received message matches
 our recent history, we drop the message because we've already seen it.</short>
        <long> 
 This layer keeps a history of the past RECEIVE_HISTORY_SIZE received messages
 If the source address and dsn number of a newly received message matches
 our recent history, we drop the message because we've already seen it.
 @author David Moss
</long>
      </documentation>
      <module/>
    </component><component loc="56:/opt/tinyos-release-tinyos-2_1_2//tos/system/MainC.nc" nicename="MainC" qname="MainC">
      <documentation loc="45:/opt/tinyos-release-tinyos-2_1_2//tos/system/MainC.nc">
        <short>
 MainC is the system interface the TinyOS boot sequence.</short>
        <long>
 MainC is the system interface the TinyOS boot sequence. It wires the
 boot sequence implementation to the scheduler and hardware resources.

 @author Philip Levis
 @date   August 6 2005
 @see    TEP 107: Boot Sequence
</long>
      </documentation>
      <configuration/>
      <wiring>
        <wire loc="72:/opt/tinyos-release-tinyos-2_1_2//tos/system/MainC.nc">
          <from><interface-ref name="Boot" ref="0x2b6105d69c20" scoped=""/></from>
          <to><interface-ref name="Boot" ref="0x2b6105f1a590" scoped=""/></to>
        </wire>
        <wire loc="67:/opt/tinyos-release-tinyos-2_1_2//tos/system/MainC.nc">
          <from><interface-ref name="Scheduler" ref="0x2b6105f1ac00" scoped=""/></from>
          <to><interface-ref name="Scheduler" ref="0x2b61058673a0" scoped=""/></to>
        </wire>
        <wire loc="68:/opt/tinyos-release-tinyos-2_1_2//tos/system/MainC.nc">
          <from><interface-ref name="PlatformInit" ref="0x2b6105f336c0" scoped=""/></from>
          <to><interface-ref name="Init" ref="0x2b6105d63190" scoped=""/></to>
        </wire>
        <wire loc="71:/opt/tinyos-release-tinyos-2_1_2//tos/system/MainC.nc">
          <from><interface-ref name="SoftwareInit" ref="0x2b6105f33dc0" scoped=""/></from>
          <to><interface-ref name="SoftwareInit" ref="0x2b6105d641b0" scoped=""/></to>
        </wire>
      </wiring>
    </component><component loc="38:/opt/tinyos-release-tinyos-2_1_2//tos/chips/cc2420/packet/CC2420PacketC.nc" nicename="CC2420PacketC" qname="CC2420PacketC">
      <documentation loc="32:/opt/tinyos-release-tinyos-2_1_2//tos/chips/cc2420/packet/CC2420PacketC.nc">
        <short>
 </short>
        <long>
 @author Jonathan Hui &lt;jhui@archrock.com&gt;
 @author David Moss
 @author Chad Metcalf
</long>
      </documentation>
      <configuration/>
      <wiring>
        <wire loc="58:/opt/tinyos-release-tinyos-2_1_2//tos/chips/cc2420/packet/CC2420PacketC.nc">
          <from><interface-ref name="LinkPacketMetadata" ref="0x2b6106deca70" scoped=""/></from>
          <to><interface-ref name="LinkPacketMetadata" ref="0x2b6106ddd020" scoped=""/></to>
        </wire>
        <wire loc="55:/opt/tinyos-release-tinyos-2_1_2//tos/chips/cc2420/packet/CC2420PacketC.nc">
          <from><interface-ref name="CC2420Packet" ref="0x2b6106df0680" scoped=""/></from>
          <to><interface-ref name="CC2420Packet" ref="0x2b6106de2d30" scoped=""/></to>
        </wire>
        <wire loc="59:/opt/tinyos-release-tinyos-2_1_2//tos/chips/cc2420/packet/CC2420PacketC.nc">
          <from><interface-ref name="PacketTimeStamp32khz" ref="0x2b6106deb550" scoped=""/></from>
          <to><interface-ref name="PacketTimeStamp32khz" ref="0x2b6106ddda80" scoped=""/></to>
        </wire>
        <wire loc="57:/opt/tinyos-release-tinyos-2_1_2//tos/chips/cc2420/packet/CC2420PacketC.nc">
          <from><interface-ref name="CC2420PacketBody" ref="0x2b6106dec0c0" scoped=""/></from>
          <to><interface-ref name="CC2420PacketBody" ref="0x2b6106dde640" scoped=""/></to>
        </wire>
        <wire loc="61:/opt/tinyos-release-tinyos-2_1_2//tos/chips/cc2420/packet/CC2420PacketC.nc">
          <from><interface-ref name="PacketTimeSyncOffset" ref="0x2b6106de3480" scoped=""/></from>
          <to><interface-ref name="PacketTimeSyncOffset" ref="0x2b6106dd58b0" scoped=""/></to>
        </wire>
        <wire loc="60:/opt/tinyos-release-tinyos-2_1_2//tos/chips/cc2420/packet/CC2420PacketC.nc">
          <from><interface-ref name="PacketTimeStampMilli" ref="0x2b6106de7660" scoped=""/></from>
          <to><interface-ref name="PacketTimeStampMilli" ref="0x2b6106dd9af0" scoped=""/></to>
        </wire>
        <wire loc="56:/opt/tinyos-release-tinyos-2_1_2//tos/chips/cc2420/packet/CC2420PacketC.nc">
          <from><interface-ref name="Acks" ref="0x2b6106ded6e0" scoped=""/></from>
          <to><interface-ref name="Acks" ref="0x2b6106ddfc50" scoped=""/></to>
        </wire>
        <wire loc="64:/opt/tinyos-release-tinyos-2_1_2//tos/chips/cc2420/packet/CC2420PacketC.nc">
          <from><interface-ref name="Counter" ref="0x2b6106e43020" scoped=""/></from>
          <to><interface-ref name="Counter" ref="0x2b6106568d70" scoped=""/></to>
        </wire>
        <wire loc="65:/opt/tinyos-release-tinyos-2_1_2//tos/chips/cc2420/packet/CC2420PacketC.nc">
          <from><interface-ref name="LocalTime32khz" ref="0x2b6106dd23b0" scoped=""/></from>
          <to><interface-ref name="LocalTime" ref="0x2b6106e46cf0" scoped=""/></to>
        </wire>
        <wire loc="69:/opt/tinyos-release-tinyos-2_1_2//tos/chips/cc2420/packet/CC2420PacketC.nc">
          <from><interface-ref name="LocalTimeMilli" ref="0x2b6106dd16e0" scoped=""/></from>
          <to><interface-ref name="LocalTime" ref="0x2b610621d1a0" scoped=""/></to>
        </wire>
      </wiring>
    </component></referenced></component>