<?xml version="1.0" ?><component loc="38:/opt/tinyos-release-tinyos-2_1_2//tos/chips/cc2420/unique/UniqueSendP.nc" nicename="UniqueSendP" qname="UniqueSendP" safe="">
      <documentation loc="32:/opt/tinyos-release-tinyos-2_1_2//tos/chips/cc2420/unique/UniqueSendP.nc">
        <short>
 This layer is responsible for supplying a unique data sequence number (dsn)
 to each outgoing message.</short>
        <long>
 This layer is responsible for supplying a unique data sequence number (dsn)
 to each outgoing message.
 @author David Moss
</long>
      </documentation>
      <module/>
    <specification><interface loc="45:/opt/tinyos-release-tinyos-2_1_2//tos/chips/cc2420/unique/UniqueSendP.nc" name="SubSend" provided="0" ref="0x2b6106e98e60">
      <component-ref nicename="UniqueSendP" qname="UniqueSendP"/>
      <type-interface alignment="I:2" size="I:2"><interface-ref name="SubSend" ref="0x2b6106e98e60" scoped=""/></type-interface>
      <instance>
        <interfacedef-ref nicename="Send" qname="Send"/>
      </instance>
      <interface-functions>
        <function-ref name="send" ref="0x2b6106e97210" scoped=""/>
        <function-ref name="getPayload" ref="0x2b6106e973a0" scoped=""/>
        <function-ref name="maxPayloadLength" ref="0x2b6106e97530" scoped=""/>
        <function-ref name="cancel" ref="0x2b6106e976c0" scoped=""/>
        <function-ref name="sendDone" ref="0x2b6106e97850" scoped=""/>
      </interface-functions>
    </interface><interface loc="40:/opt/tinyos-release-tinyos-2_1_2//tos/chips/cc2420/unique/UniqueSendP.nc" name="Send" provided="1" ref="0x2b6106e9ba30">
      <component-ref nicename="UniqueSendP" qname="UniqueSendP"/>
      <type-interface alignment="I:2" size="I:2"><interface-ref name="Send" ref="0x2b6106e9ba30" scoped=""/></type-interface>
      <instance>
        <interfacedef-ref nicename="Send" qname="Send"/>
      </instance>
      <interface-functions>
        <function-ref name="send" ref="0x2b6106e9bdb0" scoped=""/>
        <function-ref name="getPayload" ref="0x2b6106e98020" scoped=""/>
        <function-ref name="maxPayloadLength" ref="0x2b6106e981b0" scoped=""/>
        <function-ref name="cancel" ref="0x2b6106e98340" scoped=""/>
        <function-ref name="sendDone" ref="0x2b6106e984d0" scoped=""/>
      </interface-functions>
    </interface><interface loc="47:/opt/tinyos-release-tinyos-2_1_2//tos/chips/cc2420/unique/UniqueSendP.nc" name="Random" provided="0" ref="0x2b6106e968f0">
      <component-ref nicename="UniqueSendP" qname="UniqueSendP"/>
      <type-interface alignment="I:2" size="I:2"><interface-ref name="Random" ref="0x2b6106e968f0" scoped=""/></type-interface>
      <instance>
        <interfacedef-ref nicename="Random" qname="Random"/>
      </instance>
      <interface-functions>
        <function-ref name="rand16" ref="0x2b6106e96c70" scoped=""/>
        <function-ref name="rand32" ref="0x2b6106e96e00" scoped=""/>
      </interface-functions>
    </interface><interface loc="41:/opt/tinyos-release-tinyos-2_1_2//tos/chips/cc2420/unique/UniqueSendP.nc" name="Init" provided="1" ref="0x2b6106e98750">
      <component-ref nicename="UniqueSendP" qname="UniqueSendP"/>
      <type-interface alignment="I:2" size="I:2"><interface-ref name="Init" ref="0x2b6106e98750" scoped=""/></type-interface>
      <instance>
        <interfacedef-ref nicename="Init" qname="Init"/>
      </instance>
      <interface-functions>
        <function-ref name="init" ref="0x2b6106e98ad0" scoped=""/>
      </interface-functions>
    </interface><interface loc="48:/opt/tinyos-release-tinyos-2_1_2//tos/chips/cc2420/unique/UniqueSendP.nc" name="CC2420PacketBody" provided="0" ref="0x2b6106e95170">
      <component-ref nicename="UniqueSendP" qname="UniqueSendP"/>
      <type-interface alignment="I:2" size="I:2"><interface-ref name="CC2420PacketBody" ref="0x2b6106e95170" scoped=""/></type-interface>
      <instance>
        <interfacedef-ref nicename="CC2420PacketBody" qname="CC2420PacketBody"/>
      </instance>
      <interface-functions>
        <function-ref name="getPayload" ref="0x2b6106e954f0" scoped=""/>
        <function-ref name="getHeader" ref="0x2b6106e95680" scoped=""/>
        <function-ref name="getMetadata" ref="0x2b6106e95810" scoped=""/>
      </interface-functions>
    </interface><interface loc="46:/opt/tinyos-release-tinyos-2_1_2//tos/chips/cc2420/unique/UniqueSendP.nc" name="State" provided="0" ref="0x2b6106e97ae0">
      <component-ref nicename="UniqueSendP" qname="UniqueSendP"/>
      <type-interface alignment="I:2" size="I:2"><interface-ref name="State" ref="0x2b6106e97ae0" scoped=""/></type-interface>
      <instance>
        <interfacedef-ref nicename="State" qname="State"/>
      </instance>
      <interface-functions>
        <function-ref name="getState" ref="0x2b6106e97e60" scoped=""/>
        <function-ref name="toIdle" ref="0x2b6106e96020" scoped=""/>
        <function-ref name="isState" ref="0x2b6106e961b0" scoped=""/>
        <function-ref name="isIdle" ref="0x2b6106e96340" scoped=""/>
        <function-ref name="requestState" ref="0x2b6106e964d0" scoped=""/>
        <function-ref name="forceState" ref="0x2b6106e96660" scoped=""/>
      </interface-functions>
    </interface></specification><referenced/></component>