<?xml version="1.0" ?><component loc="38:/opt/tinyos-release-tinyos-2_1_2//tos/chips/cc2420/unique/UniqueSendC.nc" nicename="UniqueSendC" qname="UniqueSendC">
      <documentation loc="32:/opt/tinyos-release-tinyos-2_1_2//tos/chips/cc2420/unique/UniqueSendC.nc">
        <short>
 Generate a unique dsn byte for this outgoing packet
 This should sit at the top of the stack
 </short>
        <long>
 Generate a unique dsn byte for this outgoing packet
 This should sit at the top of the stack
 @author David Moss
</long>
      </documentation>
      <configuration/>
      <wiring>
        <wire loc="55:/opt/tinyos-release-tinyos-2_1_2//tos/chips/cc2420/unique/UniqueSendC.nc">
          <from><interface-ref name="Send" ref="0x2b6106e9d260" scoped=""/></from>
          <to><interface-ref name="Send" ref="0x2b6106e9ba30" scoped=""/></to>
        </wire>
        <wire loc="56:/opt/tinyos-release-tinyos-2_1_2//tos/chips/cc2420/unique/UniqueSendC.nc">
          <from><interface-ref name="SubSend" ref="0x2b6106e98e60" scoped=""/></from>
          <to><interface-ref name="SubSend" ref="0x2b6106e9c020" scoped=""/></to>
        </wire>
        <wire loc="58:/opt/tinyos-release-tinyos-2_1_2//tos/chips/cc2420/unique/UniqueSendC.nc">
          <from><interface-ref name="SoftwareInit" ref="0x2b6105d641b0" scoped=""/></from>
          <to><interface-ref name="Init" ref="0x2b6106e98750" scoped=""/></to>
        </wire>
        <wire loc="60:/opt/tinyos-release-tinyos-2_1_2//tos/chips/cc2420/unique/UniqueSendC.nc">
          <from><interface-ref name="State" ref="0x2b6106e97ae0" scoped=""/></from>
          <to><interface-ref name="State" ref="0x2b6106e99690" scoped=""/></to>
        </wire>
        <wire loc="61:/opt/tinyos-release-tinyos-2_1_2//tos/chips/cc2420/unique/UniqueSendC.nc">
          <from><interface-ref name="Random" ref="0x2b6106e968f0" scoped=""/></from>
          <to><interface-ref name="Random" ref="0x2b6106ebca20" scoped=""/></to>
        </wire>
        <wire loc="62:/opt/tinyos-release-tinyos-2_1_2//tos/chips/cc2420/unique/UniqueSendC.nc">
          <from><interface-ref name="CC2420PacketBody" ref="0x2b6106e95170" scoped=""/></from>
          <to><interface-ref name="CC2420PacketBody" ref="0x2b6106dec0c0" scoped=""/></to>
        </wire>
      </wiring>
    <specification><interface loc="44:/opt/tinyos-release-tinyos-2_1_2//tos/chips/cc2420/unique/UniqueSendC.nc" name="SubSend" provided="0" ref="0x2b6106e9c020">
      <component-ref nicename="UniqueSendC" qname="UniqueSendC"/>
      <type-interface alignment="I:2" size="I:2"><interface-ref name="SubSend" ref="0x2b6106e9c020" scoped=""/></type-interface>
      <instance>
        <interfacedef-ref nicename="Send" qname="Send"/>
      </instance>
      <interface-functions>
        <function-ref name="send" ref="0x2b6106e9c3a0" scoped=""/>
        <function-ref name="getPayload" ref="0x2b6106e9c530" scoped=""/>
        <function-ref name="maxPayloadLength" ref="0x2b6106e9c6c0" scoped=""/>
        <function-ref name="cancel" ref="0x2b6106e9c850" scoped=""/>
        <function-ref name="sendDone" ref="0x2b6106e9c9e0" scoped=""/>
      </interface-functions>
    </interface><interface loc="40:/opt/tinyos-release-tinyos-2_1_2//tos/chips/cc2420/unique/UniqueSendC.nc" name="Send" provided="1" ref="0x2b6106e9d260">
      <component-ref nicename="UniqueSendC" qname="UniqueSendC"/>
      <type-interface alignment="I:2" size="I:2"><interface-ref name="Send" ref="0x2b6106e9d260" scoped=""/></type-interface>
      <instance>
        <interfacedef-ref nicename="Send" qname="Send"/>
      </instance>
      <interface-functions>
        <function-ref name="send" ref="0x2b6106e9d5e0" scoped=""/>
        <function-ref name="getPayload" ref="0x2b6106e9d770" scoped=""/>
        <function-ref name="maxPayloadLength" ref="0x2b6106e9d900" scoped=""/>
        <function-ref name="cancel" ref="0x2b6106e9da90" scoped=""/>
        <function-ref name="sendDone" ref="0x2b6106e9dc20" scoped=""/>
      </interface-functions>
    </interface></specification><referenced><interface loc="45:/opt/tinyos-release-tinyos-2_1_2//tos/chips/cc2420/unique/UniqueSendP.nc" name="SubSend" provided="0" ref="0x2b6106e98e60">
      <component-ref nicename="UniqueSendP" qname="UniqueSendP"/>
      <type-interface alignment="I:2" size="I:2"><interface-ref name="SubSend" ref="0x2b6106e98e60" scoped=""/></type-interface>
      <instance>
        <interfacedef-ref nicename="Send" qname="Send"/>
      </instance>
      <interface-functions>
        <function-ref name="send" ref="0x2b6106e97210" scoped=""/>
        <function-ref name="getPayload" ref="0x2b6106e973a0" scoped=""/>
        <function-ref name="maxPayloadLength" ref="0x2b6106e97530" scoped=""/>
        <function-ref name="cancel" ref="0x2b6106e976c0" scoped=""/>
        <function-ref name="sendDone" ref="0x2b6106e97850" scoped=""/>
      </interface-functions>
    </interface><interface loc="47:/opt/tinyos-release-tinyos-2_1_2//tos/chips/cc2420/unique/UniqueSendP.nc" name="Random" provided="0" ref="0x2b6106e968f0">
      <component-ref nicename="UniqueSendP" qname="UniqueSendP"/>
      <type-interface alignment="I:2" size="I:2"><interface-ref name="Random" ref="0x2b6106e968f0" scoped=""/></type-interface>
      <instance>
        <interfacedef-ref nicename="Random" qname="Random"/>
      </instance>
      <interface-functions>
        <function-ref name="rand16" ref="0x2b6106e96c70" scoped=""/>
        <function-ref name="rand32" ref="0x2b6106e96e00" scoped=""/>
      </interface-functions>
    </interface><interface loc="40:/opt/tinyos-release-tinyos-2_1_2//tos/chips/cc2420/unique/UniqueSendP.nc" name="Send" provided="1" ref="0x2b6106e9ba30">
      <component-ref nicename="UniqueSendP" qname="UniqueSendP"/>
      <type-interface alignment="I:2" size="I:2"><interface-ref name="Send" ref="0x2b6106e9ba30" scoped=""/></type-interface>
      <instance>
        <interfacedef-ref nicename="Send" qname="Send"/>
      </instance>
      <interface-functions>
        <function-ref name="send" ref="0x2b6106e9bdb0" scoped=""/>
        <function-ref name="getPayload" ref="0x2b6106e98020" scoped=""/>
        <function-ref name="maxPayloadLength" ref="0x2b6106e981b0" scoped=""/>
        <function-ref name="cancel" ref="0x2b6106e98340" scoped=""/>
        <function-ref name="sendDone" ref="0x2b6106e984d0" scoped=""/>
      </interface-functions>
    </interface><interface loc="46:/opt/tinyos-release-tinyos-2_1_2//tos/system/RandomC.nc" name="Random" provided="1" ref="0x2b6106ebca20">
      <component-ref nicename="RandomC" qname="RandomC"/>
      <type-interface alignment="I:2" size="I:2"><interface-ref name="Random" ref="0x2b6106ebca20" scoped=""/></type-interface>
      <instance>
        <interfacedef-ref nicename="Random" qname="Random"/>
      </instance>
      <interface-functions>
        <function-ref name="rand16" ref="0x2b6106ebcda0" scoped=""/>
        <function-ref name="rand32" ref="0x2b6106eba020" scoped=""/>
      </interface-functions>
    </interface><interface loc="46:/opt/tinyos-release-tinyos-2_1_2//tos/chips/cc2420/unique/UniqueSendP.nc" name="State" provided="0" ref="0x2b6106e97ae0">
      <component-ref nicename="UniqueSendP" qname="UniqueSendP"/>
      <type-interface alignment="I:2" size="I:2"><interface-ref name="State" ref="0x2b6106e97ae0" scoped=""/></type-interface>
      <instance>
        <interfacedef-ref nicename="State" qname="State"/>
      </instance>
      <interface-functions>
        <function-ref name="getState" ref="0x2b6106e97e60" scoped=""/>
        <function-ref name="toIdle" ref="0x2b6106e96020" scoped=""/>
        <function-ref name="isState" ref="0x2b6106e961b0" scoped=""/>
        <function-ref name="isIdle" ref="0x2b6106e96340" scoped=""/>
        <function-ref name="requestState" ref="0x2b6106e964d0" scoped=""/>
        <function-ref name="forceState" ref="0x2b6106e96660" scoped=""/>
      </interface-functions>
    </interface><interface loc="43:/opt/tinyos-release-tinyos-2_1_2//tos/chips/cc2420/packet/CC2420PacketC.nc" name="CC2420PacketBody" provided="1" ref="0x2b6106dec0c0">
      <component-ref nicename="CC2420PacketC" qname="CC2420PacketC"/>
      <type-interface alignment="I:2" size="I:2"><interface-ref name="CC2420PacketBody" ref="0x2b6106dec0c0" scoped=""/></type-interface>
      <instance>
        <interfacedef-ref nicename="CC2420PacketBody" qname="CC2420PacketBody"/>
      </instance>
      <interface-functions>
        <function-ref name="getPayload" ref="0x2b6106dec440" scoped=""/>
        <function-ref name="getHeader" ref="0x2b6106dec5d0" scoped=""/>
        <function-ref name="getMetadata" ref="0x2b6106dec760" scoped=""/>
      </interface-functions>
    </interface><interface loc="41:/opt/tinyos-release-tinyos-2_1_2//tos/chips/cc2420/unique/UniqueSendP.nc" name="Init" provided="1" ref="0x2b6106e98750">
      <component-ref nicename="UniqueSendP" qname="UniqueSendP"/>
      <type-interface alignment="I:2" size="I:2"><interface-ref name="Init" ref="0x2b6106e98750" scoped=""/></type-interface>
      <instance>
        <interfacedef-ref nicename="Init" qname="Init"/>
      </instance>
      <interface-functions>
        <function-ref name="init" ref="0x2b6106e98ad0" scoped=""/>
      </interface-functions>
    </interface><interface loc="48:/opt/tinyos-release-tinyos-2_1_2//tos/chips/cc2420/unique/UniqueSendP.nc" name="CC2420PacketBody" provided="0" ref="0x2b6106e95170">
      <component-ref nicename="UniqueSendP" qname="UniqueSendP"/>
      <type-interface alignment="I:2" size="I:2"><interface-ref name="CC2420PacketBody" ref="0x2b6106e95170" scoped=""/></type-interface>
      <instance>
        <interfacedef-ref nicename="CC2420PacketBody" qname="CC2420PacketBody"/>
      </instance>
      <interface-functions>
        <function-ref name="getPayload" ref="0x2b6106e954f0" scoped=""/>
        <function-ref name="getHeader" ref="0x2b6106e95680" scoped=""/>
        <function-ref name="getMetadata" ref="0x2b6106e95810" scoped=""/>
      </interface-functions>
    </interface><interface loc="58:/opt/tinyos-release-tinyos-2_1_2//tos/system/MainC.nc" name="SoftwareInit" provided="0" ref="0x2b6105d641b0">
      <component-ref nicename="MainC" qname="MainC"/>
      <type-interface alignment="I:2" size="I:2"><interface-ref name="SoftwareInit" ref="0x2b6105d641b0" scoped=""/></type-interface>
      <instance>
        <interfacedef-ref nicename="Init" qname="Init"/>
      </instance>
      <interface-functions>
        <function-ref name="init" ref="0x2b6105d64530" scoped=""/>
      </interface-functions>
    </interface><interface loc="67:/opt/tinyos-release-tinyos-2_1_2//tos/system/StateC.nc" name="State" provided="1" ref="0x2b6106e99690">
      <component-ref nicename="UniqueSendC.StateC" qname="UniqueSendC.StateC"/>
      <type-interface alignment="I:2" size="I:2"><interface-ref name="State" ref="0x2b6106e99690" scoped=""/></type-interface>
      <instance>
        <interfacedef-ref nicename="State" qname="State"/>
      </instance>
      <interface-functions>
        <function-ref name="getState" ref="0x2b6106e99a10" scoped=""/>
        <function-ref name="toIdle" ref="0x2b6106e99ba0" scoped=""/>
        <function-ref name="isState" ref="0x2b6106e99d30" scoped=""/>
        <function-ref name="isIdle" ref="0x2b6106eeb020" scoped=""/>
        <function-ref name="requestState" ref="0x2b6106eeb1b0" scoped=""/>
        <function-ref name="forceState" ref="0x2b6106eeb340" scoped=""/>
      </interface-functions>
    </interface><component loc="38:/opt/tinyos-release-tinyos-2_1_2//tos/chips/cc2420/packet/CC2420PacketC.nc" nicename="CC2420PacketC" qname="CC2420PacketC">
      <documentation loc="32:/opt/tinyos-release-tinyos-2_1_2//tos/chips/cc2420/packet/CC2420PacketC.nc">
        <short>
 </short>
        <long>
 @author Jonathan Hui &lt;jhui@archrock.com&gt;
 @author David Moss
 @author Chad Metcalf
</long>
      </documentation>
      <configuration/>
      <wiring>
        <wire loc="58:/opt/tinyos-release-tinyos-2_1_2//tos/chips/cc2420/packet/CC2420PacketC.nc">
          <from><interface-ref name="LinkPacketMetadata" ref="0x2b6106deca70" scoped=""/></from>
          <to><interface-ref name="LinkPacketMetadata" ref="0x2b6106ddd020" scoped=""/></to>
        </wire>
        <wire loc="55:/opt/tinyos-release-tinyos-2_1_2//tos/chips/cc2420/packet/CC2420PacketC.nc">
          <from><interface-ref name="CC2420Packet" ref="0x2b6106df0680" scoped=""/></from>
          <to><interface-ref name="CC2420Packet" ref="0x2b6106de2d30" scoped=""/></to>
        </wire>
        <wire loc="59:/opt/tinyos-release-tinyos-2_1_2//tos/chips/cc2420/packet/CC2420PacketC.nc">
          <from><interface-ref name="PacketTimeStamp32khz" ref="0x2b6106deb550" scoped=""/></from>
          <to><interface-ref name="PacketTimeStamp32khz" ref="0x2b6106ddda80" scoped=""/></to>
        </wire>
        <wire loc="57:/opt/tinyos-release-tinyos-2_1_2//tos/chips/cc2420/packet/CC2420PacketC.nc">
          <from><interface-ref name="CC2420PacketBody" ref="0x2b6106dec0c0" scoped=""/></from>
          <to><interface-ref name="CC2420PacketBody" ref="0x2b6106dde640" scoped=""/></to>
        </wire>
        <wire loc="61:/opt/tinyos-release-tinyos-2_1_2//tos/chips/cc2420/packet/CC2420PacketC.nc">
          <from><interface-ref name="PacketTimeSyncOffset" ref="0x2b6106de3480" scoped=""/></from>
          <to><interface-ref name="PacketTimeSyncOffset" ref="0x2b6106dd58b0" scoped=""/></to>
        </wire>
        <wire loc="60:/opt/tinyos-release-tinyos-2_1_2//tos/chips/cc2420/packet/CC2420PacketC.nc">
          <from><interface-ref name="PacketTimeStampMilli" ref="0x2b6106de7660" scoped=""/></from>
          <to><interface-ref name="PacketTimeStampMilli" ref="0x2b6106dd9af0" scoped=""/></to>
        </wire>
        <wire loc="56:/opt/tinyos-release-tinyos-2_1_2//tos/chips/cc2420/packet/CC2420PacketC.nc">
          <from><interface-ref name="Acks" ref="0x2b6106ded6e0" scoped=""/></from>
          <to><interface-ref name="Acks" ref="0x2b6106ddfc50" scoped=""/></to>
        </wire>
        <wire loc="64:/opt/tinyos-release-tinyos-2_1_2//tos/chips/cc2420/packet/CC2420PacketC.nc">
          <from><interface-ref name="Counter" ref="0x2b6106e43020" scoped=""/></from>
          <to><interface-ref name="Counter" ref="0x2b6106568d70" scoped=""/></to>
        </wire>
        <wire loc="65:/opt/tinyos-release-tinyos-2_1_2//tos/chips/cc2420/packet/CC2420PacketC.nc">
          <from><interface-ref name="LocalTime32khz" ref="0x2b6106dd23b0" scoped=""/></from>
          <to><interface-ref name="LocalTime" ref="0x2b6106e46cf0" scoped=""/></to>
        </wire>
        <wire loc="69:/opt/tinyos-release-tinyos-2_1_2//tos/chips/cc2420/packet/CC2420PacketC.nc">
          <from><interface-ref name="LocalTimeMilli" ref="0x2b6106dd16e0" scoped=""/></from>
          <to><interface-ref name="LocalTime" ref="0x2b610621d1a0" scoped=""/></to>
        </wire>
      </wiring>
    </component><component loc="38:/opt/tinyos-release-tinyos-2_1_2//tos/chips/cc2420/unique/UniqueSendP.nc" nicename="UniqueSendP" qname="UniqueSendP" safe="">
      <documentation loc="32:/opt/tinyos-release-tinyos-2_1_2//tos/chips/cc2420/unique/UniqueSendP.nc">
        <short>
 This layer is responsible for supplying a unique data sequence number (dsn)
 to each outgoing message.</short>
        <long>
 This layer is responsible for supplying a unique data sequence number (dsn)
 to each outgoing message.
 @author David Moss
</long>
      </documentation>
      <module/>
    </component><component loc="56:/opt/tinyos-release-tinyos-2_1_2//tos/system/MainC.nc" nicename="MainC" qname="MainC">
      <documentation loc="45:/opt/tinyos-release-tinyos-2_1_2//tos/system/MainC.nc">
        <short>
 MainC is the system interface the TinyOS boot sequence.</short>
        <long>
 MainC is the system interface the TinyOS boot sequence. It wires the
 boot sequence implementation to the scheduler and hardware resources.

 @author Philip Levis
 @date   August 6 2005
 @see    TEP 107: Boot Sequence
</long>
      </documentation>
      <configuration/>
      <wiring>
        <wire loc="72:/opt/tinyos-release-tinyos-2_1_2//tos/system/MainC.nc">
          <from><interface-ref name="Boot" ref="0x2b6105d69c20" scoped=""/></from>
          <to><interface-ref name="Boot" ref="0x2b6105f1a590" scoped=""/></to>
        </wire>
        <wire loc="67:/opt/tinyos-release-tinyos-2_1_2//tos/system/MainC.nc">
          <from><interface-ref name="Scheduler" ref="0x2b6105f1ac00" scoped=""/></from>
          <to><interface-ref name="Scheduler" ref="0x2b61058673a0" scoped=""/></to>
        </wire>
        <wire loc="68:/opt/tinyos-release-tinyos-2_1_2//tos/system/MainC.nc">
          <from><interface-ref name="PlatformInit" ref="0x2b6105f336c0" scoped=""/></from>
          <to><interface-ref name="Init" ref="0x2b6105d63190" scoped=""/></to>
        </wire>
        <wire loc="71:/opt/tinyos-release-tinyos-2_1_2//tos/system/MainC.nc">
          <from><interface-ref name="SoftwareInit" ref="0x2b6105f33dc0" scoped=""/></from>
          <to><interface-ref name="SoftwareInit" ref="0x2b6105d641b0" scoped=""/></to>
        </wire>
      </wiring>
    </component><component loc="65(UniqueSendC.StateC):/opt/tinyos-release-tinyos-2_1_2//tos/system/StateC.nc" nicename="UniqueSendC.StateC" qname="UniqueSendC.StateC">
      <documentation loc="32:/opt/tinyos-release-tinyos-2_1_2//tos/types/State.h">
        <short>
 </short>
        <long>
 @author David Moss
</long>
      </documentation>
      <instance number="2">
        <component-ref nicename="StateC" qname="StateC"/>
      </instance>
      <configuration/>
      <wiring>
        <wire loc="74:/opt/tinyos-release-tinyos-2_1_2//tos/system/StateC.nc">
          <from><interface-ref name="State" ref="0x2b6106e99690" scoped=""/></from>
          <to><interface-ref name="State" ref="0x2b61067ed280" scoped=""/>
          <arguments>
            <value cst="I:2">
              <type-int alignment="I:2" cname="unsigned int" size="I:2" unsigned=""/>
            </value>
          </arguments>
          </to>
        </wire>
      </wiring>
    </component><component loc="43:/opt/tinyos-release-tinyos-2_1_2//tos/system/RandomC.nc" nicename="RandomC" qname="RandomC">
      <documentation loc="33:/opt/tinyos-release-tinyos-2_1_2//tos/system/RandomC.nc">
        <short>
 The standard TinyOS random number generator.</short>
        <long>
 The standard TinyOS random number generator. If your system requires a 
 specific random number generator, it should wire to that component
 directly. 

 @author  Barbara Hohlt 
 @author  Phil Levis 
 @date    March 1 2005
</long>
      </documentation>
      <configuration/>
      <wiring>
        <wire loc="56:/opt/tinyos-release-tinyos-2_1_2//tos/system/RandomC.nc">
          <from><interface-ref name="Random" ref="0x2b6106ebca20" scoped=""/></from>
          <to><interface-ref name="Random" ref="0x2b6106eb4a20" scoped=""/></to>
        </wire>
        <wire loc="55:/opt/tinyos-release-tinyos-2_1_2//tos/system/RandomC.nc">
          <from><interface-ref name="SeedInit" ref="0x2b6106eb8920" scoped=""/></from>
          <to><interface-ref name="SeedInit" ref="0x2b6106eb5940" scoped=""/></to>
        </wire>
        <wire loc="54:/opt/tinyos-release-tinyos-2_1_2//tos/system/RandomC.nc">
          <from><interface-ref name="Init" ref="0x2b6106ec09b0" scoped=""/></from>
          <to><interface-ref name="Init" ref="0x2b6106eb5080" scoped=""/></to>
        </wire>
        <wire loc="52:/opt/tinyos-release-tinyos-2_1_2//tos/system/RandomC.nc">
          <from><interface-ref name="SoftwareInit" ref="0x2b6105d641b0" scoped=""/></from>
          <to><interface-ref name="Init" ref="0x2b6106eb5080" scoped=""/></to>
        </wire>
      </wiring>
    </component></referenced></component>