<?xml version="1.0" ?><component abstract="" loc="46:/opt/tinyos-release-tinyos-2_1_2//tos/lib/timer/VirtualizeTimerC.nc" nicename="VirtualizeTimerC" qname="VirtualizeTimerC" safe="">
      <documentation loc="34:/opt/tinyos-release-tinyos-2_1_2//tos/lib/timer/VirtualizeTimerC.nc">
        <short>
 VirtualizeTimerC uses a single Timer to create up to 255 virtual timers.</short>
        <long>
 VirtualizeTimerC uses a single Timer to create up to 255 virtual timers.

 &lt;p&gt;See TEP102 for more details.

 @param precision_tag A type indicating the precision of the Timer being 
   virtualized.
 @param max_timers Number of virtual timers to create.

 @author Cory Sharp &lt;cssharp@eecs.berkeley.edu&gt;
</long>
      </documentation>
      <parameters>
        <typedef loc="46:/opt/tinyos-release-tinyos-2_1_2//tos/lib/timer/VirtualizeTimerC.nc" name="precision_tag" ref="0x2b6106337d90">
          <component-ref nicename="VirtualizeTimerC" qname="VirtualizeTimerC"/>
          <type-var alignment="U:" size="U:"><typedef-ref name="precision_tag" ref="0x2b6106337d90" scoped=""/></type-var>
        </typedef>
        <constant loc="46:/opt/tinyos-release-tinyos-2_1_2//tos/lib/timer/VirtualizeTimerC.nc" name="max_timers" ref="0x2b6106334110">
          <component-ref nicename="VirtualizeTimerC" qname="VirtualizeTimerC"/>
          <type-int alignment="I:2" cname="int" size="I:2"/>
        </constant>
      </parameters>
      <module/>
    <specification><interface loc="71:/opt/tinyos-release-tinyos-2_1_2//tos/lib/timer/VirtualizeTimerC.nc" name="updateFromTimer" provided="0" ref="0x2b610635bba0">
      <component-ref nicename="VirtualizeTimerC" qname="VirtualizeTimerC"/>
      <type-interface alignment="I:2" size="I:2"><interface-ref name="updateFromTimer" ref="0x2b610635bba0" scoped=""/></type-interface>
      <instance>
        <interfacedef-ref nicename="TaskBasic" qname="TaskBasic"/>
      </instance>
      <interface-functions>
        <function-ref name="postTask" ref="0x2b610635a020" scoped=""/>
        <function-ref name="runTask" ref="0x2b610635a1b0" scoped=""/>
      </interface-functions>
    </interface><interface loc="49:/opt/tinyos-release-tinyos-2_1_2//tos/lib/timer/VirtualizeTimerC.nc" name="TimerFrom" provided="0" ref="0x2b61063646e0">
      <component-ref nicename="VirtualizeTimerC" qname="VirtualizeTimerC"/>
      <type-interface alignment="I:2" size="I:2"><interface-ref name="TimerFrom" ref="0x2b61063646e0" scoped=""/></type-interface>
      <instance>
        <interfacedef-ref nicename="Timer" qname="Timer"/>
        <arguments>
          <type-var alignment="U:" size="U:"><typedef-ref name="precision_tag" ref="0x2b6106337d90" scoped=""/></type-var>
        </arguments>
      </instance>
      <interface-functions>
        <function-ref name="getNow" ref="0x2b6106360c40" scoped=""/>
        <function-ref name="fired" ref="0x2b61063621e0" scoped=""/>
        <function-ref name="startPeriodicAt" ref="0x2b6106360020" scoped=""/>
        <function-ref name="isOneShot" ref="0x2b6106362ae0" scoped=""/>
        <function-ref name="getdt" ref="0x2b610635f590" scoped=""/>
        <function-ref name="gett0" ref="0x2b610635f110" scoped=""/>
        <function-ref name="isRunning" ref="0x2b6106362660" scoped=""/>
        <function-ref name="startPeriodic" ref="0x2b6106363390" scoped=""/>
        <function-ref name="startOneShotAt" ref="0x2b6106360630" scoped=""/>
        <function-ref name="startOneShot" ref="0x2b6106363860" scoped=""/>
        <function-ref name="stop" ref="0x2b6106363d30" scoped=""/>
      </interface-functions>
    </interface><interface loc="48:/opt/tinyos-release-tinyos-2_1_2//tos/lib/timer/VirtualizeTimerC.nc" name="Timer" provided="1" ref="0x2b61063321d0">
      <component-ref nicename="VirtualizeTimerC" qname="VirtualizeTimerC"/>
      <type-interface alignment="I:2" size="I:2"><interface-ref name="Timer" ref="0x2b61063321d0" scoped=""/></type-interface>
      <instance>
        <interfacedef-ref nicename="Timer" qname="Timer"/>
        <arguments>
          <type-var alignment="U:" size="U:"><typedef-ref name="precision_tag" ref="0x2b6106337d90" scoped=""/></type-var>
        </arguments>
      </instance>
      <interface-parameters>
        <type-int alignment="I:1" cname="unsigned char" size="I:1" unsigned="">
          <typename><typedef-ref name="uint8_t" ref="0x2b6104f08160"/></typename>
        </type-int>
      </interface-parameters>
      <interface-functions>
        <function-ref name="getNow" ref="0x2b6106366630" scoped=""/>
        <function-ref name="fired" ref="0x2b6106368c30" scoped=""/>
        <function-ref name="startPeriodicAt" ref="0x2b61063679d0" scoped=""/>
        <function-ref name="isOneShot" ref="0x2b6106367550" scoped=""/>
        <function-ref name="getdt" ref="0x2b6106364020" scoped=""/>
        <function-ref name="gett0" ref="0x2b6106366ab0" scoped=""/>
        <function-ref name="isRunning" ref="0x2b61063670d0" scoped=""/>
        <function-ref name="startPeriodic" ref="0x2b6106332dc0" scoped=""/>
        <function-ref name="startOneShotAt" ref="0x2b6106366020" scoped=""/>
        <function-ref name="startOneShot" ref="0x2b61063682e0" scoped=""/>
        <function-ref name="stop" ref="0x2b61063687b0" scoped=""/>
      </interface-functions>
    </interface></specification><referenced/></component>